order_id,order_date,product_id,product_name,category,region,channel,quantity,unit_price,discount_pct,revenue,cost,profit,returned,customer_id
500000,2025-10-16,1024,Resistance Bands,Sports,North America,Website,1,73.75,0.0,73.75,46.0,27.75,0,C00521
500001,2024-10-08,1015,Face Serum,Beauty,Europe,Website,1,80.28,0.05,76.27,50.57,25.7,0,C00684
500002,2024-04-14,1017,Moisturizer,Beauty,Middle East,Website,1,177.23,0.0,177.23,77.42,99.81,0,C01060
500003,2025-03-08,1014,Hoodie,Apparel,North America,Website,2,71.73,0.1,129.11,98.86,30.25,0,C01480
500004,2024-08-11,1012,Jacket,Apparel,Europe,Mobile App,1,88.76,0.0,88.76,39.21,49.55,0,C01249
500005,2024-01-28,1012,Jacket,Apparel,Middle East,Website,1,88.76,0.1,79.88,39.21,40.67,0,C00403
500006,2025-10-27,1013,Sneakers,Apparel,Middle East,Website,1,39.27,0.2,31.42,19.98,11.44,0,C00881
500007,2025-04-04,1006,Coffee Maker,Home & Kitchen,Middle East,Website,1,110.15,0.15,93.63,67.43,26.2,1,C00914
500008,2024-01-07,1005,Air Fryer,Home & Kitchen,Europe,Mobile App,1,16.13,0.0,16.13,6.54,9.59,1,C01389
500009,2024-12-14,1023,Water Bottle,Sports,Asia Pacific,Website,1,55.97,0.0,55.97,28.38,27.59,1,C01140
500010,2024-12-10,1004,USB-C Hub,Electronics,North America,Website,1,109.12,0.0,109.12,50.08,59.04,0,C00921
500011,2024-04-09,1004,USB-C Hub,Electronics,Asia Pacific,Mobile App,1,109.12,0.0,109.12,50.08,59.04,0,C01716
500012,2025-09-10,1018,Lipstick,Beauty,Asia Pacific,Mobile App,1,41.98,0.0,41.98,27.85,14.13,0,C01082
500013,2025-04-15,1009,Vacuum Cleaner,Home & Kitchen,Middle East,Website,1,64.34,0.0,64.34,37.4,26.94,0,C01309
500014,2025-01-22,1010,T-Shirt,Apparel,North America,Mobile App,1,79.05,0.0,79.05,50.89,28.16,0,C00769
500015,2025-10-05,1005,Air Fryer,Home & Kitchen,Middle East,Marketplace,1,16.13,0.0,16.13,6.54,9.59,0,C00754
500016,2025-01-05,1023,Water Bottle,Sports,Middle East,Website,1,55.97,0.0,55.97,28.38,27.59,0,C01572
500017,2024-03-12,1001,Smart Watch,Electronics,North America,Mobile App,3,123.31,0.05,351.43,179.7,171.73,0,C01530
500018,2024-10-23,1000,Wireless Earbuds,Electronics,North America,Marketplace,1,80.93,0.1,72.84,33.09,39.75,0,C01254
500019,2024-04-13,1020,Yoga Mat,Sports,Latin America,Website,1,27.52,0.05,26.14,14.15,11.99,0,C00091
500020,2025-10-12,1015,Face Serum,Beauty,Asia Pacific,Website,3,80.28,0.0,240.84,151.71,89.13,0,C00080
500021,2024-12-29,1009,Vacuum Cleaner,Home & Kitchen,Europe,Mobile App,1,64.34,0.0,64.34,37.4,26.94,0,C00373
500022,2025-12-19,1009,Vacuum Cleaner,Home & Kitchen,North America,Mobile App,1,64.34,0.0,64.34,37.4,26.94,0,C00374
500023,2024-06-24,1019,Sunscreen,Beauty,Middle East,Mobile App,2,106.12,0.05,201.63,112.64,88.99,0,C01109
500024,2024-06-16,1004,USB-C Hub,Electronics,Latin America,Website,3,109.12,0.0,327.36,150.24,177.12,0,C00401
500025,2025-10-17,1008,Cookware Set,Home & Kitchen,Middle East,Website,2,55.01,0.0,110.02,55.64,54.38,0,C00081
500026,2024-11-28,1014,Hoodie,Apparel,North America,Website,2,71.73,0.0,143.46,98.86,44.6,1,C00061
500027,2024-02-02,1012,Jacket,Apparel,Asia Pacific,Website,1,88.76,0.1,79.88,39.21,40.67,0,C01277
500028,2024-03-08,1015,Face Serum,Beauty,Europe,Marketplace,1,80.28,0.0,80.28,50.57,29.71,0,C00812
500029,2025-08-03,1021,Dumbbells,Sports,Asia Pacific,Website,1,18.19,0.0,18.19,7.58,10.61,0,C00877
500030,2025-05-26,1022,Running Shoes,Sports,Latin America,Marketplace,1,51.96,0.2,41.57,24.41,17.16,0,C00646
500031,2025-10-20,1019,Sunscreen,Beauty,Latin America,Website,2,106.12,0.0,212.24,112.64,99.6,0,C01535
500032,2024-05-22,1022,Running Shoes,Sports,Europe,Mobile App,1,51.96,0.0,51.96,24.41,27.55,0,C01605
500033,2025-07-05,1018,Lipstick,Beauty,Asia Pacific,Mobile App,1,41.98,0.0,41.98,27.85,14.13,0,C00601
500034,2025-03-14,1023,Water Bottle,Sports,Middle East,Website,1,55.97,0.0,55.97,28.38,27.59,0,C01039
500035,2024-08-12,1012,Jacket,Apparel,Europe,Mobile App,1,88.76,0.0,88.76,39.21,49.55,0,C01709
500036,2024-04-03,1022,Running Shoes,Sports,North America,Marketplace,1,51.96,0.15,44.17,24.41,19.76,0,C00127
500037,2024-06-05,1001,Smart Watch,Electronics,Europe,Mobile App,1,123.31,0.05,117.14,59.9,57.24,0,C00313
500038,2025-03-08,1016,Shampoo,Beauty,Middle East,Website,2,24.14,0.0,48.28,19.76,28.52,0,C01493
500039,2025-01-25,1020,Yoga Mat,Sports,Middle East,Marketplace,2,27.52,0.0,55.04,28.3,26.74,0,C01395
500040,2025-06-25,1004,USB-C Hub,Electronics,Asia Pacific,Marketplace,2,109.12,0.1,196.42,100.16,96.26,0,C00313
500041,2024-01-12,1008,Cookware Set,Home & Kitchen,North America,Mobile App,2,55.01,0.1,99.02,55.64,43.38,0,C00915
500042,2025-07-03,1012,Jacket,Apparel,Asia Pacific,Mobile App,3,88.76,0.05,252.97,117.63,135.34,0,C01182
500043,2024-12-14,1011,Jeans,Apparel,North America,Website,1,48.52,0.05,46.09,26.91,19.18,0,C00128
500044,2024-06-10,1014,Hoodie,Apparel,Latin America,Website,1,71.73,0.0,71.73,49.43,22.3,0,C00981
500045,2024-09-26,1009,Vacuum Cleaner,Home & Kitchen,Middle East,Mobile App,1,64.34,0.0,64.34,37.4,26.94,0,C01515
500046,2025-06-03,1003,Laptop Stand,Electronics,North America,Marketplace,1,22.02,0.0,22.02,9.36,12.66,0,C00817
500047,2024-11-01,1012,Jacket,Apparel,Middle East,Mobile App,1,88.76,0.05,84.32,39.21,45.11,0,C00981
500048,2024-06-05,1004,USB-C Hub,Electronics,Asia Pacific,Mobile App,1,109.12,0.0,109.12,50.08,59.04,0,C00805
500049,2025-07-06,1013,Sneakers,Apparel,Middle East,Marketplace,1,39.27,0.15,33.38,19.98,13.4,0,C00814
500050,2025-09-05,1010,T-Shirt,Apparel,Asia Pacific,Website,4,79.05,0.0,316.2,203.56,112.64,0,C01368
500051,2024-04-24,1014,Hoodie,Apparel,Asia Pacific,Marketplace,1,71.73,0.0,71.73,49.43,22.3,0,C00753
500052,2024-11-10,1006,Coffee Maker,Home & Kitchen,Europe,Website,1,110.15,0.05,104.64,67.43,37.21,0,C00580
500053,2025-08-03,1015,Face Serum,Beauty,North America,Website,1,80.28,0.0,80.28,50.57,29.71,0,C00973
500054,2025-05-12,1023,Water Bottle,Sports,North America,Marketplace,2,55.97,0.05,106.34,56.76,49.58,0,C00191
500055,2025-06-29,1008,Cookware Set,Home & Kitchen,Europe,Website,1,55.01,0.0,55.01,27.82,27.19,0,C00365
500056,2025-05-01,1020,Yoga Mat,Sports,Middle East,Website,1,27.52,0.0,27.52,14.15,13.37,0,C00210
500057,2025-06-24,1012,Jacket,Apparel,Middle East,Website,2,88.76,0.0,177.52,78.42,99.1,0,C01099
500058,2024-08-04,1009,Vacuum Cleaner,Home & Kitchen,Middle East,Mobile App,2,64.34,0.0,128.68,74.8,53.88,0,C01009
500059,2025-12-07,1019,Sunscreen,Beauty,Europe,Mobile App,1,106.12,0.0,106.12,56.32,49.8,0,C00455
500060,2025-02-12,1006,Coffee Maker,Home & Kitchen,Asia Pacific,Website,1,110.15,0.0,110.15,67.43,42.72,0,C00401
500061,2025-06-13,1024,Resistance Bands,Sports,Latin America,Website,2,73.75,0.0,147.5,92.0,55.5,0,C00317
500062,2024-08-18,1024,Resistance Bands,Sports,North America,Website,1,73.75,0.0,73.75,46.0,27.75,0,C00971
500063,2025-08-25,1010,T-Shirt,Apparel,Middle East,Website,1,79.05,0.0,79.05,50.89,28.16,0,C00093
500064,2024-08-13,1009,Vacuum Cleaner,Home & Kitchen,North America,Website,2,64.34,0.0,128.68,74.8,53.88,0,C01395
500065,2025-10-08,1023,Water Bottle,Sports,North America,Website,1,55.97,0.0,55.97,28.38,27.59,0,C01108
500066,2024-02-02,1008,Cookware Set,Home & Kitchen,Asia Pacific,Website,1,55.01,0.0,55.01,27.82,27.19,0,C00513
500067,2024-08-31,1002,Bluetooth Speaker,Electronics,Asia Pacific,Mobile App,1,26.25,0.0,26.25,16.7,9.55,0,C01083
500068,2024-08-07,1024,Resistance Bands,Sports,Middle East,Website,1,73.75,0.15,62.69,46.0,16.69,0,C01032
500069,2025-08-07,1019,Sunscreen,Beauty,Middle East,Website,2,106.12,0.0,212.24,112.64,99.6,1,C01678
500070,2025-04-29,1016,Shampoo,Beauty,Latin America,Website,2,24.14,0.1,43.45,19.76,23.69,0,C01389
500071,2024-04-09,1012,Jacket,Apparel,Latin America,Website,1,88.76,0.0,88.76,39.21,49.55,0,C01027
500072,2025-02-24,1008,Cookware Set,Home & Kitchen,Latin America,Marketplace,1,55.01,0.0,55.01,27.82,27.19,0,C00793
500073,2024-02-25,1011,Jeans,Apparel,North America,Website,1,48.52,0.0,48.52,26.91,21.61,0,C01063
500074,2024-12-13,1015,Face Serum,Beauty,North America,Website,1,80.28,0.0,80.28,50.57,29.71,0,C00584
500075,2024-07-13,1014,Hoodie,Apparel,Middle East,Website,1,71.73,0.0,71.73,49.43,22.3,0,C01679
500076,2025-03-08,1007,Blender,Home & Kitchen,Europe,Website,1,29.86,0.0,29.86,18.64,11.22,0,C00744
500077,2024-09-12,1016,Shampoo,Beauty,North America,Website,1,24.14,0.05,22.93,9.88,13.05,1,C00770
500078,2025-07-17,1023,Water Bottle,Sports,North America,Website,1,55.97,0.2,44.78,28.38,16.4,0,C01272
500079,2025-07-07,1002,Bluetooth Speaker,Electronics,North America,Marketplace,1,26.25,0.0,26.25,16.7,9.55,0,C01726
500080,2024-08-30,1013,Sneakers,Apparel,Europe,Website,2,39.27,0.0,78.54,39.96,38.58,0,C00859
500081,2025-05-07,1010,T-Shirt,Apparel,Europe,Marketplace,1,79.05,0.0,79.05,50.89,28.16,0,C01197
500082,2024-03-01,1022,Running Shoes,Sports,Europe,Website,2,51.96,0.0,103.92,48.82,55.1,0,C00400
500083,2025-02-03,1020,Yoga Mat,Sports,Asia Pacific,Marketplace,1,27.52,0.0,27.52,14.15,13.37,0,C00246
500084,2025-04-10,1013,Sneakers,Apparel,Asia Pacific,Website,1,39.27,0.0,39.27,19.98,19.29,0,C01788
500085,2025-07-23,1020,Yoga Mat,Sports,Latin America,Website,2,27.52,0.0,55.04,28.3,26.74,0,C00802
500086,2024-10-30,1005,Air Fryer,Home & Kitchen,Europe,Marketplace,1,16.13,0.0,16.13,6.54,9.59,0,C00399
500087,2025-08-16,1003,Laptop Stand,Electronics,Middle East,Website,2,22.02,0.0,44.04,18.72,25.32,0,C00190
500088,2024-11-17,1004,USB-C Hub,Electronics,North America,Website,1,109.12,0.0,109.12,50.08,59.04,0,C01196
500089,2025-05-03,1009,Vacuum Cleaner,Home & Kitchen,Middle East,Marketplace,1,64.34,0.0,64.34,37.4,26.94,0,C00463
500090,2025-06-27,1013,Sneakers,Apparel,Europe,Website,4,39.27,0.0,157.08,79.92,77.16,0,C00874
500091,2025-06-04,1007,Blender,Home & Kitchen,North America,Marketplace,1,29.86,0.05,28.37,18.64,9.73,0,C01094
500092,2024-03-11,1001,Smart Watch,Electronics,Middle East,Website,2,123.31,0.0,246.62,119.8,126.82,0,C01765
500093,2024-08-28,1010,T-Shirt,Apparel,Latin America,Website,2,79.05,0.0,158.1,101.78,56.32,0,C01137
500094,2025-08-06,1022,Running Shoes,Sports,Europe,Mobile App,2,51.96,0.0,103.92,48.82,55.1,0,C00710
500095,2024-02-10,1007,Blender,Home & Kitchen,Middle East,Website,2,29.86,0.05,56.73,37.28,19.45,0,C01388
500096,2025-11-04,1010,T-Shirt,Apparel,Middle East,Mobile App,1,79.05,0.0,79.05,50.89,28.16,0,C01094
500097,2024-11-19,1005,Air Fryer,Home & Kitchen,Asia Pacific,Website,1,16.13,0.15,13.71,6.54,7.17,1,C00445
500098,2024-11-17,1015,Face Serum,Beauty,Europe,Website,2,80.28,0.0,160.56,101.14,59.42,0,C00022
500099,2024-05-14,1017,Moisturizer,Beauty,Asia Pacific,Website,2,177.23,0.05,336.74,154.84,181.9,0,C00744
500100,2024-03-15,1006,Coffee Maker,Home & Kitchen,North America,Website,2,110.15,0.2,176.24,134.86,41.38,0,C01610
500101,2025-07-30,1010,T-Shirt,Apparel,North America,Website,4,79.05,0.0,316.2,203.56,112.64,0,C01024
500102,2024-08-06,1022,Running Shoes,Sports,Middle East,Website,1,51.96,0.0,51.96,24.41,27.55,0,C01561
500103,2024-12-23,1023,Water Bottle,Sports,North America,Marketplace,1,55.97,0.0,55.97,28.38,27.59,0,C01441
500104,2025-01-13,1022,Running Shoes,Sports,Asia Pacific,Website,1,51.96,0.05,49.36,24.41,24.95,1,C01783
500105,2025-07-10,1009,Vacuum Cleaner,Home & Kitchen,Asia Pacific,Mobile App,1,64.34,0.0,64.34,37.4,26.94,0,C00501
500106,2025-10-31,1014,Hoodie,Apparel,Middle East,Website,1,71.73,0.0,71.73,49.43,22.3,0,C00787
500107,2025-07-21,1009,Vacuum Cleaner,Home & Kitchen,Asia Pacific,Marketplace,2,64.34,0.1,115.81,74.8,41.01,0,C01622
500108,2024-04-16,1014,Hoodie,Apparel,Europe,Website,1,71.73,0.1,64.56,49.43,15.13,0,C00480
500109,2024-04-19,1006,Coffee Maker,Home & Kitchen,Middle East,Website,1,110.15,0.0,110.15,67.43,42.72,0,C00076
500110,2024-10-15,1004,USB-C Hub,Electronics,Middle East,Website,1,109.12,0.0,109.12,50.08,59.04,0,C01315
500111,2024-12-17,1022,Running Shoes,Sports,Europe,Mobile App,1,51.96,0.1,46.76,24.41,22.35,0,C01553
500112,2024-09-27,1009,Vacuum Cleaner,Home & Kitchen,Middle East,Website,1,64.34,0.05,61.12,37.4,23.72,1,C01477
500113,2024-02-22,1010,T-Shirt,Apparel,North America,Mobile App,2,79.05,0.0,158.1,101.78,56.32,0,C00202
500114,2024-10-10,1019,Sunscreen,Beauty,North America,Website,1,106.12,0.0,106.12,56.32,49.8,0,C00986
500115,2024-05-13,1015,Face Serum,Beauty,Asia Pacific,Website,2,80.28,0.0,160.56,101.14,59.42,0,C01142
500116,2025-03-28,1011,Jeans,Apparel,Middle East,Mobile App,1,48.52,0.0,48.52,26.91,21.61,1,C00926
500117,2025-07-28,1000,Wireless Earbuds,Electronics,North America,Website,4,80.93,0.0,323.72,132.36,191.36,0,C00059
500118,2025-12-08,1023,Water Bottle,Sports,Europe,Mobile App,1,55.97,0.05,53.17,28.38,24.79,0,C00139
500119,2025-01-13,1015,Face Serum,Beauty,Middle East,Mobile App,1,80.28,0.0,80.28,50.57,29.71,0,C01683
500120,2025-03-16,1017,Moisturizer,Beauty,Europe,Website,1,177.23,0.0,177.23,77.42,99.81,0,C01240
500121,2025-01-08,1001,Smart Watch,Electronics,North America,Marketplace,2,123.31,0.0,246.62,119.8,126.82,0,C01518
500122,2024-08-03,1004,USB-C Hub,Electronics,Europe,Mobile App,1,109.12,0.05,103.66,50.08,53.58,0,C00001
500123,2024-12-28,1011,Jeans,Apparel,Middle East,Marketplace,1,48.52,0.15,41.24,26.91,14.33,0,C01552
500124,2025-02-20,1003,Laptop Stand,Electronics,Middle East,Mobile App,1,22.02,0.0,22.02,9.36,12.66,0,C00437
500125,2024-08-30,1010,T-Shirt,Apparel,Europe,Marketplace,2,79.05,0.0,158.1,101.78,56.32,0,C01314
500126,2024-06-30,1002,Bluetooth Speaker,Electronics,Latin America,Website,1,26.25,0.0,26.25,16.7,9.55,0,C01683
500127,2024-12-06,1024,Resistance Bands,Sports,Latin America,Mobile App,1,73.75,0.0,73.75,46.0,27.75,0,C00235
500128,2024-09-11,1007,Blender,Home & Kitchen,Asia Pacific,Website,1,29.86,0.0,29.86,18.64,11.22,0,C00892
500129,2025-12-19,1002,Bluetooth Speaker,Electronics,North America,Website,3,26.25,0.0,78.75,50.1,28.65,0,C00326
500130,2024-02-09,1015,Face Serum,Beauty,Latin America,Website,1,80.28,0.05,76.27,50.57,25.7,0,C01206
500131,2025-04-16,1018,Lipstick,Beauty,Asia Pacific,Website,1,41.98,0.0,41.98,27.85,14.13,0,C01552
500132,2024-08-21,1001,Smart Watch,Electronics,Europe,Website,1,123.31,0.0,123.31,59.9,63.41,0,C01103
500133,2024-07-16,1024,Resistance Bands,Sports,Latin America,Website,1,73.75,0.2,59.0,46.0,13.0,0,C01092
500134,2024-03-12,1006,Coffee Maker,Home & Kitchen,Asia Pacific,Website,2,110.15,0.0,220.3,134.86,85.44,1,C01582
500135,2025-06-05,1008,Cookware Set,Home & Kitchen,Latin America,Mobile App,1,55.01,0.0,55.01,27.82,27.19,0,C01276
500136,2025-07-03,1009,Vacuum Cleaner,Home & Kitchen,Asia Pacific,Marketplace,1,64.34,0.0,64.34,37.4,26.94,0,C00593
500137,2024-04-28,1024,Resistance Bands,Sports,Asia Pacific,Website,1,73.75,0.05,70.06,46.0,24.06,0,C01289
500138,2024-09-28,1007,Blender,Home & Kitchen,North America,Website,1,29.86,0.1,26.87,18.64,8.23,0,C00154
500139,2025-03-20,1006,Coffee Maker,Home & Kitchen,Asia Pacific,Mobile App,1,110.15,0.0,110.15,67.43,42.72,0,C00154
500140,2024-11-17,1001,Smart Watch,Electronics,Latin America,Mobile App,2,123.31,0.05,234.29,119.8,114.49,0,C01028
500141,2025-06-07,1000,Wireless Earbuds,Electronics,North America,Website,3,80.93,0.0,242.79,99.27,143.52,0,C00751
500142,2025-08-13,1016,Shampoo,Beauty,Europe,Website,2,24.14,0.0,48.28,19.76,28.52,0,C00521
500143,2025-12-26,1020,Yoga Mat,Sports,Latin America,Website,2,27.52,0.1,49.54,28.3,21.24,0,C00763
500144,2025-07-05,1004,USB-C Hub,Electronics,Europe,Website,1,109.12,0.05,103.66,50.08,53.58,0,C00674
500145,2024-03-12,1017,Moisturizer,Beauty,Asia Pacific,Mobile App,2,177.23,0.0,354.46,154.84,199.62,0,C01230
500146,2025-11-10,1024,Resistance Bands,Sports,North America,Mobile App,1,73.75,0.05,70.06,46.0,24.06,0,C01513
500147,2024-11-03,1010,T-Shirt,Apparel,Middle East,Website,1,79.05,0.0,79.05,50.89,28.16,0,C00518
500148,2025-02-22,1022,Running Shoes,Sports,Asia Pacific,Website,1,51.96,0.15,44.17,24.41,19.76,0,C00553
500149,2024-10-29,1004,USB-C Hub,Electronics,Middle East,Website,1,109.12,0.0,109.12,50.08,59.04,0,C00821
500150,2025-03-06,1005,Air Fryer,Home & Kitchen,Latin America,Mobile App,2,16.13,0.0,32.26,13.08,19.18,0,C00842
500151,2024-06-27,1006,Coffee Maker,Home & Kitchen,Middle East,Mobile App,2,110.15,0.0,220.3,134.86,85.44,0,C01024
500152,2025-02-19,1008,Cookware Set,Home & Kitchen,Middle East,Mobile App,2,55.01,0.0,110.02,55.64,54.38,0,C01015
500153,2024-11-07,1019,Sunscreen,Beauty,Asia Pacific,Website,1,106.12,0.05,100.81,56.32,44.49,0,C00420
500154,2025-08-16,1013,Sneakers,Apparel,Middle East,Mobile App,1,39.27,0.0,39.27,19.98,19.29,0,C00714
500155,2025-04-21,1005,Air Fryer,Home & Kitchen,Latin America,Website,1,16.13,0.15,13.71,6.54,7.17,1,C01572
500156,2024-08-06,1021,Dumbbells,Sports,Middle East,Website,1,18.19,0.0,18.19,7.58,10.61,0,C01701
500157,2024-06-22,1024,Resistance Bands,Sports,North America,Website,1,73.75,0.0,73.75,46.0,27.75,0,C00932
500158,2025-11-10,1022,Running Shoes,Sports,Middle East,Website,1,51.96,0.0,51.96,24.41,27.55,0,C00239
500159,2024-08-28,1001,Smart Watch,Electronics,Asia Pacific,Website,1,123.31,0.0,123.31,59.9,63.41,0,C00416
500160,2024-07-22,1007,Blender,Home & Kitchen,Europe,Website,1,29.86,0.0,29.86,18.64,11.22,0,C00518
500161,2024-09-07,1000,Wireless Earbuds,Electronics,Latin America,Mobile App,1,80.93,0.05,76.88,33.09,43.79,0,C00619
500162,2024-03-15,1020,Yoga Mat,Sports,Latin America,Website,1,27.52,0.0,27.52,14.15,13.37,0,C01466
500163,2025-10-06,1006,Coffee Maker,Home & Kitchen,Middle East,Website,2,110.15,0.0,220.3,134.86,85.44,0,C00593
500164,2025-12-14,1022,Running Shoes,Sports,Latin America,Website,1,51.96,0.2,41.57,24.41,17.16,0,C00340
500165,2024-09-06,1021,Dumbbells,Sports,Europe,Mobile App,2,18.19,0.1,32.74,15.16,17.58,0,C01574
500166,2024-01-06,1001,Smart Watch,Electronics,North America,Mobile App,1,123.31,0.0,123.31,59.9,63.41,0,C01457
500167,2024-08-12,1017,Moisturizer,Beauty,Europe,Mobile App,1,177.23,0.2,141.78,77.42,64.36,1,C01782
500168,2025-12-13,1003,Laptop Stand,Electronics,Middle East,Website,1,22.02,0.0,22.02,9.36,12.66,0,C01778
500169,2025-07-24,1012,Jacket,Apparel,Europe,Marketplace,2,88.76,0.0,177.52,78.42,99.1,0,C01611
500170,2024-05-04,1003,Laptop Stand,Electronics,Latin America,Website,1,22.02,0.0,22.02,9.36,12.66,0,C01231
500171,2025-04-20,1004,USB-C Hub,Electronics,Middle East,Marketplace,1,109.12,0.2,87.3,50.08,37.22,0,C00584
500172,2025-09-01,1020,Yoga Mat,Sports,Asia Pacific,Marketplace,1,27.52,0.1,24.77,14.15,10.62,0,C00486
500173,2025-03-29,1022,Running Shoes,Sports,Middle East,Mobile App,1,51.96,0.0,51.96,24.41,27.55,0,C01549
500174,2025-05-31,1018,Lipstick,Beauty,Latin America,Mobile App,1,41.98,0.15,35.68,27.85,7.83,0,C00979
500175,2025-07-15,1020,Yoga Mat,Sports,Latin America,Marketplace,2,27.52,0.0,55.04,28.3,26.74,0,C01201
500176,2025-05-01,1007,Blender,Home & Kitchen,Latin America,Website,2,29.86,0.0,59.72,37.28,22.44,0,C00315
500177,2024-09-10,1011,Jeans,Apparel,Asia Pacific,Mobile App,1,48.52,0.05,46.09,26.91,19.18,0,C00384
500178,2025-06-17,1004,USB-C Hub,Electronics,Latin America,Mobile App,1,109.12,0.0,109.12,50.08,59.04,0,C01505
500179,2024-10-08,1015,Face Serum,Beauty,Latin America,Website,1,80.28,0.0,80.28,50.57,29.71,0,C01143
500180,2024-10-19,1024,Resistance Bands,Sports,Europe,Website,2,73.75,0.15,125.38,92.0,33.38,0,C01744
500181,2024-11-23,1024,Resistance Bands,Sports,Middle East,Website,2,73.75,0.0,147.5,92.0,55.5,0,C00460
500182,2024-06-03,1010,T-Shirt,Apparel,Europe,Website,1,79.05,0.0,79.05,50.89,28.16,0,C00250
500183,2024-06-05,1007,Blender,Home & Kitchen,Europe,Website,1,29.86,0.1,26.87,18.64,8.23,0,C00005
500184,2025-02-21,1023,Water Bottle,Sports,Asia Pacific,Mobile App,1,55.97,0.05,53.17,28.38,24.79,0,C00674
500185,2025-03-01,1003,Laptop Stand,Electronics,North America,Website,1,22.02,0.1,19.82,9.36,10.46,0,C00429
500186,2025-03-06,1003,Laptop Stand,Electronics,Latin America,Marketplace,1,22.02,0.0,22.02,9.36,12.66,0,C00754
500187,2025-08-21,1004,USB-C Hub,Electronics,North America,Marketplace,1,109.12,0.0,109.12,50.08,59.04,0,C00800
500188,2025-08-12,1023,Water Bottle,Sports,Latin America,Website,2,55.97,0.15,95.15,56.76,38.39,0,C01002
500189,2024-12-26,1008,Cookware Set,Home & Kitchen,Asia Pacific,Mobile App,1,55.01,0.0,55.01,27.82,27.19,0,C00608
500190,2025-03-05,1021,Dumbbells,Sports,Middle East,Mobile App,1,18.19,0.0,18.19,7.58,10.61,0,C01002
500191,2025-07-13,1005,Air Fryer,Home & Kitchen,Middle East,Marketplace,1,16.13,0.0,16.13,6.54,9.59,0,C01049
500192,2025-05-14,1007,Blender,Home & Kitchen,Europe,Website,1,29.86,0.0,29.86,18.64,11.22,0,C00187
500193,2025-05-12,1002,Bluetooth Speaker,Electronics,North America,Website,1,26.25,0.0,26.25,16.7,9.55,0,C00981
500194,2025-11-15,1010,T-Shirt,Apparel,Latin America,Mobile App,2,79.05,0.05,150.2,101.78,48.42,0,C01684
500195,2025-04-23,1013,Sneakers,Apparel,Europe,Marketplace,1,39.27,0.1,35.34,19.98,15.36,0,C00148
500196,2025-06-30,1005,Air Fryer,Home & Kitchen,North America,Marketplace,1,16.13,0.2,12.9,6.54,6.36,0,C00187
500197,2025-08-29,1008,Cookware Set,Home & Kitchen,Middle East,Mobile App,2,55.01,0.2,88.02,55.64,32.38,0,C01205
500198,2024-03-26,1016,Shampoo,Beauty,Latin America,Website,1,24.14,0.0,24.14,9.88,14.26,0,C00778
500199,2025-04-17,1002,Bluetooth Speaker,Electronics,Europe,Website,1,26.25,0.0,26.25,16.7,9.55,0,C01712
500200,2025-01-23,1021,Dumbbells,Sports,Asia Pacific,Website,2,18.19,0.0,36.38,15.16,21.22,0,C00036
500201,2024-11-30,1014,Hoodie,Apparel,Asia Pacific,Mobile App,2,71.73,0.0,143.46,98.86,44.6,0,C01551
500202,2025-01-23,1005,Air Fryer,Home & Kitchen,Asia Pacific,Mobile App,1,16.13,0.1,14.52,6.54,7.98,0,C01748
500203,2025-03-07,1022,Running Shoes,Sports,Asia Pacific,Mobile App,1,51.96,0.0,51.96,24.41,27.55,0,C00852
500204,2025-04-26,1001,Smart Watch,Electronics,North America,Mobile App,1,123.31,0.05,117.14,59.9,57.24,0,C00111
500205,2024-02-23,1001,Smart Watch,Electronics,Asia Pacific,Website,1,123.31,0.0,123.31,59.9,63.41,0,C00806
500206,2024-03-11,1008,Cookware Set,Home & Kitchen,North America,Mobile App,2,55.01,0.0,110.02,55.64,54.38,0,C01653
500207,2024-09-10,1022,Running Shoes,Sports,Europe,Mobile App,1,51.96,0.0,51.96,24.41,27.55,0,C01188
500208,2025-09-28,1010,T-Shirt,Apparel,Europe,Website,1,79.05,0.0,79.05,50.89,28.16,0,C01465
500209,2025-04-29,1012,Jacket,Apparel,North America,Mobile App,1,88.76,0.1,79.88,39.21,40.67,0,C01659
500210,2024-08-11,1020,Yoga Mat,Sports,Latin America,Mobile App,1,27.52,0.05,26.14,14.15,11.99,0,C00599
500211,2025-01-12,1001,Smart Watch,Electronics,Europe,Mobile App,1,123.31,0.0,123.31,59.9,63.41,0,C01511
500212,2024-04-27,1007,Blender,Home & Kitchen,Europe,Marketplace,1,29.86,0.1,26.87,18.64,8.23,0,C01049
500213,2024-04-20,1003,Laptop Stand,Electronics,Middle East,Website,1,22.02,0.0,22.02,9.36,12.66,0,C00778
500214,2024-11-15,1019,Sunscreen,Beauty,Middle East,Mobile App,1,106.12,0.0,106.12,56.32,49.8,0,C00839
500215,2025-01-19,1024,Resistance Bands,Sports,Latin America,Marketplace,4,73.75,0.05,280.25,184.0,96.25,1,C01554
500216,2024-07-22,1024,Resistance Bands,Sports,North America,Mobile App,1,73.75,0.0,73.75,46.0,27.75,0,C00813
500217,2025-10-04,1013,Sneakers,Apparel,Europe,Website,1,39.27,0.0,39.27,19.98,19.29,0,C00891
500218,2024-11-04,1008,Cookware Set,Home & Kitchen,Middle East,Mobile App,1,55.01,0.0,55.01,27.82,27.19,0,C01367
500219,2025-08-02,1004,USB-C Hub,Electronics,North America,Website,1,109.12,0.0,109.12,50.08,59.04,0,C01114
500220,2025-03-14,1006,Coffee Maker,Home & Kitchen,Asia Pacific,Website,1,110.15,0.0,110.15,67.43,42.72,0,C01265
500221,2025-10-25,1017,Moisturizer,Beauty,Asia Pacific,Website,1,177.23,0.0,177.23,77.42,99.81,0,C01426
500222,2025-03-06,1002,Bluetooth Speaker,Electronics,Latin America,Website,3,26.25,0.0,78.75,50.1,28.65,0,C01093
500223,2025-01-05,1006,Coffee Maker,Home & Kitchen,Latin America,Mobile App,2,110.15,0.0,220.3,134.86,85.44,0,C01098
500224,2025-03-21,1014,Hoodie,Apparel,Europe,Mobile App,1,71.73,0.05,68.14,49.43,18.71,0,C01123
500225,2025-10-28,1020,Yoga Mat,Sports,Asia Pacific,Mobile App,2,27.52,0.15,46.78,28.3,18.48,0,C01715
500226,2025-07-05,1011,Jeans,Apparel,Latin America,Website,1,48.52,0.0,48.52,26.91,21.61,0,C01139
500227,2025-08-29,1009,Vacuum Cleaner,Home & Kitchen,Asia Pacific,Website,1,64.34,0.1,57.91,37.4,20.51,1,C00464
500228,2024-09-08,1012,Jacket,Apparel,North America,Website,1,88.76,0.0,88.76,39.21,49.55,0,C01048
500229,2025-04-06,1015,Face Serum,Beauty,Europe,Mobile App,1,80.28,0.0,80.28,50.57,29.71,0,C01373
500230,2025-08-06,1022,Running Shoes,Sports,Middle East,Mobile App,1,51.96,0.0,51.96,24.41,27.55,0,C00597
500231,2024-12-10,1020,Yoga Mat,Sports,North America,Website,2,27.52,0.1,49.54,28.3,21.24,0,C00895
500232,2024-11-28,1014,Hoodie,Apparel,Europe,Website,1,71.73,0.05,68.14,49.43,18.71,0,C01103
500233,2024-12-29,1014,Hoodie,Apparel,Asia Pacific,Website,2,71.73,0.0,143.46,98.86,44.6,1,C01720
500234,2025-09-02,1020,Yoga Mat,Sports,Asia Pacific,Mobile App,3,27.52,0.0,82.56,42.45,40.11,0,C00273
500235,2025-06-13,1008,Cookware Set,Home & Kitchen,Europe,Website,1,55.01,0.1,49.51,27.82,21.69,0,C00848
500236,2025-02-20,1020,Yoga Mat,Sports,Latin America,Mobile App,2,27.52,0.0,55.04,28.3,26.74,0,C00501
500237,2024-09-03,1007,Blender,Home & Kitchen,Latin America,Mobile App,1,29.86,0.05,28.37,18.64,9.73,0,C00079
500238,2025-05-17,1004,USB-C Hub,Electronics,Latin America,Mobile App,1,109.12,0.0,109.12,50.08,59.04,0,C01706
500239,2024-04-05,1010,T-Shirt,Apparel,Asia Pacific,Website,1,79.05,0.0,79.05,50.89,28.16,0,C01144
500240,2025-12-09,1005,Air Fryer,Home & Kitchen,Europe,Website,1,16.13,0.0,16.13,6.54,9.59,0,C01038
500241,2025-08-18,1015,Face Serum,Beauty,Asia Pacific,Website,2,80.28,0.0,160.56,101.14,59.42,0,C00787
500242,2025-06-27,1017,Moisturizer,Beauty,Asia Pacific,Website,1,177.23,0.0,177.23,77.42,99.81,0,C00487
500243,2025-07-17,1024,Resistance Bands,Sports,Asia Pacific,Website,2,73.75,0.0,147.5,92.0,55.5,0,C01752
500244,2025-04-09,1023,Water Bottle,Sports,Asia Pacific,Website,3,55.97,0.0,167.91,85.14,82.77,0,C01533
500245,2024-08-24,1022,Running Shoes,Sports,North America,Mobile App,2,51.96,0.0,103.92,48.82,55.1,0,C00529
500246,2024-11-19,1003,Laptop Stand,Electronics,North America,Mobile App,1,22.02,0.0,22.02,9.36,12.66,0,C01421
500247,2025-12-07,1012,Jacket,Apparel,Europe,Website,2,88.76,0.0,177.52,78.42,99.1,0,C00460
500248,2025-05-10,1004,USB-C Hub,Electronics,Asia Pacific,Mobile App,1,109.12,0.0,109.12,50.08,59.04,1,C01272
500249,2025-06-21,1007,Blender,Home & Kitchen,Middle East,Website,1,29.86,0.0,29.86,18.64,11.22,0,C01237
500250,2024-04-12,1008,Cookware Set,Home & Kitchen,Europe,Website,1,55.01,0.0,55.01,27.82,27.19,0,C01066
500251,2025-01-04,1019,Sunscreen,Beauty,Europe,Website,3,106.12,0.0,318.36,168.96,149.4,0,C01282
500252,2025-12-26,1000,Wireless Earbuds,Electronics,Middle East,Website,1,80.93,0.0,80.93,33.09,47.84,0,C01644
500253,2024-02-16,1002,Bluetooth Speaker,Electronics,North America,Mobile App,1,26.25,0.0,26.25,16.7,9.55,0,C00284
500254,2025-12-15,1015,Face Serum,Beauty,Europe,Mobile App,1,80.28,0.0,80.28,50.57,29.71,0,C00221
500255,2025-05-17,1016,Shampoo,Beauty,North America,Marketplace,1,24.14,0.0,24.14,9.88,14.26,0,C00772
500256,2025-08-10,1003,Laptop Stand,Electronics,Asia Pacific,Website,2,22.02,0.0,44.04,18.72,25.32,0,C00836
500257,2025-03-27,1018,Lipstick,Beauty,Asia Pacific,Website,1,41.98,0.05,39.88,27.85,12.03,0,C01138
500258,2024-02-22,1009,Vacuum Cleaner,Home & Kitchen,Asia Pacific,Marketplace,1,64.34,0.0,64.34,37.4,26.94,0,C00325
500259,2025-05-04,1001,Smart Watch,Electronics,North America,Mobile App,2,123.31,0.0,246.62,119.8,126.82,0,C01469
500260,2025-02-14,1009,Vacuum Cleaner,Home & Kitchen,Latin America,Website,3,64.34,0.0,193.02,112.2,80.82,0,C00694
500261,2025-10-06,1003,Laptop Stand,Electronics,North America,Website,1,22.02,0.2,17.62,9.36,8.26,1,C01395
500262,2025-07-30,1007,Blender,Home & Kitchen,Asia Pacific,Website,1,29.86,0.1,26.87,18.64,8.23,0,C01412
500263,2024-09-11,1010,T-Shirt,Apparel,North America,Mobile App,1,79.05,0.0,79.05,50.89,28.16,0,C00795
500264,2025-03-02,1007,Blender,Home & Kitchen,Middle East,Mobile App,2,29.86,0.0,59.72,37.28,22.44,0,C01062
500265,2025-09-25,1000,Wireless Earbuds,Electronics,Europe,Mobile App,2,80.93,0.0,161.86,66.18,95.68,0,C01375
500266,2025-01-24,1014,Hoodie,Apparel,Latin America,Marketplace,1,71.73,0.0,71.73,49.43,22.3,0,C00314
500267,2024-10-31,1020,Yoga Mat,Sports,Middle East,Marketplace,1,27.52,0.0,27.52,14.15,13.37,0,C01755
500268,2024-11-08,1006,Coffee Maker,Home & Kitchen,Middle East,Mobile App,1,110.15,0.0,110.15,67.43,42.72,0,C01785
500269,2025-09-16,1016,Shampoo,Beauty,North America,Marketplace,1,24.14,0.0,24.14,9.88,14.26,0,C00640
500270,2024-07-31,1015,Face Serum,Beauty,Europe,Website,1,80.28,0.15,68.24,50.57,17.67,0,C01115
500271,2024-03-24,1020,Yoga Mat,Sports,Europe,Website,1,27.52,0.0,27.52,14.15,13.37,0,C01324
500272,2025-07-19,1021,Dumbbells,Sports,North America,Website,1,18.19,0.0,18.19,7.58,10.61,0,C00550
500273,2025-02-22,1012,Jacket,Apparel,Latin America,Mobile App,1,88.76,0.0,88.76,39.21,49.55,0,C01135
500274,2025-04-26,1019,Sunscreen,Beauty,Asia Pacific,Website,1,106.12,0.0,106.12,56.32,49.8,0,C00838
500275,2024-10-22,1008,Cookware Set,Home & Kitchen,Asia Pacific,Mobile App,2,55.01,0.0,110.02,55.64,54.38,0,C00358
500276,2025-04-09,1002,Bluetooth Speaker,Electronics,North America,Mobile App,3,26.25,0.0,78.75,50.1,28.65,0,C00614
500277,2024-09-27,1014,Hoodie,Apparel,Middle East,Mobile App,1,71.73,0.0,71.73,49.43,22.3,0,C00665
500278,2024-07-21,1012,Jacket,Apparel,Latin America,Website,1,88.76,0.05,84.32,39.21,45.11,0,C01240
500279,2024-08-18,1016,Shampoo,Beauty,Europe,Marketplace,1,24.14,0.0,24.14,9.88,14.26,1,C00297
500280,2024-05-25,1019,Sunscreen,Beauty,North America,Website,1,106.12,0.0,106.12,56.32,49.8,0,C00439
500281,2024-11-10,1009,Vacuum Cleaner,Home & Kitchen,Middle East,Mobile App,1,64.34,0.0,64.34,37.4,26.94,0,C01360
500282,2025-08-05,1023,Water Bottle,Sports,Asia Pacific,Website,1,55.97,0.0,55.97,28.38,27.59,0,C01783
500283,2025-04-24,1014,Hoodie,Apparel,Asia Pacific,Mobile App,1,71.73,0.0,71.73,49.43,22.3,0,C00335
500284,2024-10-05,1020,Yoga Mat,Sports,Middle East,Mobile App,1,27.52,0.0,27.52,14.15,13.37,0,C01122
500285,2025-03-24,1003,Laptop Stand,Electronics,North America,Mobile App,1,22.02,0.2,17.62,9.36,8.26,0,C01417
500286,2025-03-18,1003,Laptop Stand,Electronics,Asia Pacific,Mobile App,1,22.02,0.1,19.82,9.36,10.46,0,C00188
500287,2024-01-27,1018,Lipstick,Beauty,North America,Website,1,41.98,0.1,37.78,27.85,9.93,1,C01139
500288,2025-11-21,1015,Face Serum,Beauty,Middle East,Mobile App,1,80.28,0.1,72.25,50.57,21.68,0,C00534
500289,2024-01-22,1007,Blender,Home & Kitchen,Asia Pacific,Mobile App,1,29.86,0.05,28.37,18.64,9.73,0,C01783
500290,2024-06-28,1003,Laptop Stand,Electronics,Latin America,Mobile App,1,22.02,0.15,18.72,9.36,9.36,0,C01058
500291,2025-03-28,1007,Blender,Home & Kitchen,Asia Pacific,Website,1,29.86,0.0,29.86,18.64,11.22,0,C01744
500292,2025-08-22,1020,Yoga Mat,Sports,Latin America,Mobile App,1,27.52,0.2,22.02,14.15,7.87,0,C01792
500293,2025-05-18,1018,Lipstick,Beauty,North America,Website,1,41.98,0.0,41.98,27.85,14.13,1,C00069
500294,2025-02-22,1003,Laptop Stand,Electronics,Asia Pacific,Website,2,22.02,0.0,44.04,18.72,25.32,0,C00861
500295,2024-04-17,1007,Blender,Home & Kitchen,Europe,Website,1,29.86,0.1,26.87,18.64,8.23,0,C00821
500296,2025-12-11,1020,Yoga Mat,Sports,Latin America,Website,2,27.52,0.0,55.04,28.3,26.74,0,C00214
500297,2025-02-14,1024,Resistance Bands,Sports,Middle East,Website,3,73.75,0.0,221.25,138.0,83.25,0,C01717
500298,2024-03-31,1018,Lipstick,Beauty,Asia Pacific,Website,2,41.98,0.0,83.96,55.7,28.26,0,C00445
500299,2024-04-28,1022,Running Shoes,Sports,Latin America,Marketplace,1,51.96,0.0,51.96,24.41,27.55,0,C00103
500300,2024-01-02,1013,Sneakers,Apparel,Middle East,Website,1,39.27,0.0,39.27,19.98,19.29,0,C01133
500301,2024-02-25,1001,Smart Watch,Electronics,Europe,Mobile App,1,123.31,0.0,123.31,59.9,63.41,0,C01643
500302,2025-09-29,1009,Vacuum Cleaner,Home & Kitchen,Latin America,Mobile App,1,64.34,0.05,61.12,37.4,23.72,0,C00935
500303,2024-02-22,1018,Lipstick,Beauty,Europe,Website,1,41.98,0.0,41.98,27.85,14.13,0,C00243
500304,2024-05-14,1004,USB-C Hub,Electronics,Asia Pacific,Website,1,109.12,0.05,103.66,50.08,53.58,0,C01314
500305,2025-12-16,1020,Yoga Mat,Sports,Latin America,Website,1,27.52,0.05,26.14,14.15,11.99,0,C00118
500306,2025-10-07,1010,T-Shirt,Apparel,Middle East,Mobile App,1,79.05,0.2,63.24,50.89,12.35,0,C01136
500307,2025-12-27,1021,Dumbbells,Sports,Europe,Website,1,18.19,0.0,18.19,7.58,10.61,0,C00793
500308,2024-01-15,1020,Yoga Mat,Sports,Middle East,Website,2,27.52,0.0,55.04,28.3,26.74,0,C00763
500309,2024-08-18,1003,Laptop Stand,Electronics,North America,Website,1,22.02,0.1,19.82,9.36,10.46,0,C01593
500310,2024-04-30,1010,T-Shirt,Apparel,Europe,Website,1,79.05,0.1,71.14,50.89,20.25,0,C00308
500311,2024-10-25,1018,Lipstick,Beauty,Middle East,Mobile App,2,41.98,0.0,83.96,55.7,28.26,1,C01470
500312,2025-03-01,1008,Cookware Set,Home & Kitchen,Latin America,Marketplace,2,55.01,0.0,110.02,55.64,54.38,0,C00640
500313,2024-09-06,1005,Air Fryer,Home & Kitchen,Latin America,Mobile App,1,16.13,0.0,16.13,6.54,9.59,0,C01164
500314,2025-01-27,1003,Laptop Stand,Electronics,Europe,Marketplace,1,22.02,0.0,22.02,9.36,12.66,0,C00977
500315,2025-06-04,1005,Air Fryer,Home & Kitchen,Europe,Marketplace,1,16.13,0.0,16.13,6.54,9.59,0,C00913
500316,2024-10-09,1013,Sneakers,Apparel,Latin America,Website,1,39.27,0.0,39.27,19.98,19.29,0,C00394
500317,2025-06-03,1009,Vacuum Cleaner,Home & Kitchen,Asia Pacific,Mobile App,1,64.34,0.0,64.34,37.4,26.94,0,C01014
500318,2024-10-16,1012,Jacket,Apparel,Asia Pacific,Mobile App,3,88.76,0.05,252.97,117.63,135.34,0,C00267
500319,2025-08-16,1013,Sneakers,Apparel,Latin America,Marketplace,1,39.27,0.0,39.27,19.98,19.29,0,C00839
500320,2025-04-02,1001,Smart Watch,Electronics,Middle East,Website,2,123.31,0.05,234.29,119.8,114.49,0,C01104
500321,2024-12-06,1009,Vacuum Cleaner,Home & Kitchen,Middle East,Mobile App,1,64.34,0.1,57.91,37.4,20.51,0,C01534
500322,2025-01-21,1014,Hoodie,Apparel,Latin America,Marketplace,1,71.73,0.0,71.73,49.43,22.3,0,C00139
500323,2024-07-12,1011,Jeans,Apparel,Europe,Mobile App,1,48.52,0.0,48.52,26.91,21.61,0,C00717
500324,2024-08-27,1005,Air Fryer,Home & Kitchen,Latin America,Website,1,16.13,0.0,16.13,6.54,9.59,0,C00141
500325,2025-04-29,1001,Smart Watch,Electronics,Latin America,Website,1,123.31,0.0,123.31,59.9,63.41,0,C00454
500326,2025-11-10,1006,Coffee Maker,Home & Kitchen,Europe,Website,3,110.15,0.0,330.45,202.29,128.16,0,C00268
500327,2024-02-07,1019,Sunscreen,Beauty,Europe,Mobile App,1,106.12,0.0,106.12,56.32,49.8,0,C00604
500328,2025-08-27,1012,Jacket,Apparel,Asia Pacific,Marketplace,1,88.76,0.1,79.88,39.21,40.67,0,C01597
500329,2025-03-26,1008,Cookware Set,Home & Kitchen,North America,Mobile App,1,55.01,0.0,55.01,27.82,27.19,0,C01590
500330,2025-04-12,1003,Laptop Stand,Electronics,North America,Mobile App,2,22.02,0.0,44.04,18.72,25.32,0,C00802
500331,2025-02-23,1011,Jeans,Apparel,Europe,Website,1,48.52,0.1,43.67,26.91,16.76,0,C01361
500332,2024-09-28,1005,Air Fryer,Home & Kitchen,Asia Pacific,Mobile App,2,16.13,0.05,30.65,13.08,17.57,0,C00393
500333,2025-02-11,1012,Jacket,Apparel,North America,Marketplace,1,88.76,0.0,88.76,39.21,49.55,0,C01544
500334,2025-11-21,1021,Dumbbells,Sports,Middle East,Website,2,18.19,0.15,30.92,15.16,15.76,0,C00545
500335,2024-11-20,1008,Cookware Set,Home & Kitchen,Latin America,Marketplace,1,55.01,0.0,55.01,27.82,27.19,0,C01519
500336,2024-02-06,1011,Jeans,Apparel,Middle East,Website,2,48.52,0.15,82.48,53.82,28.66,0,C01302
500337,2025-10-08,1010,T-Shirt,Apparel,Asia Pacific,Marketplace,3,79.05,0.15,201.58,152.67,48.91,0,C00842
500338,2024-04-02,1007,Blender,Home & Kitchen,Latin America,Marketplace,1,29.86,0.0,29.86,18.64,11.22,0,C00159
500339,2025-10-10,1017,Moisturizer,Beauty,North America,Website,1,177.23,0.0,177.23,77.42,99.81,0,C00382
500340,2025-12-11,1004,USB-C Hub,Electronics,Asia Pacific,Marketplace,1,109.12,0.1,98.21,50.08,48.13,0,C01305
500341,2024-02-17,1000,Wireless Earbuds,Electronics,Asia Pacific,Mobile App,1,80.93,0.0,80.93,33.09,47.84,0,C01776
500342,2024-10-27,1017,Moisturizer,Beauty,Asia Pacific,Website,2,177.23,0.0,354.46,154.84,199.62,0,C01594
500343,2024-05-29,1021,Dumbbells,Sports,Europe,Mobile App,1,18.19,0.0,18.19,7.58,10.61,0,C00955
500344,2025-08-02,1022,Running Shoes,Sports,Europe,Website,2,51.96,0.0,103.92,48.82,55.1,0,C00825
500345,2024-03-21,1006,Coffee Maker,Home & Kitchen,Middle East,Marketplace,1,110.15,0.0,110.15,67.43,42.72,0,C00376
500346,2025-09-26,1012,Jacket,Apparel,Europe,Website,2,88.76,0.0,177.52,78.42,99.1,0,C01215
500347,2025-08-20,1006,Coffee Maker,Home & Kitchen,Europe,Website,2,110.15,0.2,176.24,134.86,41.38,0,C01599
500348,2025-10-15,1006,Coffee Maker,Home & Kitchen,Asia Pacific,Website,1,110.15,0.1,99.14,67.43,31.71,0,C01424
500349,2025-11-13,1012,Jacket,Apparel,North America,Marketplace,1,88.76,0.0,88.76,39.21,49.55,0,C01127
500350,2025-04-21,1002,Bluetooth Speaker,Electronics,Asia Pacific,Mobile App,1,26.25,0.0,26.25,16.7,9.55,1,C00204
500351,2024-06-10,1017,Moisturizer,Beauty,North America,Website,1,177.23,0.05,168.37,77.42,90.95,0,C00109
500352,2024-12-19,1008,Cookware Set,Home & Kitchen,Middle East,Website,4,55.01,0.05,209.04,111.28,97.76,0,C00803
500353,2025-03-10,1022,Running Shoes,Sports,Asia Pacific,Website,2,51.96,0.0,103.92,48.82,55.1,0,C00934
500354,2024-11-05,1015,Face Serum,Beauty,Europe,Marketplace,1,80.28,0.0,80.28,50.57,29.71,0,C01373
500355,2025-05-09,1021,Dumbbells,Sports,North America,Website,2,18.19,0.0,36.38,15.16,21.22,0,C01638
500356,2025-08-08,1023,Water Bottle,Sports,Asia Pacific,Mobile App,1,55.97,0.2,44.78,28.38,16.4,0,C01404
500357,2025-12-17,1020,Yoga Mat,Sports,Asia Pacific,Website,2,27.52,0.15,46.78,28.3,18.48,0,C00626
500358,2025-11-05,1020,Yoga Mat,Sports,Latin America,Website,1,27.52,0.1,24.77,14.15,10.62,0,C01750
500359,2025-08-02,1010,T-Shirt,Apparel,North America,Marketplace,1,79.05,0.0,79.05,50.89,28.16,0,C00988
500360,2025-05-23,1003,Laptop Stand,Electronics,Asia Pacific,Mobile App,1,22.02,0.2,17.62,9.36,8.26,0,C01169
500361,2024-08-23,1015,Face Serum,Beauty,Middle East,Mobile App,1,80.28,0.0,80.28,50.57,29.71,1,C01750
500362,2024-08-12,1007,Blender,Home & Kitchen,Europe,Mobile App,1,29.86,0.0,29.86,18.64,11.22,0,C01763
500363,2025-11-25,1006,Coffee Maker,Home & Kitchen,Europe,Mobile App,1,110.15,0.0,110.15,67.43,42.72,0,C01451
500364,2025-10-04,1013,Sneakers,Apparel,North America,Website,1,39.27,0.0,39.27,19.98,19.29,0,C00573
500365,2025-03-27,1016,Shampoo,Beauty,North America,Mobile App,1,24.14,0.0,24.14,9.88,14.26,0,C00766
500366,2024-05-14,1005,Air Fryer,Home & Kitchen,North America,Marketplace,1,16.13,0.05,15.32,6.54,8.78,0,C01652
500367,2024-11-30,1012,Jacket,Apparel,Latin America,Website,1,88.76,0.15,75.45,39.21,36.24,0,C00241
500368,2024-05-15,1011,Jeans,Apparel,Middle East,Marketplace,4,48.52,0.2,155.26,107.64,47.62,0,C01710
500369,2025-01-09,1020,Yoga Mat,Sports,Middle East,Mobile App,1,27.52,0.05,26.14,14.15,11.99,0,C01503
500370,2024-10-06,1003,Laptop Stand,Electronics,Europe,Website,1,22.02,0.0,22.02,9.36,12.66,0,C01121
500371,2025-05-08,1022,Running Shoes,Sports,Asia Pacific,Mobile App,1,51.96,0.0,51.96,24.41,27.55,0,C01086
500372,2024-12-12,1005,Air Fryer,Home & Kitchen,North America,Website,1,16.13,0.0,16.13,6.54,9.59,0,C00416
500373,2024-03-18,1022,Running Shoes,Sports,Europe,Mobile App,3,51.96,0.0,155.88,73.23,82.65,0,C00264
500374,2024-08-19,1017,Moisturizer,Beauty,Latin America,Marketplace,3,177.23,0.0,531.69,232.26,299.43,0,C01616
500375,2025-07-24,1009,Vacuum Cleaner,Home & Kitchen,Asia Pacific,Website,2,64.34,0.2,102.94,74.8,28.14,0,C01462
500376,2025-02-08,1010,T-Shirt,Apparel,North America,Website,1,79.05,0.15,67.19,50.89,16.3,1,C01293
500377,2024-05-06,1022,Running Shoes,Sports,Latin America,Website,1,51.96,0.0,51.96,24.41,27.55,0,C00919
500378,2025-11-19,1010,T-Shirt,Apparel,Asia Pacific,Mobile App,2,79.05,0.0,158.1,101.78,56.32,0,C01495
500379,2025-10-15,1019,Sunscreen,Beauty,Asia Pacific,Website,1,106.12,0.15,90.2,56.32,33.88,0,C00740
500380,2024-08-27,1001,Smart Watch,Electronics,Latin America,Website,1,123.31,0.0,123.31,59.9,63.41,0,C00673
500381,2025-07-28,1016,Shampoo,Beauty,Asia Pacific,Marketplace,4,24.14,0.0,96.56,39.52,57.04,0,C01320
500382,2024-08-14,1002,Bluetooth Speaker,Electronics,North America,Mobile App,2,26.25,0.0,52.5,33.4,19.1,0,C01509
500383,2025-04-20,1010,T-Shirt,Apparel,Asia Pacific,Mobile App,1,79.05,0.0,79.05,50.89,28.16,0,C01293
500384,2024-04-29,1003,Laptop Stand,Electronics,Europe,Website,1,22.02,0.0,22.02,9.36,12.66,0,C00431
500385,2024-02-08,1004,USB-C Hub,Electronics,Asia Pacific,Marketplace,1,109.12,0.05,103.66,50.08,53.58,0,C00325
500386,2024-04-28,1005,Air Fryer,Home & Kitchen,North America,Website,2,16.13,0.0,32.26,13.08,19.18,0,C00076
500387,2025-07-04,1009,Vacuum Cleaner,Home & Kitchen,Europe,Website,1,64.34,0.1,57.91,37.4,20.51,0,C01168
500388,2025-01-14,1021,Dumbbells,Sports,Middle East,Website,1,18.19,0.0,18.19,7.58,10.61,0,C00646
500389,2024-06-07,1023,Water Bottle,Sports,Latin America,Mobile App,1,55.97,0.0,55.97,28.38,27.59,0,C01498
500390,2025-05-16,1007,Blender,Home & Kitchen,Middle East,Website,1,29.86,0.0,29.86,18.64,11.22,0,C01002
500391,2024-10-13,1003,Laptop Stand,Electronics,North America,Mobile App,1,22.02,0.0,22.02,9.36,12.66,0,C00396
500392,2024-08-10,1008,Cookware Set,Home & Kitchen,Latin America,Website,2,55.01,0.0,110.02,55.64,54.38,0,C01718
500393,2024-08-29,1000,Wireless Earbuds,Electronics,Asia Pacific,Website,1,80.93,0.1,72.84,33.09,39.75,0,C00762
500394,2025-12-03,1012,Jacket,Apparel,Asia Pacific,Mobile App,1,88.76,0.0,88.76,39.21,49.55,0,C00269
500395,2025-10-22,1022,Running Shoes,Sports,Asia Pacific,Website,4,51.96,0.0,207.84,97.64,110.2,0,C00816
500396,2024-10-09,1017,Moisturizer,Beauty,Europe,Marketplace,1,177.23,0.0,177.23,77.42,99.81,0,C00162
500397,2025-04-10,1013,Sneakers,Apparel,North America,Mobile App,2,39.27,0.0,78.54,39.96,38.58,0,C00229
500398,2025-10-19,1019,Sunscreen,Beauty,Middle East,Marketplace,3,106.12,0.0,318.36,168.96,149.4,0,C01799
500399,2024-02-21,1004,USB-C Hub,Electronics,Asia Pacific,Website,2,109.12,0.0,218.24,100.16,118.08,0,C01119
500400,2024-05-08,1004,USB-C Hub,Electronics,Middle East,Website,1,109.12,0.0,109.12,50.08,59.04,0,C00818
500401,2025-07-21,1020,Yoga Mat,Sports,Europe,Mobile App,1,27.52,0.0,27.52,14.15,13.37,0,C01085
500402,2024-08-26,1020,Yoga Mat,Sports,Asia Pacific,Mobile App,1,27.52,0.15,23.39,14.15,9.24,0,C01113
500403,2025-09-02,1020,Yoga Mat,Sports,North America,Website,1,27.52,0.1,24.77,14.15,10.62,0,C00349
500404,2024-05-28,1019,Sunscreen,Beauty,Europe,Mobile App,3,106.12,0.0,318.36,168.96,149.4,0,C01340
500405,2024-06-27,1011,Jeans,Apparel,North America,Mobile App,1,48.52,0.0,48.52,26.91,21.61,0,C00266
500406,2024-01-27,1003,Laptop Stand,Electronics,Europe,Website,3,22.02,0.05,62.76,28.08,34.68,0,C01204
500407,2024-08-31,1010,T-Shirt,Apparel,Middle East,Website,2,79.05,0.15,134.38,101.78,32.6,1,C00890
500408,2024-06-27,1005,Air Fryer,Home & Kitchen,Asia Pacific,Website,1,16.13,0.0,16.13,6.54,9.59,0,C00841
500409,2025-03-07,1022,Running Shoes,Sports,Middle East,Website,1,51.96,0.0,51.96,24.41,27.55,1,C01586
500410,2024-03-06,1013,Sneakers,Apparel,Latin America,Website,4,39.27,0.0,157.08,79.92,77.16,0,C00323
500411,2025-01-05,1017,Moisturizer,Beauty,Middle East,Mobile App,1,177.23,0.0,177.23,77.42,99.81,0,C00984
500412,2025-04-07,1014,Hoodie,Apparel,Middle East,Website,1,71.73,0.0,71.73,49.43,22.3,0,C00235
500413,2025-09-21,1012,Jacket,Apparel,North America,Mobile App,2,88.76,0.0,177.52,78.42,99.1,0,C00554
500414,2025-11-05,1001,Smart Watch,Electronics,Middle East,Website,1,123.31,0.0,123.31,59.9,63.41,0,C00221
500415,2025-10-20,1021,Dumbbells,Sports,North America,Website,2,18.19,0.0,36.38,15.16,21.22,0,C00937
500416,2025-05-05,1001,Smart Watch,Electronics,Latin America,Website,1,123.31,0.0,123.31,59.9,63.41,0,C00557
500417,2024-04-20,1003,Laptop Stand,Electronics,Latin America,Mobile App,1,22.02,0.2,17.62,9.36,8.26,0,C01521
500418,2025-03-30,1010,T-Shirt,Apparel,North America,Marketplace,1,79.05,0.0,79.05,50.89,28.16,0,C00347
500419,2024-11-25,1017,Moisturizer,Beauty,Middle East,Website,2,177.23,0.0,354.46,154.84,199.62,0,C01488
500420,2024-05-09,1012,Jacket,Apparel,Asia Pacific,Mobile App,1,88.76,0.0,88.76,39.21,49.55,0,C01032
500421,2025-08-22,1011,Jeans,Apparel,Middle East,Mobile App,2,48.52,0.0,97.04,53.82,43.22,0,C00976
500422,2025-01-25,1001,Smart Watch,Electronics,Middle East,Mobile App,1,123.31,0.05,117.14,59.9,57.24,0,C01284
500423,2025-04-09,1012,Jacket,Apparel,Middle East,Mobile App,2,88.76,0.0,177.52,78.42,99.1,0,C00063
500424,2024-04-11,1009,Vacuum Cleaner,Home & Kitchen,North America,Marketplace,1,64.34,0.05,61.12,37.4,23.72,0,C00328
500425,2025-10-28,1010,T-Shirt,Apparel,Middle East,Mobile App,1,79.05,0.0,79.05,50.89,28.16,0,C00828
500426,2024-08-08,1001,Smart Watch,Electronics,Latin America,Website,1,123.31,0.0,123.31,59.9,63.41,0,C00572
500427,2024-08-21,1023,Water Bottle,Sports,Latin America,Website,3,55.97,0.2,134.33,85.14,49.19,0,C01565
500428,2025-04-09,1021,Dumbbells,Sports,Latin America,Website,1,18.19,0.0,18.19,7.58,10.61,0,C00028
500429,2024-04-07,1019,Sunscreen,Beauty,Asia Pacific,Website,2,106.12,0.1,191.02,112.64,78.38,0,C00953
500430,2025-11-12,1008,Cookware Set,Home & Kitchen,Asia Pacific,Website,1,55.01,0.0,55.01,27.82,27.19,0,C00799
500431,2024-06-05,1015,Face Serum,Beauty,Latin America,Website,1,80.28,0.0,80.28,50.57,29.71,0,C00527
500432,2024-03-28,1007,Blender,Home & Kitchen,North America,Website,1,29.86,0.0,29.86,18.64,11.22,0,C00677
500433,2025-01-16,1000,Wireless Earbuds,Electronics,Europe,Mobile App,1,80.93,0.0,80.93,33.09,47.84,0,C01763
500434,2025-08-23,1011,Jeans,Apparel,Middle East,Mobile App,1,48.52,0.0,48.52,26.91,21.61,0,C01223
500435,2025-11-17,1018,Lipstick,Beauty,North America,Website,1,41.98,0.0,41.98,27.85,14.13,0,C00896
500436,2025-11-12,1022,Running Shoes,Sports,Latin America,Marketplace,1,51.96,0.0,51.96,24.41,27.55,0,C01037
500437,2024-02-22,1000,Wireless Earbuds,Electronics,Asia Pacific,Mobile App,1,80.93,0.0,80.93,33.09,47.84,0,C01357
500438,2024-12-26,1018,Lipstick,Beauty,North America,Mobile App,1,41.98,0.0,41.98,27.85,14.13,0,C00196
500439,2024-08-05,1016,Shampoo,Beauty,Europe,Mobile App,1,24.14,0.0,24.14,9.88,14.26,1,C01282
500440,2024-08-17,1019,Sunscreen,Beauty,North America,Website,2,106.12,0.0,212.24,112.64,99.6,0,C01165
500441,2025-07-23,1012,Jacket,Apparel,Asia Pacific,Website,1,88.76,0.0,88.76,39.21,49.55,0,C00343
500442,2024-10-12,1014,Hoodie,Apparel,Middle East,Website,1,71.73,0.0,71.73,49.43,22.3,0,C00580
500443,2025-03-15,1020,Yoga Mat,Sports,Middle East,Marketplace,2,27.52,0.05,52.29,28.3,23.99,0,C00931
500444,2025-09-28,1014,Hoodie,Apparel,Middle East,Mobile App,1,71.73,0.05,68.14,49.43,18.71,0,C01169
500445,2025-07-24,1004,USB-C Hub,Electronics,North America,Mobile App,1,109.12,0.0,109.12,50.08,59.04,0,C01287
500446,2025-11-04,1021,Dumbbells,Sports,Asia Pacific,Website,1,18.19,0.0,18.19,7.58,10.61,0,C01050
500447,2024-10-06,1022,Running Shoes,Sports,Asia Pacific,Marketplace,1,51.96,0.0,51.96,24.41,27.55,0,C01499
500448,2024-12-25,1023,Water Bottle,Sports,North America,Website,2,55.97,0.1,100.75,56.76,43.99,0,C01688
500449,2024-05-26,1018,Lipstick,Beauty,Middle East,Mobile App,2,41.98,0.15,71.37,55.7,15.67,0,C00615
500450,2024-03-12,1023,Water Bottle,Sports,Europe,Mobile App,1,55.97,0.0,55.97,28.38,27.59,0,C00097
500451,2024-02-01,1003,Laptop Stand,Electronics,North America,Mobile App,1,22.02,0.0,22.02,9.36,12.66,0,C01197
500452,2024-08-08,1003,Laptop Stand,Electronics,Latin America,Website,2,22.02,0.0,44.04,18.72,25.32,0,C00229
500453,2024-12-15,1017,Moisturizer,Beauty,Europe,Website,3,177.23,0.1,478.52,232.26,246.26,0,C00740
500454,2024-11-28,1012,Jacket,Apparel,Middle East,Mobile App,1,88.76,0.05,84.32,39.21,45.11,0,C00947
500455,2024-02-23,1016,Shampoo,Beauty,Europe,Website,1,24.14,0.05,22.93,9.88,13.05,0,C01027
500456,2025-09-24,1008,Cookware Set,Home & Kitchen,North America,Mobile App,1,55.01,0.0,55.01,27.82,27.19,0,C00985
500457,2024-10-05,1015,Face Serum,Beauty,Latin America,Mobile App,1,80.28,0.05,76.27,50.57,25.7,0,C00016
500458,2025-05-12,1002,Bluetooth Speaker,Electronics,Middle East,Website,1,26.25,0.0,26.25,16.7,9.55,0,C00466
500459,2024-10-06,1017,Moisturizer,Beauty,Europe,Mobile App,1,177.23,0.0,177.23,77.42,99.81,0,C01632
500460,2024-04-26,1006,Coffee Maker,Home & Kitchen,Asia Pacific,Website,1,110.15,0.0,110.15,67.43,42.72,0,C01647
500461,2024-10-17,1006,Coffee Maker,Home & Kitchen,Middle East,Website,1,110.15,0.1,99.14,67.43,31.71,0,C00218
500462,2025-11-14,1023,Water Bottle,Sports,Asia Pacific,Website,1,55.97,0.0,55.97,28.38,27.59,0,C01575
500463,2025-02-08,1005,Air Fryer,Home & Kitchen,Middle East,Website,2,16.13,0.05,30.65,13.08,17.57,0,C01237
500464,2024-07-28,1001,Smart Watch,Electronics,Asia Pacific,Marketplace,1,123.31,0.0,123.31,59.9,63.41,0,C01585
500465,2024-05-20,1024,Resistance Bands,Sports,Asia Pacific,Website,2,73.75,0.1,132.75,92.0,40.75,0,C01081
500466,2024-05-02,1007,Blender,Home & Kitchen,North America,Website,1,29.86,0.0,29.86,18.64,11.22,0,C01290
500467,2025-03-16,1010,T-Shirt,Apparel,Europe,Website,1,79.05,0.15,67.19,50.89,16.3,0,C01744
500468,2025-06-29,1001,Smart Watch,Electronics,Europe,Mobile App,1,123.31,0.1,110.98,59.9,51.08,0,C01457
500469,2025-11-15,1009,Vacuum Cleaner,Home & Kitchen,Asia Pacific,Website,1,64.34,0.0,64.34,37.4,26.94,0,C01469
500470,2024-02-13,1003,Laptop Stand,Electronics,Latin America,Website,2,22.02,0.0,44.04,18.72,25.32,0,C00329
500471,2024-03-20,1009,Vacuum Cleaner,Home & Kitchen,Asia Pacific,Mobile App,1,64.34,0.0,64.34,37.4,26.94,0,C00426
500472,2025-08-10,1015,Face Serum,Beauty,Latin America,Mobile App,1,80.28,0.0,80.28,50.57,29.71,0,C01686
500473,2025-03-03,1000,Wireless Earbuds,Electronics,Asia Pacific,Website,1,80.93,0.05,76.88,33.09,43.79,0,C00727
500474,2024-01-22,1000,Wireless Earbuds,Electronics,Asia Pacific,Website,1,80.93,0.0,80.93,33.09,47.84,0,C01643
500475,2025-09-24,1019,Sunscreen,Beauty,Latin America,Mobile App,1,106.12,0.1,95.51,56.32,39.19,0,C01450
500476,2025-01-05,1013,Sneakers,Apparel,North America,Website,1,39.27,0.0,39.27,19.98,19.29,0,C00117
500477,2024-04-18,1013,Sneakers,Apparel,Europe,Website,1,39.27,0.0,39.27,19.98,19.29,0,C00595
500478,2025-02-14,1016,Shampoo,Beauty,Middle East,Website,1,24.14,0.0,24.14,9.88,14.26,0,C00725
500479,2024-11-13,1012,Jacket,Apparel,Asia Pacific,Website,1,88.76,0.0,88.76,39.21,49.55,0,C01766
500480,2024-06-21,1002,Bluetooth Speaker,Electronics,North America,Mobile App,1,26.25,0.0,26.25,16.7,9.55,0,C00003
500481,2024-04-26,1021,Dumbbells,Sports,Middle East,Mobile App,1,18.19,0.0,18.19,7.58,10.61,0,C01580
500482,2024-12-23,1007,Blender,Home & Kitchen,Asia Pacific,Mobile App,2,29.86,0.2,47.78,37.28,10.5,0,C01522
500483,2025-10-22,1002,Bluetooth Speaker,Electronics,Europe,Website,1,26.25,0.05,24.94,16.7,8.24,0,C00968
500484,2024-05-29,1010,T-Shirt,Apparel,Asia Pacific,Website,1,79.05,0.05,75.1,50.89,24.21,0,C01258
500485,2025-09-08,1019,Sunscreen,Beauty,Europe,Mobile App,1,106.12,0.0,106.12,56.32,49.8,0,C01554
500486,2025-11-02,1013,Sneakers,Apparel,North America,Website,1,39.27,0.0,39.27,19.98,19.29,0,C01664
500487,2025-10-05,1019,Sunscreen,Beauty,Latin America,Website,2,106.12,0.0,212.24,112.64,99.6,0,C01767
500488,2025-07-31,1015,Face Serum,Beauty,Middle East,Website,1,80.28,0.0,80.28,50.57,29.71,0,C01584
500489,2025-08-01,1007,Blender,Home & Kitchen,Middle East,Website,1,29.86,0.2,23.89,18.64,5.25,0,C01396
500490,2025-10-04,1003,Laptop Stand,Electronics,Asia Pacific,Website,1,22.02,0.0,22.02,9.36,12.66,0,C01584
500491,2024-03-10,1018,Lipstick,Beauty,Latin America,Website,1,41.98,0.0,41.98,27.85,14.13,0,C01203
500492,2024-11-06,1024,Resistance Bands,Sports,Asia Pacific,Mobile App,2,73.75,0.0,147.5,92.0,55.5,0,C00939
500493,2024-12-26,1021,Dumbbells,Sports,Middle East,Website,1,18.19,0.05,17.28,7.58,9.7,0,C01127
500494,2025-04-17,1023,Water Bottle,Sports,Latin America,Website,1,55.97,0.1,50.37,28.38,21.99,0,C01107
500495,2025-01-12,1000,Wireless Earbuds,Electronics,Asia Pacific,Website,3,80.93,0.0,242.79,99.27,143.52,0,C01787
500496,2024-04-02,1023,Water Bottle,Sports,Middle East,Mobile App,1,55.97,0.0,55.97,28.38,27.59,0,C01657
500497,2025-01-28,1014,Hoodie,Apparel,Latin America,Mobile App,1,71.73,0.0,71.73,49.43,22.3,0,C01044
500498,2024-02-12,1008,Cookware Set,Home & Kitchen,Latin America,Marketplace,1,55.01,0.0,55.01,27.82,27.19,0,C01742
500499,2025-08-08,1002,Bluetooth Speaker,Electronics,Europe,Website,3,26.25,0.0,78.75,50.1,28.65,1,C01337
500500,2025-05-02,1004,USB-C Hub,Electronics,Middle East,Website,1,109.12,0.2,87.3,50.08,37.22,0,C00824
500501,2024-03-04,1009,Vacuum Cleaner,Home & Kitchen,Latin America,Website,1,64.34,0.0,64.34,37.4,26.94,0,C00956
500502,2024-12-17,1001,Smart Watch,Electronics,North America,Mobile App,2,123.31,0.0,246.62,119.8,126.82,0,C01784
500503,2024-06-25,1011,Jeans,Apparel,North America,Website,2,48.52,0.0,97.04,53.82,43.22,0,C00047
500504,2025-03-24,1018,Lipstick,Beauty,Latin America,Mobile App,1,41.98,0.0,41.98,27.85,14.13,0,C01193
500505,2025-09-16,1008,Cookware Set,Home & Kitchen,Europe,Website,2,55.01,0.1,99.02,55.64,43.38,0,C00002
500506,2024-10-16,1018,Lipstick,Beauty,Latin America,Website,1,41.98,0.0,41.98,27.85,14.13,0,C01183
500507,2024-12-12,1020,Yoga Mat,Sports,Middle East,Website,1,27.52,0.05,26.14,14.15,11.99,0,C01345
500508,2025-10-08,1023,Water Bottle,Sports,Asia Pacific,Website,1,55.97,0.15,47.57,28.38,19.19,0,C01101
500509,2024-04-06,1009,Vacuum Cleaner,Home & Kitchen,Middle East,Mobile App,2,64.34,0.1,115.81,74.8,41.01,0,C01310
500510,2024-10-17,1024,Resistance Bands,Sports,Asia Pacific,Mobile App,1,73.75,0.0,73.75,46.0,27.75,0,C00590
500511,2025-11-03,1024,Resistance Bands,Sports,Middle East,Marketplace,1,73.75,0.1,66.38,46.0,20.38,1,C00016
500512,2024-12-07,1017,Moisturizer,Beauty,North America,Mobile App,2,177.23,0.15,301.29,154.84,146.45,0,C01697
500513,2024-05-24,1016,Shampoo,Beauty,Asia Pacific,Website,1,24.14,0.0,24.14,9.88,14.26,0,C00015
500514,2025-11-02,1009,Vacuum Cleaner,Home & Kitchen,Latin America,Website,1,64.34,0.0,64.34,37.4,26.94,0,C01660
500515,2025-12-26,1005,Air Fryer,Home & Kitchen,North America,Website,1,16.13,0.0,16.13,6.54,9.59,0,C01790
500516,2025-01-20,1014,Hoodie,Apparel,Asia Pacific,Mobile App,1,71.73,0.05,68.14,49.43,18.71,0,C00354
500517,2025-11-17,1003,Laptop Stand,Electronics,Middle East,Website,1,22.02,0.0,22.02,9.36,12.66,0,C01135
500518,2025-11-17,1020,Yoga Mat,Sports,Latin America,Mobile App,2,27.52,0.0,55.04,28.3,26.74,0,C00069
500519,2024-01-19,1022,Running Shoes,Sports,Asia Pacific,Website,2,51.96,0.0,103.92,48.82,55.1,0,C00728
500520,2024-08-07,1018,Lipstick,Beauty,Asia Pacific,Marketplace,2,41.98,0.1,75.56,55.7,19.86,0,C01627
500521,2025-05-12,1019,Sunscreen,Beauty,Europe,Website,1,106.12,0.0,106.12,56.32,49.8,0,C00917
500522,2024-05-20,1023,Water Bottle,Sports,Europe,Website,2,55.97,0.0,111.94,56.76,55.18,0,C00544
500523,2024-04-13,1014,Hoodie,Apparel,Middle East,Mobile App,1,71.73,0.1,64.56,49.43,15.13,0,C01767
500524,2025-06-23,1013,Sneakers,Apparel,North America,Mobile App,1,39.27,0.0,39.27,19.98,19.29,0,C00943
500525,2025-09-24,1016,Shampoo,Beauty,Europe,Mobile App,2,24.14,0.0,48.28,19.76,28.52,0,C00244
500526,2024-06-06,1004,USB-C Hub,Electronics,Europe,Website,3,109.12,0.1,294.62,150.24,144.38,0,C00775
500527,2025-12-10,1020,Yoga Mat,Sports,Middle East,Mobile App,1,27.52,0.0,27.52,14.15,13.37,0,C00851
500528,2024-06-18,1018,Lipstick,Beauty,Latin America,Website,1,41.98,0.1,37.78,27.85,9.93,0,C00824
500529,2025-01-08,1012,Jacket,Apparel,Europe,Marketplace,2,88.76,0.0,177.52,78.42,99.1,0,C00793
500530,2025-09-17,1002,Bluetooth Speaker,Electronics,Asia Pacific,Mobile App,2,26.25,0.0,52.5,33.4,19.1,0,C00781
500531,2025-04-04,1020,Yoga Mat,Sports,Europe,Mobile App,1,27.52,0.0,27.52,14.15,13.37,0,C00449
500532,2024-11-12,1010,T-Shirt,Apparel,Latin America,Marketplace,1,79.05,0.05,75.1,50.89,24.21,0,C01228
500533,2024-07-17,1006,Coffee Maker,Home & Kitchen,Asia Pacific,Mobile App,2,110.15,0.0,220.3,134.86,85.44,0,C00576
500534,2025-08-07,1011,Jeans,Apparel,Latin America,Website,1,48.52,0.0,48.52,26.91,21.61,0,C00675
500535,2024-10-15,1023,Water Bottle,Sports,Latin America,Mobile App,1,55.97,0.0,55.97,28.38,27.59,0,C00515
500536,2025-03-04,1012,Jacket,Apparel,Europe,Mobile App,2,88.76,0.0,177.52,78.42,99.1,0,C00386
500537,2025-09-11,1021,Dumbbells,Sports,Europe,Marketplace,1,18.19,0.0,18.19,7.58,10.61,1,C00499
500538,2024-02-23,1019,Sunscreen,Beauty,Latin America,Marketplace,1,106.12,0.0,106.12,56.32,49.8,0,C00172
500539,2025-07-21,1005,Air Fryer,Home & Kitchen,North America,Mobile App,1,16.13,0.0,16.13,6.54,9.59,0,C00357
500540,2025-06-12,1005,Air Fryer,Home & Kitchen,North America,Website,2,16.13,0.1,29.03,13.08,15.95,0,C01544
500541,2024-06-13,1016,Shampoo,Beauty,Asia Pacific,Website,1,24.14,0.2,19.31,9.88,9.43,0,C00412
500542,2025-06-09,1020,Yoga Mat,Sports,Europe,Mobile App,1,27.52,0.0,27.52,14.15,13.37,0,C00534
500543,2024-04-03,1012,Jacket,Apparel,Europe,Mobile App,2,88.76,0.0,177.52,78.42,99.1,0,C00783
500544,2024-12-23,1017,Moisturizer,Beauty,North America,Website,1,177.23,0.2,141.78,77.42,64.36,0,C00698
500545,2025-02-09,1013,Sneakers,Apparel,Middle East,Website,2,39.27,0.0,78.54,39.96,38.58,0,C01319
500546,2025-01-30,1002,Bluetooth Speaker,Electronics,North America,Website,1,26.25,0.05,24.94,16.7,8.24,0,C00352
500547,2024-01-29,1020,Yoga Mat,Sports,Asia Pacific,Marketplace,1,27.52,0.0,27.52,14.15,13.37,0,C00452
500548,2025-10-27,1009,Vacuum Cleaner,Home & Kitchen,Asia Pacific,Mobile App,1,64.34,0.05,61.12,37.4,23.72,0,C00903
500549,2024-05-20,1001,Smart Watch,Electronics,North America,Website,1,123.31,0.0,123.31,59.9,63.41,0,C01360
500550,2025-04-28,1005,Air Fryer,Home & Kitchen,Europe,Mobile App,1,16.13,0.15,13.71,6.54,7.17,0,C01601
500551,2025-04-25,1014,Hoodie,Apparel,Latin America,Mobile App,2,71.73,0.1,129.11,98.86,30.25,0,C00299
500552,2024-03-22,1022,Running Shoes,Sports,North America,Website,1,51.96,0.0,51.96,24.41,27.55,0,C01207
500553,2024-06-02,1023,Water Bottle,Sports,Middle East,Marketplace,2,55.97,0.1,100.75,56.76,43.99,0,C00132
500554,2025-09-15,1008,Cookware Set,Home & Kitchen,Middle East,Website,1,55.01,0.0,55.01,27.82,27.19,0,C01362
500555,2024-10-22,1008,Cookware Set,Home & Kitchen,Europe,Website,1,55.01,0.0,55.01,27.82,27.19,0,C00177
500556,2024-02-18,1001,Smart Watch,Electronics,Europe,Website,2,123.31,0.15,209.63,119.8,89.83,0,C00158
500557,2025-09-29,1001,Smart Watch,Electronics,Latin America,Website,1,123.31,0.1,110.98,59.9,51.08,0,C01646
500558,2025-05-26,1012,Jacket,Apparel,Middle East,Mobile App,2,88.76,0.0,177.52,78.42,99.1,0,C01538
500559,2025-10-09,1022,Running Shoes,Sports,Middle East,Mobile App,1,51.96,0.0,51.96,24.41,27.55,1,C00834
500560,2024-05-27,1011,Jeans,Apparel,Asia Pacific,Website,1,48.52,0.05,46.09,26.91,19.18,0,C00778
500561,2025-09-21,1001,Smart Watch,Electronics,Asia Pacific,Website,2,123.31,0.2,197.3,119.8,77.5,0,C01338
500562,2025-03-02,1021,Dumbbells,Sports,Europe,Mobile App,2,18.19,0.0,36.38,15.16,21.22,0,C01309
500563,2024-03-28,1022,Running Shoes,Sports,Middle East,Marketplace,1,51.96,0.05,49.36,24.41,24.95,0,C00148
500564,2024-03-10,1002,Bluetooth Speaker,Electronics,Middle East,Mobile App,1,26.25,0.0,26.25,16.7,9.55,0,C00329
500565,2025-06-03,1022,Running Shoes,Sports,Middle East,Website,1,51.96,0.2,41.57,24.41,17.16,0,C00448
500566,2025-04-26,1003,Laptop Stand,Electronics,North America,Mobile App,1,22.02,0.0,22.02,9.36,12.66,0,C00910
500567,2025-01-17,1016,Shampoo,Beauty,Asia Pacific,Mobile App,1,24.14,0.05,22.93,9.88,13.05,0,C00877
500568,2024-12-31,1008,Cookware Set,Home & Kitchen,North America,Website,2,55.01,0.0,110.02,55.64,54.38,0,C01566
500569,2025-11-03,1022,Running Shoes,Sports,North America,Mobile App,1,51.96,0.05,49.36,24.41,24.95,0,C00999
500570,2024-12-06,1021,Dumbbells,Sports,Europe,Website,1,18.19,0.05,17.28,7.58,9.7,0,C00691
500571,2025-07-13,1020,Yoga Mat,Sports,Asia Pacific,Mobile App,2,27.52,0.1,49.54,28.3,21.24,0,C00624
500572,2024-06-28,1011,Jeans,Apparel,Latin America,Marketplace,1,48.52,0.0,48.52,26.91,21.61,0,C00762
500573,2025-05-05,1011,Jeans,Apparel,Europe,Mobile App,1,48.52,0.05,46.09,26.91,19.18,0,C00949
500574,2024-03-05,1016,Shampoo,Beauty,Latin America,Website,1,24.14,0.0,24.14,9.88,14.26,0,C00095
500575,2024-07-25,1011,Jeans,Apparel,North America,Mobile App,1,48.52,0.0,48.52,26.91,21.61,1,C00118
500576,2024-02-12,1021,Dumbbells,Sports,Asia Pacific,Marketplace,1,18.19,0.0,18.19,7.58,10.61,0,C01257
500577,2025-06-11,1017,Moisturizer,Beauty,Latin America,Marketplace,1,177.23,0.0,177.23,77.42,99.81,0,C01375
500578,2025-07-10,1001,Smart Watch,Electronics,Latin America,Website,1,123.31,0.0,123.31,59.9,63.41,0,C01686
500579,2025-10-24,1004,USB-C Hub,Electronics,Europe,Website,1,109.12,0.0,109.12,50.08,59.04,0,C01347
500580,2024-02-18,1021,Dumbbells,Sports,Asia Pacific,Website,2,18.19,0.0,36.38,15.16,21.22,0,C01747
500581,2025-01-11,1009,Vacuum Cleaner,Home & Kitchen,Latin America,Marketplace,2,64.34,0.15,109.38,74.8,34.58,0,C01389
500582,2025-03-26,1017,Moisturizer,Beauty,Latin America,Website,1,177.23,0.0,177.23,77.42,99.81,0,C01777
500583,2024-07-10,1005,Air Fryer,Home & Kitchen,Latin America,Mobile App,1,16.13,0.0,16.13,6.54,9.59,0,C00471
500584,2025-01-11,1020,Yoga Mat,Sports,Middle East,Website,1,27.52,0.05,26.14,14.15,11.99,0,C00165
500585,2024-03-25,1023,Water Bottle,Sports,Latin America,Website,1,55.97,0.0,55.97,28.38,27.59,0,C00575
500586,2025-09-08,1016,Shampoo,Beauty,Europe,Mobile App,1,24.14,0.0,24.14,9.88,14.26,1,C01284
500587,2024-11-24,1018,Lipstick,Beauty,North America,Website,1,41.98,0.0,41.98,27.85,14.13,0,C00507
500588,2025-11-07,1017,Moisturizer,Beauty,Asia Pacific,Website,2,177.23,0.05,336.74,154.84,181.9,0,C00741
500589,2025-09-09,1000,Wireless Earbuds,Electronics,Latin America,Website,1,80.93,0.05,76.88,33.09,43.79,0,C01205
500590,2025-03-30,1018,Lipstick,Beauty,Asia Pacific,Website,1,41.98,0.0,41.98,27.85,14.13,0,C01662
500591,2024-12-27,1016,Shampoo,Beauty,Middle East,Marketplace,1,24.14,0.0,24.14,9.88,14.26,0,C00667
500592,2024-10-08,1006,Coffee Maker,Home & Kitchen,North America,Website,1,110.15,0.0,110.15,67.43,42.72,0,C00276
500593,2025-10-14,1014,Hoodie,Apparel,Latin America,Website,1,71.73,0.0,71.73,49.43,22.3,0,C01219
500594,2025-11-26,1017,Moisturizer,Beauty,Europe,Marketplace,1,177.23,0.05,168.37,77.42,90.95,0,C00885
500595,2024-05-26,1012,Jacket,Apparel,Middle East,Mobile App,2,88.76,0.0,177.52,78.42,99.1,0,C00555
500596,2025-03-24,1011,Jeans,Apparel,North America,Website,1,48.52,0.0,48.52,26.91,21.61,0,C01707
500597,2024-08-29,1004,USB-C Hub,Electronics,Asia Pacific,Website,2,109.12,0.0,218.24,100.16,118.08,0,C01143
500598,2025-08-03,1003,Laptop Stand,Electronics,North America,Mobile App,2,22.02,0.0,44.04,18.72,25.32,0,C00530
500599,2025-11-26,1015,Face Serum,Beauty,Latin America,Marketplace,1,80.28,0.1,72.25,50.57,21.68,0,C01147
500600,2025-01-15,1014,Hoodie,Apparel,Latin America,Mobile App,1,71.73,0.0,71.73,49.43,22.3,0,C01180
500601,2025-08-10,1013,Sneakers,Apparel,Europe,Mobile App,1,39.27,0.15,33.38,19.98,13.4,0,C00758
500602,2025-02-11,1012,Jacket,Apparel,Asia Pacific,Mobile App,1,88.76,0.0,88.76,39.21,49.55,0,C00059
500603,2024-09-12,1014,Hoodie,Apparel,North America,Website,1,71.73,0.2,57.38,49.43,7.95,0,C00960
500604,2024-07-09,1014,Hoodie,Apparel,Latin America,Mobile App,1,71.73,0.0,71.73,49.43,22.3,0,C00010
500605,2025-07-29,1001,Smart Watch,Electronics,North America,Website,1,123.31,0.0,123.31,59.9,63.41,0,C00828
500606,2024-09-23,1019,Sunscreen,Beauty,Latin America,Website,1,106.12,0.0,106.12,56.32,49.8,0,C01694
500607,2025-09-18,1020,Yoga Mat,Sports,Asia Pacific,Mobile App,1,27.52,0.1,24.77,14.15,10.62,1,C00959
500608,2025-05-17,1009,Vacuum Cleaner,Home & Kitchen,Europe,Website,1,64.34,0.2,51.47,37.4,14.07,0,C00579
500609,2024-03-16,1000,Wireless Earbuds,Electronics,Latin America,Website,2,80.93,0.1,145.67,66.18,79.49,0,C00400
500610,2025-03-31,1012,Jacket,Apparel,North America,Mobile App,1,88.76,0.0,88.76,39.21,49.55,0,C00001
500611,2024-11-23,1019,Sunscreen,Beauty,Asia Pacific,Mobile App,1,106.12,0.15,90.2,56.32,33.88,0,C01026
500612,2025-07-17,1003,Laptop Stand,Electronics,Middle East,Website,1,22.02,0.15,18.72,9.36,9.36,0,C01214
500613,2024-11-03,1023,Water Bottle,Sports,Europe,Mobile App,3,55.97,0.0,167.91,85.14,82.77,0,C01449
500614,2025-12-18,1005,Air Fryer,Home & Kitchen,Europe,Mobile App,1,16.13,0.0,16.13,6.54,9.59,0,C01363
500615,2025-06-04,1006,Coffee Maker,Home & Kitchen,Europe,Website,1,110.15,0.0,110.15,67.43,42.72,0,C00088
500616,2024-07-24,1021,Dumbbells,Sports,Europe,Website,1,18.19,0.0,18.19,7.58,10.61,0,C00367
500617,2025-05-20,1007,Blender,Home & Kitchen,North America,Website,2,29.86,0.2,47.78,37.28,10.5,0,C01654
500618,2025-08-09,1012,Jacket,Apparel,Asia Pacific,Website,1,88.76,0.0,88.76,39.21,49.55,0,C01602
500619,2025-07-18,1009,Vacuum Cleaner,Home & Kitchen,Europe,Mobile App,1,64.34,0.0,64.34,37.4,26.94,0,C00933
500620,2024-03-29,1007,Blender,Home & Kitchen,North America,Website,1,29.86,0.15,25.38,18.64,6.74,0,C00219
500621,2025-05-05,1022,Running Shoes,Sports,Middle East,Website,2,51.96,0.0,103.92,48.82,55.1,0,C00701
500622,2025-02-23,1018,Lipstick,Beauty,Middle East,Website,1,41.98,0.2,33.58,27.85,5.73,0,C01024
500623,2024-11-20,1019,Sunscreen,Beauty,North America,Website,1,106.12,0.0,106.12,56.32,49.8,0,C01018
500624,2025-11-27,1001,Smart Watch,Electronics,Middle East,Website,1,123.31,0.0,123.31,59.9,63.41,0,C01674
500625,2025-07-18,1013,Sneakers,Apparel,Middle East,Website,1,39.27,0.0,39.27,19.98,19.29,0,C00740
500626,2024-05-12,1020,Yoga Mat,Sports,Latin America,Mobile App,1,27.52,0.15,23.39,14.15,9.24,0,C01420
500627,2024-02-26,1022,Running Shoes,Sports,North America,Mobile App,1,51.96,0.1,46.76,24.41,22.35,0,C01571
500628,2024-11-07,1011,Jeans,Apparel,Europe,Website,4,48.52,0.0,194.08,107.64,86.44,0,C00228
500629,2025-12-27,1005,Air Fryer,Home & Kitchen,Europe,Website,1,16.13,0.05,15.32,6.54,8.78,0,C01386
500630,2025-06-15,1007,Blender,Home & Kitchen,Asia Pacific,Mobile App,1,29.86,0.0,29.86,18.64,11.22,0,C01346
500631,2024-09-13,1023,Water Bottle,Sports,Europe,Mobile App,2,55.97,0.1,100.75,56.76,43.99,0,C00325
500632,2025-07-18,1017,Moisturizer,Beauty,Asia Pacific,Website,1,177.23,0.1,159.51,77.42,82.09,0,C01027
500633,2024-11-06,1008,Cookware Set,Home & Kitchen,Middle East,Mobile App,1,55.01,0.2,44.01,27.82,16.19,0,C01142
500634,2025-05-29,1013,Sneakers,Apparel,Europe,Mobile App,1,39.27,0.05,37.31,19.98,17.33,0,C00855
500635,2025-08-17,1017,Moisturizer,Beauty,Europe,Website,1,177.23,0.0,177.23,77.42,99.81,0,C00621
500636,2025-10-01,1010,T-Shirt,Apparel,Middle East,Website,2,79.05,0.05,150.2,101.78,48.42,0,C00107
500637,2025-07-31,1023,Water Bottle,Sports,North America,Mobile App,1,55.97,0.15,47.57,28.38,19.19,0,C01058
500638,2024-01-30,1006,Coffee Maker,Home & Kitchen,North America,Website,1,110.15,0.0,110.15,67.43,42.72,0,C01404
500639,2025-10-18,1024,Resistance Bands,Sports,Middle East,Website,1,73.75,0.05,70.06,46.0,24.06,0,C01243
500640,2024-08-03,1019,Sunscreen,Beauty,Middle East,Website,2,106.12,0.05,201.63,112.64,88.99,0,C01019
500641,2025-10-16,1018,Lipstick,Beauty,North America,Website,1,41.98,0.1,37.78,27.85,9.93,0,C00876
500642,2025-10-04,1020,Yoga Mat,Sports,Middle East,Website,1,27.52,0.15,23.39,14.15,9.24,0,C00220
500643,2024-11-05,1011,Jeans,Apparel,Latin America,Website,1,48.52,0.15,41.24,26.91,14.33,0,C01038
500644,2025-12-02,1013,Sneakers,Apparel,Latin America,Website,1,39.27,0.2,31.42,19.98,11.44,0,C01056
500645,2024-03-15,1000,Wireless Earbuds,Electronics,North America,Website,2,80.93,0.0,161.86,66.18,95.68,0,C00885
500646,2025-03-01,1013,Sneakers,Apparel,Latin America,Website,2,39.27,0.0,78.54,39.96,38.58,0,C01050
500647,2024-12-14,1015,Face Serum,Beauty,Middle East,Website,1,80.28,0.0,80.28,50.57,29.71,0,C00405
500648,2024-11-22,1011,Jeans,Apparel,Asia Pacific,Marketplace,3,48.52,0.1,131.0,80.73,50.27,0,C01213
500649,2024-05-13,1014,Hoodie,Apparel,Asia Pacific,Mobile App,1,71.73,0.0,71.73,49.43,22.3,0,C00238
500650,2024-04-18,1004,USB-C Hub,Electronics,Asia Pacific,Website,1,109.12,0.0,109.12,50.08,59.04,0,C00663
500651,2024-05-05,1014,Hoodie,Apparel,Asia Pacific,Website,1,71.73,0.0,71.73,49.43,22.3,0,C00600
500652,2024-05-24,1019,Sunscreen,Beauty,North America,Website,1,106.12,0.0,106.12,56.32,49.8,0,C01628
500653,2025-01-28,1003,Laptop Stand,Electronics,Middle East,Website,1,22.02,0.0,22.02,9.36,12.66,1,C00747
500654,2024-06-12,1020,Yoga Mat,Sports,Asia Pacific,Marketplace,1,27.52,0.1,24.77,14.15,10.62,0,C01364
500655,2024-11-16,1012,Jacket,Apparel,Europe,Mobile App,1,88.76,0.0,88.76,39.21,49.55,0,C00554
500656,2025-05-25,1006,Coffee Maker,Home & Kitchen,Middle East,Website,1,110.15,0.05,104.64,67.43,37.21,0,C01147
500657,2024-11-11,1002,Bluetooth Speaker,Electronics,Latin America,Website,1,26.25,0.0,26.25,16.7,9.55,0,C00614
500658,2025-02-06,1019,Sunscreen,Beauty,Middle East,Website,1,106.12,0.0,106.12,56.32,49.8,0,C01102
500659,2024-09-03,1003,Laptop Stand,Electronics,Europe,Mobile App,1,22.02,0.0,22.02,9.36,12.66,0,C01199
500660,2024-02-19,1016,Shampoo,Beauty,North America,Website,1,24.14,0.0,24.14,9.88,14.26,0,C01315
500661,2025-09-03,1020,Yoga Mat,Sports,Latin America,Website,2,27.52,0.0,55.04,28.3,26.74,0,C00008
500662,2024-01-09,1009,Vacuum Cleaner,Home & Kitchen,North America,Website,2,64.34,0.0,128.68,74.8,53.88,0,C01453
500663,2024-09-27,1004,USB-C Hub,Electronics,Asia Pacific,Mobile App,1,109.12,0.05,103.66,50.08,53.58,0,C00018
500664,2025-01-09,1003,Laptop Stand,Electronics,North America,Website,1,22.02,0.0,22.02,9.36,12.66,0,C00250
500665,2025-08-06,1020,Yoga Mat,Sports,Middle East,Website,2,27.52,0.15,46.78,28.3,18.48,0,C01090
500666,2025-07-20,1006,Coffee Maker,Home & Kitchen,Asia Pacific,Website,2,110.15,0.0,220.3,134.86,85.44,0,C01322
500667,2025-05-31,1015,Face Serum,Beauty,Latin America,Mobile App,1,80.28,0.0,80.28,50.57,29.71,0,C00623
500668,2024-10-13,1005,Air Fryer,Home & Kitchen,Middle East,Mobile App,1,16.13,0.05,15.32,6.54,8.78,0,C00979
500669,2024-05-01,1023,Water Bottle,Sports,Europe,Marketplace,1,55.97,0.05,53.17,28.38,24.79,0,C00247
500670,2025-02-07,1009,Vacuum Cleaner,Home & Kitchen,Asia Pacific,Mobile App,1,64.34,0.0,64.34,37.4,26.94,0,C00563
500671,2024-12-13,1010,T-Shirt,Apparel,Middle East,Marketplace,1,79.05,0.0,79.05,50.89,28.16,0,C01158
500672,2024-05-27,1008,Cookware Set,Home & Kitchen,Europe,Mobile App,1,55.01,0.05,52.26,27.82,24.44,0,C00888
500673,2025-02-15,1000,Wireless Earbuds,Electronics,Middle East,Website,2,80.93,0.0,161.86,66.18,95.68,0,C00764
500674,2024-02-09,1004,USB-C Hub,Electronics,Europe,Mobile App,1,109.12,0.0,109.12,50.08,59.04,0,C00483
500675,2025-04-30,1024,Resistance Bands,Sports,Middle East,Website,4,73.75,0.0,295.0,184.0,111.0,0,C01000
500676,2025-09-12,1012,Jacket,Apparel,Middle East,Website,3,88.76,0.15,226.34,117.63,108.71,0,C00509
500677,2025-09-19,1006,Coffee Maker,Home & Kitchen,Asia Pacific,Website,1,110.15,0.0,110.15,67.43,42.72,0,C00669
500678,2025-09-23,1018,Lipstick,Beauty,Asia Pacific,Mobile App,2,41.98,0.0,83.96,55.7,28.26,0,C01180
500679,2025-06-03,1002,Bluetooth Speaker,Electronics,Middle East,Mobile App,4,26.25,0.0,105.0,66.8,38.2,0,C01695
500680,2025-12-26,1011,Jeans,Apparel,Middle East,Website,1,48.52,0.0,48.52,26.91,21.61,0,C00704
500681,2024-01-18,1020,Yoga Mat,Sports,Asia Pacific,Website,1,27.52,0.0,27.52,14.15,13.37,0,C00317
500682,2024-04-22,1015,Face Serum,Beauty,Latin America,Mobile App,1,80.28,0.0,80.28,50.57,29.71,0,C01149
500683,2025-12-05,1010,T-Shirt,Apparel,North America,Mobile App,3,79.05,0.0,237.15,152.67,84.48,0,C00435
500684,2024-09-28,1003,Laptop Stand,Electronics,Middle East,Mobile App,4,22.02,0.0,88.08,37.44,50.64,0,C00269
500685,2024-02-22,1010,T-Shirt,Apparel,Middle East,Website,1,79.05,0.1,71.14,50.89,20.25,0,C00691
500686,2025-06-20,1007,Blender,Home & Kitchen,Middle East,Mobile App,1,29.86,0.2,23.89,18.64,5.25,0,C00979
500687,2025-01-24,1012,Jacket,Apparel,Europe,Mobile App,1,88.76,0.1,79.88,39.21,40.67,0,C00995
500688,2024-09-05,1024,Resistance Bands,Sports,North America,Mobile App,1,73.75,0.05,70.06,46.0,24.06,1,C00956
500689,2025-12-18,1006,Coffee Maker,Home & Kitchen,North America,Website,1,110.15,0.0,110.15,67.43,42.72,0,C01586
500690,2025-03-27,1008,Cookware Set,Home & Kitchen,Asia Pacific,Website,2,55.01,0.0,110.02,55.64,54.38,0,C00139
500691,2025-02-26,1012,Jacket,Apparel,Europe,Website,2,88.76,0.0,177.52,78.42,99.1,0,C01595
500692,2025-09-18,1011,Jeans,Apparel,Latin America,Marketplace,2,48.52,0.0,97.04,53.82,43.22,0,C01621
500693,2024-03-04,1018,Lipstick,Beauty,Europe,Mobile App,1,41.98,0.0,41.98,27.85,14.13,0,C01597
500694,2025-07-28,1022,Running Shoes,Sports,Asia Pacific,Marketplace,1,51.96,0.0,51.96,24.41,27.55,0,C00630
500695,2025-05-04,1023,Water Bottle,Sports,Middle East,Website,1,55.97,0.0,55.97,28.38,27.59,0,C01702
500696,2024-06-26,1007,Blender,Home & Kitchen,Latin America,Marketplace,1,29.86,0.0,29.86,18.64,11.22,0,C01403
500697,2024-12-16,1023,Water Bottle,Sports,Middle East,Website,2,55.97,0.2,89.55,56.76,32.79,0,C00628
500698,2025-11-28,1022,Running Shoes,Sports,Asia Pacific,Mobile App,1,51.96,0.0,51.96,24.41,27.55,1,C00602
500699,2024-07-15,1024,Resistance Bands,Sports,Europe,Website,2,73.75,0.0,147.5,92.0,55.5,0,C00390
500700,2024-11-01,1006,Coffee Maker,Home & Kitchen,Europe,Marketplace,1,110.15,0.0,110.15,67.43,42.72,0,C00803
500701,2024-10-31,1008,Cookware Set,Home & Kitchen,Asia Pacific,Mobile App,1,55.01,0.0,55.01,27.82,27.19,0,C01507
500702,2025-12-07,1023,Water Bottle,Sports,Latin America,Website,2,55.97,0.1,100.75,56.76,43.99,0,C01343
500703,2024-12-23,1013,Sneakers,Apparel,Middle East,Marketplace,2,39.27,0.15,66.76,39.96,26.8,0,C00077
500704,2024-10-07,1016,Shampoo,Beauty,Asia Pacific,Website,1,24.14,0.1,21.73,9.88,11.85,0,C01379
500705,2025-11-23,1019,Sunscreen,Beauty,Middle East,Website,1,106.12,0.15,90.2,56.32,33.88,0,C00940
500706,2025-02-08,1009,Vacuum Cleaner,Home & Kitchen,Asia Pacific,Marketplace,1,64.34,0.0,64.34,37.4,26.94,0,C00155
500707,2024-05-29,1024,Resistance Bands,Sports,Asia Pacific,Website,1,73.75,0.0,73.75,46.0,27.75,0,C00227
500708,2024-03-21,1015,Face Serum,Beauty,Asia Pacific,Marketplace,2,80.28,0.0,160.56,101.14,59.42,0,C00150
500709,2025-11-02,1018,Lipstick,Beauty,Asia Pacific,Mobile App,1,41.98,0.2,33.58,27.85,5.73,0,C01635
500710,2024-08-07,1008,Cookware Set,Home & Kitchen,Europe,Mobile App,1,55.01,0.1,49.51,27.82,21.69,0,C00822
500711,2024-10-04,1021,Dumbbells,Sports,Middle East,Mobile App,2,18.19,0.1,32.74,15.16,17.58,0,C00664
500712,2024-05-20,1004,USB-C Hub,Electronics,North America,Mobile App,2,109.12,0.0,218.24,100.16,118.08,0,C00656
500713,2025-08-23,1012,Jacket,Apparel,Europe,Website,1,88.76,0.0,88.76,39.21,49.55,0,C00223
500714,2025-11-16,1009,Vacuum Cleaner,Home & Kitchen,Middle East,Website,2,64.34,0.0,128.68,74.8,53.88,0,C01238
500715,2024-08-26,1004,USB-C Hub,Electronics,North America,Website,1,109.12,0.0,109.12,50.08,59.04,0,C00238
500716,2024-12-04,1023,Water Bottle,Sports,Latin America,Website,1,55.97,0.0,55.97,28.38,27.59,0,C01702
500717,2024-05-20,1005,Air Fryer,Home & Kitchen,North America,Marketplace,1,16.13,0.1,14.52,6.54,7.98,0,C00869
500718,2024-06-10,1019,Sunscreen,Beauty,Latin America,Mobile App,1,106.12,0.0,106.12,56.32,49.8,0,C00210
500719,2025-05-02,1018,Lipstick,Beauty,Latin America,Mobile App,1,41.98,0.0,41.98,27.85,14.13,0,C01061
500720,2024-10-21,1014,Hoodie,Apparel,Asia Pacific,Website,2,71.73,0.0,143.46,98.86,44.6,0,C01781
500721,2024-03-01,1004,USB-C Hub,Electronics,North America,Mobile App,3,109.12,0.0,327.36,150.24,177.12,0,C01189
500722,2024-08-25,1013,Sneakers,Apparel,Middle East,Mobile App,1,39.27,0.0,39.27,19.98,19.29,0,C01584
500723,2024-02-08,1014,Hoodie,Apparel,Europe,Website,1,71.73,0.0,71.73,49.43,22.3,0,C00222
500724,2024-06-29,1012,Jacket,Apparel,North America,Marketplace,1,88.76,0.0,88.76,39.21,49.55,1,C00484
500725,2025-02-10,1008,Cookware Set,Home & Kitchen,Latin America,Website,1,55.01,0.0,55.01,27.82,27.19,0,C01425
500726,2024-10-23,1020,Yoga Mat,Sports,North America,Website,1,27.52,0.0,27.52,14.15,13.37,0,C00190
500727,2025-08-04,1009,Vacuum Cleaner,Home & Kitchen,Middle East,Website,3,64.34,0.05,183.37,112.2,71.17,0,C01549
500728,2024-12-09,1021,Dumbbells,Sports,Asia Pacific,Website,1,18.19,0.0,18.19,7.58,10.61,0,C00774
500729,2025-10-18,1011,Jeans,Apparel,Middle East,Mobile App,1,48.52,0.15,41.24,26.91,14.33,0,C00406
500730,2024-05-17,1012,Jacket,Apparel,Middle East,Website,1,88.76,0.15,75.45,39.21,36.24,0,C01086
500731,2024-07-16,1003,Laptop Stand,Electronics,North America,Website,1,22.02,0.05,20.92,9.36,11.56,0,C01047
500732,2025-04-14,1012,Jacket,Apparel,Asia Pacific,Mobile App,1,88.76,0.0,88.76,39.21,49.55,0,C01463
500733,2024-01-15,1002,Bluetooth Speaker,Electronics,Asia Pacific,Mobile App,1,26.25,0.15,22.31,16.7,5.61,0,C00141
500734,2025-08-04,1005,Air Fryer,Home & Kitchen,Europe,Website,1,16.13,0.0,16.13,6.54,9.59,0,C01538
500735,2025-10-16,1007,Blender,Home & Kitchen,Latin America,Mobile App,3,29.86,0.0,89.58,55.92,33.66,0,C01357
500736,2025-06-11,1008,Cookware Set,Home & Kitchen,Asia Pacific,Website,2,55.01,0.0,110.02,55.64,54.38,0,C00376
500737,2025-11-16,1024,Resistance Bands,Sports,North America,Website,1,73.75,0.1,66.38,46.0,20.38,0,C00195
500738,2024-05-23,1009,Vacuum Cleaner,Home & Kitchen,Latin America,Website,1,64.34,0.05,61.12,37.4,23.72,0,C00019
500739,2024-09-11,1005,Air Fryer,Home & Kitchen,North America,Website,2,16.13,0.0,32.26,13.08,19.18,0,C01056
500740,2024-08-29,1006,Coffee Maker,Home & Kitchen,Latin America,Mobile App,1,110.15,0.0,110.15,67.43,42.72,0,C00858
500741,2024-12-03,1002,Bluetooth Speaker,Electronics,Asia Pacific,Mobile App,1,26.25,0.0,26.25,16.7,9.55,0,C01099
500742,2025-08-09,1009,Vacuum Cleaner,Home & Kitchen,North America,Website,1,64.34,0.0,64.34,37.4,26.94,0,C01045
500743,2025-01-03,1003,Laptop Stand,Electronics,Europe,Website,1,22.02,0.2,17.62,9.36,8.26,0,C01245
500744,2024-05-01,1023,Water Bottle,Sports,Latin America,Website,1,55.97,0.05,53.17,28.38,24.79,0,C00291
500745,2025-02-19,1020,Yoga Mat,Sports,Middle East,Marketplace,4,27.52,0.0,110.08,56.6,53.48,0,C00632
500746,2025-12-21,1002,Bluetooth Speaker,Electronics,Asia Pacific,Mobile App,2,26.25,0.0,52.5,33.4,19.1,0,C00731
500747,2025-10-16,1019,Sunscreen,Beauty,Asia Pacific,Website,1,106.12,0.05,100.81,56.32,44.49,0,C00567
500748,2024-08-14,1015,Face Serum,Beauty,Europe,Marketplace,1,80.28,0.0,80.28,50.57,29.71,0,C01457
500749,2025-05-04,1005,Air Fryer,Home & Kitchen,Europe,Website,1,16.13,0.0,16.13,6.54,9.59,0,C00914
500750,2025-09-12,1000,Wireless Earbuds,Electronics,Asia Pacific,Website,1,80.93,0.0,80.93,33.09,47.84,0,C01745
500751,2025-07-16,1020,Yoga Mat,Sports,Latin America,Mobile App,3,27.52,0.0,82.56,42.45,40.11,0,C01078
500752,2025-11-11,1012,Jacket,Apparel,Europe,Mobile App,1,88.76,0.0,88.76,39.21,49.55,0,C00499
500753,2025-11-27,1019,Sunscreen,Beauty,Middle East,Marketplace,4,106.12,0.0,424.48,225.28,199.2,0,C00640
500754,2024-03-24,1005,Air Fryer,Home & Kitchen,Middle East,Website,1,16.13,0.0,16.13,6.54,9.59,0,C01182
500755,2025-12-21,1001,Smart Watch,Electronics,Asia Pacific,Website,1,123.31,0.1,110.98,59.9,51.08,0,C00565
500756,2025-07-31,1001,Smart Watch,Electronics,North America,Website,1,123.31,0.2,98.65,59.9,38.75,1,C00483
500757,2025-07-14,1019,Sunscreen,Beauty,Middle East,Website,1,106.12,0.0,106.12,56.32,49.8,1,C00354
500758,2025-07-03,1023,Water Bottle,Sports,Europe,Website,2,55.97,0.0,111.94,56.76,55.18,0,C00228
500759,2025-06-16,1005,Air Fryer,Home & Kitchen,Latin America,Website,1,16.13,0.05,15.32,6.54,8.78,0,C00686
500760,2024-07-29,1012,Jacket,Apparel,Middle East,Website,1,88.76,0.0,88.76,39.21,49.55,0,C00601
500761,2025-06-06,1004,USB-C Hub,Electronics,Latin America,Mobile App,1,109.12,0.05,103.66,50.08,53.58,0,C00742
500762,2025-04-09,1016,Shampoo,Beauty,Europe,Mobile App,1,24.14,0.0,24.14,9.88,14.26,0,C00352
500763,2025-04-12,1010,T-Shirt,Apparel,Middle East,Website,2,79.05,0.0,158.1,101.78,56.32,0,C00403
500764,2025-04-18,1001,Smart Watch,Electronics,Asia Pacific,Mobile App,1,123.31,0.0,123.31,59.9,63.41,0,C00923
500765,2025-02-09,1003,Laptop Stand,Electronics,Asia Pacific,Mobile App,1,22.02,0.0,22.02,9.36,12.66,0,C00911
500766,2024-08-11,1008,Cookware Set,Home & Kitchen,Middle East,Website,1,55.01,0.1,49.51,27.82,21.69,0,C00144
500767,2025-03-09,1006,Coffee Maker,Home & Kitchen,Asia Pacific,Mobile App,1,110.15,0.0,110.15,67.43,42.72,0,C00345
500768,2025-07-08,1010,T-Shirt,Apparel,North America,Marketplace,1,79.05,0.0,79.05,50.89,28.16,0,C00348
500769,2024-03-11,1015,Face Serum,Beauty,Latin America,Website,1,80.28,0.0,80.28,50.57,29.71,0,C00685
500770,2025-02-22,1024,Resistance Bands,Sports,Europe,Mobile App,1,73.75,0.0,73.75,46.0,27.75,0,C01316
500771,2025-10-18,1012,Jacket,Apparel,Latin America,Website,1,88.76,0.15,75.45,39.21,36.24,0,C00576
500772,2025-01-26,1003,Laptop Stand,Electronics,Latin America,Marketplace,1,22.02,0.1,19.82,9.36,10.46,0,C00797
500773,2025-01-21,1018,Lipstick,Beauty,Latin America,Website,1,41.98,0.0,41.98,27.85,14.13,0,C00777
500774,2025-11-08,1023,Water Bottle,Sports,Middle East,Website,2,55.97,0.05,106.34,56.76,49.58,0,C01360
500775,2024-12-22,1005,Air Fryer,Home & Kitchen,North America,Website,1,16.13,0.2,12.9,6.54,6.36,1,C00428
500776,2025-07-04,1011,Jeans,Apparel,Latin America,Mobile App,1,48.52,0.0,48.52,26.91,21.61,0,C01532
500777,2024-08-16,1020,Yoga Mat,Sports,North America,Mobile App,1,27.52,0.05,26.14,14.15,11.99,0,C00850
500778,2024-11-01,1022,Running Shoes,Sports,Latin America,Mobile App,1,51.96,0.1,46.76,24.41,22.35,0,C00807
500779,2025-07-11,1003,Laptop Stand,Electronics,Latin America,Mobile App,1,22.02,0.0,22.02,9.36,12.66,0,C01307
500780,2024-08-23,1014,Hoodie,Apparel,Europe,Website,1,71.73,0.1,64.56,49.43,15.13,0,C01160
500781,2024-06-07,1005,Air Fryer,Home & Kitchen,Asia Pacific,Website,1,16.13,0.0,16.13,6.54,9.59,0,C01335
500782,2024-04-25,1006,Coffee Maker,Home & Kitchen,North America,Mobile App,1,110.15,0.2,88.12,67.43,20.69,0,C00420
500783,2025-03-05,1021,Dumbbells,Sports,Middle East,Mobile App,2,18.19,0.0,36.38,15.16,21.22,0,C00356
500784,2024-01-17,1003,Laptop Stand,Electronics,Europe,Website,1,22.02,0.15,18.72,9.36,9.36,0,C00605
500785,2024-04-13,1012,Jacket,Apparel,Middle East,Website,2,88.76,0.0,177.52,78.42,99.1,0,C00018
500786,2025-09-04,1002,Bluetooth Speaker,Electronics,North America,Website,1,26.25,0.0,26.25,16.7,9.55,0,C01573
500787,2024-02-15,1022,Running Shoes,Sports,Latin America,Website,1,51.96,0.0,51.96,24.41,27.55,0,C01506
500788,2025-07-06,1021,Dumbbells,Sports,Europe,Mobile App,1,18.19,0.0,18.19,7.58,10.61,0,C01548
500789,2024-02-27,1023,Water Bottle,Sports,Europe,Mobile App,1,55.97,0.05,53.17,28.38,24.79,0,C00888
500790,2024-10-23,1024,Resistance Bands,Sports,Europe,Mobile App,1,73.75,0.0,73.75,46.0,27.75,0,C00646
500791,2025-08-12,1013,Sneakers,Apparel,Asia Pacific,Mobile App,1,39.27,0.0,39.27,19.98,19.29,0,C01008
500792,2025-11-19,1008,Cookware Set,Home & Kitchen,Asia Pacific,Website,2,55.01,0.0,110.02,55.64,54.38,0,C00220
500793,2024-05-26,1022,Running Shoes,Sports,Middle East,Website,2,51.96,0.0,103.92,48.82,55.1,0,C01542
500794,2024-11-03,1018,Lipstick,Beauty,Asia Pacific,Website,1,41.98,0.1,37.78,27.85,9.93,0,C01764
500795,2025-08-28,1017,Moisturizer,Beauty,Europe,Mobile App,2,177.23,0.0,354.46,154.84,199.62,0,C01254
500796,2025-03-13,1016,Shampoo,Beauty,Middle East,Website,1,24.14,0.0,24.14,9.88,14.26,0,C00349
500797,2024-12-18,1017,Moisturizer,Beauty,Latin America,Mobile App,1,177.23,0.0,177.23,77.42,99.81,0,C00545
500798,2024-11-22,1000,Wireless Earbuds,Electronics,Latin America,Website,1,80.93,0.05,76.88,33.09,43.79,0,C00905
500799,2024-11-03,1008,Cookware Set,Home & Kitchen,Latin America,Website,1,55.01,0.0,55.01,27.82,27.19,0,C01168
500800,2025-07-04,1004,USB-C Hub,Electronics,Latin America,Website,2,109.12,0.0,218.24,100.16,118.08,0,C00700
500801,2024-08-18,1020,Yoga Mat,Sports,Asia Pacific,Marketplace,1,27.52,0.0,27.52,14.15,13.37,0,C01761
500802,2024-05-27,1003,Laptop Stand,Electronics,Latin America,Marketplace,1,22.02,0.0,22.02,9.36,12.66,0,C01158
500803,2025-07-29,1002,Bluetooth Speaker,Electronics,Latin America,Marketplace,3,26.25,0.2,63.0,50.1,12.9,0,C00983
500804,2025-07-24,1017,Moisturizer,Beauty,Middle East,Website,4,177.23,0.05,673.47,309.68,363.79,0,C00481
500805,2024-09-05,1018,Lipstick,Beauty,Asia Pacific,Website,1,41.98,0.0,41.98,27.85,14.13,0,C01516
500806,2025-10-24,1010,T-Shirt,Apparel,North America,Marketplace,1,79.05,0.05,75.1,50.89,24.21,0,C00070
500807,2025-01-14,1024,Resistance Bands,Sports,North America,Mobile App,1,73.75,0.05,70.06,46.0,24.06,0,C01732
500808,2024-07-14,1017,Moisturizer,Beauty,North America,Website,1,177.23,0.05,168.37,77.42,90.95,0,C00888
500809,2025-11-20,1008,Cookware Set,Home & Kitchen,Middle East,Mobile App,1,55.01,0.1,49.51,27.82,21.69,0,C00864
500810,2024-03-15,1007,Blender,Home & Kitchen,Europe,Mobile App,1,29.86,0.0,29.86,18.64,11.22,0,C01239
500811,2025-08-24,1011,Jeans,Apparel,Middle East,Website,1,48.52,0.0,48.52,26.91,21.61,0,C00389
500812,2024-08-01,1002,Bluetooth Speaker,Electronics,Asia Pacific,Website,1,26.25,0.1,23.62,16.7,6.92,0,C00350
500813,2024-01-16,1023,Water Bottle,Sports,Europe,Marketplace,1,55.97,0.0,55.97,28.38,27.59,1,C01341
500814,2024-04-30,1014,Hoodie,Apparel,Latin America,Marketplace,1,71.73,0.0,71.73,49.43,22.3,0,C00774
500815,2025-12-13,1018,Lipstick,Beauty,Middle East,Mobile App,1,41.98,0.0,41.98,27.85,14.13,0,C01051
500816,2025-02-10,1022,Running Shoes,Sports,Europe,Mobile App,1,51.96,0.15,44.17,24.41,19.76,0,C01084
500817,2024-10-16,1008,Cookware Set,Home & Kitchen,Latin America,Website,2,55.01,0.0,110.02,55.64,54.38,0,C01566
500818,2025-10-26,1017,Moisturizer,Beauty,Asia Pacific,Website,1,177.23,0.1,159.51,77.42,82.09,0,C01414
500819,2025-01-03,1002,Bluetooth Speaker,Electronics,Middle East,Marketplace,1,26.25,0.05,24.94,16.7,8.24,0,C00762
500820,2025-04-22,1004,USB-C Hub,Electronics,North America,Mobile App,1,109.12,0.0,109.12,50.08,59.04,0,C01734
500821,2025-04-25,1008,Cookware Set,Home & Kitchen,Asia Pacific,Marketplace,1,55.01,0.2,44.01,27.82,16.19,0,C00847
500822,2025-01-14,1007,Blender,Home & Kitchen,Asia Pacific,Website,2,29.86,0.0,59.72,37.28,22.44,0,C01419
500823,2025-07-30,1003,Laptop Stand,Electronics,Europe,Mobile App,1,22.02,0.0,22.02,9.36,12.66,0,C01200
500824,2024-01-17,1018,Lipstick,Beauty,Asia Pacific,Mobile App,1,41.98,0.0,41.98,27.85,14.13,0,C01559
500825,2025-08-21,1019,Sunscreen,Beauty,Middle East,Mobile App,1,106.12,0.0,106.12,56.32,49.8,0,C01504
500826,2024-10-29,1021,Dumbbells,Sports,Europe,Website,1,18.19,0.15,15.46,7.58,7.88,0,C01078
500827,2024-08-23,1005,Air Fryer,Home & Kitchen,Latin America,Mobile App,1,16.13,0.0,16.13,6.54,9.59,0,C00850
500828,2024-09-08,1004,USB-C Hub,Electronics,Latin America,Mobile App,1,109.12,0.1,98.21,50.08,48.13,0,C01407
500829,2025-12-02,1012,Jacket,Apparel,Asia Pacific,Website,1,88.76,0.0,88.76,39.21,49.55,0,C00438
500830,2025-05-15,1005,Air Fryer,Home & Kitchen,Latin America,Website,1,16.13,0.0,16.13,6.54,9.59,0,C00188
500831,2024-12-26,1000,Wireless Earbuds,Electronics,Europe,Website,1,80.93,0.0,80.93,33.09,47.84,0,C01037
500832,2025-07-13,1024,Resistance Bands,Sports,Latin America,Website,2,73.75,0.0,147.5,92.0,55.5,0,C00490
500833,2025-07-09,1013,Sneakers,Apparel,North America,Mobile App,2,39.27,0.0,78.54,39.96,38.58,0,C00302
500834,2024-03-17,1019,Sunscreen,Beauty,North America,Mobile App,1,106.12,0.0,106.12,56.32,49.8,0,C00444
500835,2025-02-26,1006,Coffee Maker,Home & Kitchen,Europe,Mobile App,1,110.15,0.0,110.15,67.43,42.72,0,C00848
500836,2024-08-24,1007,Blender,Home & Kitchen,North America,Mobile App,2,29.86,0.0,59.72,37.28,22.44,0,C01040
500837,2024-01-10,1023,Water Bottle,Sports,Europe,Mobile App,4,55.97,0.0,223.88,113.52,110.36,0,C01592
500838,2025-01-17,1013,Sneakers,Apparel,North America,Mobile App,2,39.27,0.0,78.54,39.96,38.58,0,C00087
500839,2025-11-13,1019,Sunscreen,Beauty,Middle East,Marketplace,1,106.12,0.1,95.51,56.32,39.19,0,C01444
500840,2025-11-06,1022,Running Shoes,Sports,Latin America,Website,1,51.96,0.0,51.96,24.41,27.55,0,C01015
500841,2025-06-28,1012,Jacket,Apparel,Middle East,Website,3,88.76,0.0,266.28,117.63,148.65,0,C01487
500842,2024-01-18,1021,Dumbbells,Sports,Middle East,Mobile App,2,18.19,0.05,34.56,15.16,19.4,0,C00571
500843,2025-07-02,1014,Hoodie,Apparel,Asia Pacific,Website,1,71.73,0.0,71.73,49.43,22.3,0,C00156
500844,2025-12-15,1008,Cookware Set,Home & Kitchen,Latin America,Mobile App,2,55.01,0.0,110.02,55.64,54.38,0,C00560
500845,2024-07-02,1002,Bluetooth Speaker,Electronics,North America,Marketplace,1,26.25,0.0,26.25,16.7,9.55,0,C01711
500846,2025-06-20,1009,Vacuum Cleaner,Home & Kitchen,Europe,Website,1,64.34,0.15,54.69,37.4,17.29,0,C00948
500847,2025-09-26,1021,Dumbbells,Sports,Middle East,Website,2,18.19,0.1,32.74,15.16,17.58,0,C01157
500848,2024-12-28,1006,Coffee Maker,Home & Kitchen,Asia Pacific,Mobile App,1,110.15,0.0,110.15,67.43,42.72,0,C01064
500849,2024-03-21,1004,USB-C Hub,Electronics,Asia Pacific,Marketplace,2,109.12,0.0,218.24,100.16,118.08,0,C01178
500850,2025-04-15,1018,Lipstick,Beauty,Middle East,Website,1,41.98,0.1,37.78,27.85,9.93,0,C00283
500851,2025-12-14,1009,Vacuum Cleaner,Home & Kitchen,Europe,Website,2,64.34,0.0,128.68,74.8,53.88,0,C00741
500852,2024-03-23,1003,Laptop Stand,Electronics,North America,Website,1,22.02,0.05,20.92,9.36,11.56,0,C00770
500853,2025-01-23,1020,Yoga Mat,Sports,Latin America,Mobile App,1,27.52,0.0,27.52,14.15,13.37,0,C00217
500854,2024-02-27,1001,Smart Watch,Electronics,North America,Mobile App,1,123.31,0.0,123.31,59.9,63.41,0,C01380
500855,2024-03-25,1012,Jacket,Apparel,Latin America,Mobile App,1,88.76,0.0,88.76,39.21,49.55,0,C01067
500856,2025-10-22,1011,Jeans,Apparel,Asia Pacific,Mobile App,1,48.52,0.2,38.82,26.91,11.91,0,C01010
500857,2024-04-07,1018,Lipstick,Beauty,Middle East,Marketplace,1,41.98,0.0,41.98,27.85,14.13,0,C01389
500858,2024-08-23,1020,Yoga Mat,Sports,Europe,Marketplace,1,27.52,0.1,24.77,14.15,10.62,0,C00625
500859,2025-12-09,1022,Running Shoes,Sports,Middle East,Website,1,51.96,0.0,51.96,24.41,27.55,0,C00822
500860,2024-02-17,1016,Shampoo,Beauty,North America,Mobile App,1,24.14,0.05,22.93,9.88,13.05,0,C01702
500861,2024-10-14,1014,Hoodie,Apparel,Middle East,Mobile App,2,71.73,0.0,143.46,98.86,44.6,0,C01285
500862,2024-02-03,1024,Resistance Bands,Sports,Europe,Marketplace,1,73.75,0.0,73.75,46.0,27.75,0,C00924
500863,2024-11-18,1024,Resistance Bands,Sports,North America,Marketplace,1,73.75,0.0,73.75,46.0,27.75,0,C00742
500864,2025-08-24,1014,Hoodie,Apparel,Europe,Mobile App,1,71.73,0.15,60.97,49.43,11.54,0,C01042
500865,2025-12-30,1016,Shampoo,Beauty,Latin America,Marketplace,2,24.14,0.05,45.87,19.76,26.11,1,C00024
500866,2024-11-02,1004,USB-C Hub,Electronics,Europe,Mobile App,1,109.12,0.0,109.12,50.08,59.04,0,C00828
500867,2025-08-03,1017,Moisturizer,Beauty,Latin America,Mobile App,1,177.23,0.05,168.37,77.42,90.95,0,C00399
500868,2025-07-07,1013,Sneakers,Apparel,Asia Pacific,Website,2,39.27,0.0,78.54,39.96,38.58,0,C01155
500869,2024-05-23,1010,T-Shirt,Apparel,North America,Mobile App,1,79.05,0.15,67.19,50.89,16.3,0,C01132
500870,2024-12-20,1020,Yoga Mat,Sports,North America,Website,1,27.52,0.0,27.52,14.15,13.37,0,C01299
500871,2024-08-25,1013,Sneakers,Apparel,North America,Website,1,39.27,0.05,37.31,19.98,17.33,0,C01704
500872,2025-09-20,1010,T-Shirt,Apparel,Middle East,Website,1,79.05,0.0,79.05,50.89,28.16,0,C00658
500873,2024-11-30,1018,Lipstick,Beauty,North America,Mobile App,1,41.98,0.0,41.98,27.85,14.13,0,C00388
500874,2025-04-06,1013,Sneakers,Apparel,Latin America,Website,1,39.27,0.05,37.31,19.98,17.33,0,C00970
500875,2025-07-20,1023,Water Bottle,Sports,Latin America,Website,1,55.97,0.0,55.97,28.38,27.59,0,C00403
500876,2025-11-27,1021,Dumbbells,Sports,Middle East,Mobile App,2,18.19,0.0,36.38,15.16,21.22,0,C01254
500877,2024-03-28,1010,T-Shirt,Apparel,Middle East,Website,1,79.05,0.0,79.05,50.89,28.16,0,C01453
500878,2024-09-09,1024,Resistance Bands,Sports,North America,Website,2,73.75,0.05,140.12,92.0,48.12,0,C01753
500879,2024-06-06,1014,Hoodie,Apparel,Latin America,Mobile App,1,71.73,0.2,57.38,49.43,7.95,0,C00195
500880,2025-10-11,1024,Resistance Bands,Sports,Europe,Mobile App,1,73.75,0.0,73.75,46.0,27.75,0,C00474
500881,2024-11-20,1001,Smart Watch,Electronics,Asia Pacific,Website,1,123.31,0.0,123.31,59.9,63.41,0,C01289
500882,2024-01-06,1019,Sunscreen,Beauty,Asia Pacific,Website,2,106.12,0.0,212.24,112.64,99.6,0,C00401
500883,2024-10-03,1013,Sneakers,Apparel,North America,Website,2,39.27,0.0,78.54,39.96,38.58,0,C01238
500884,2024-07-10,1023,Water Bottle,Sports,Latin America,Website,1,55.97,0.1,50.37,28.38,21.99,0,C01624
500885,2025-07-22,1021,Dumbbells,Sports,Middle East,Website,1,18.19,0.0,18.19,7.58,10.61,0,C00360
500886,2024-01-27,1009,Vacuum Cleaner,Home & Kitchen,North America,Website,2,64.34,0.0,128.68,74.8,53.88,0,C01530
500887,2024-04-05,1008,Cookware Set,Home & Kitchen,Middle East,Mobile App,1,55.01,0.0,55.01,27.82,27.19,0,C01162
500888,2024-11-28,1006,Coffee Maker,Home & Kitchen,Latin America,Website,1,110.15,0.05,104.64,67.43,37.21,1,C01383
500889,2025-02-27,1003,Laptop Stand,Electronics,Latin America,Mobile App,3,22.02,0.0,66.06,28.08,37.98,0,C01173
500890,2025-07-26,1003,Laptop Stand,Electronics,Europe,Mobile App,2,22.02,0.0,44.04,18.72,25.32,0,C00974
500891,2024-06-22,1001,Smart Watch,Electronics,Latin America,Website,1,123.31,0.05,117.14,59.9,57.24,0,C00194
500892,2024-10-02,1021,Dumbbells,Sports,Asia Pacific,Website,1,18.19,0.0,18.19,7.58,10.61,0,C01014
500893,2024-05-29,1009,Vacuum Cleaner,Home & Kitchen,North America,Website,1,64.34,0.0,64.34,37.4,26.94,0,C00620
500894,2024-10-09,1017,Moisturizer,Beauty,Latin America,Website,1,177.23,0.0,177.23,77.42,99.81,0,C00330
500895,2024-03-19,1021,Dumbbells,Sports,Asia Pacific,Website,2,18.19,0.0,36.38,15.16,21.22,0,C00454
500896,2024-09-09,1018,Lipstick,Beauty,Latin America,Mobile App,1,41.98,0.15,35.68,27.85,7.83,0,C01015
500897,2024-07-19,1008,Cookware Set,Home & Kitchen,Latin America,Website,1,55.01,0.0,55.01,27.82,27.19,0,C01277
500898,2024-11-07,1005,Air Fryer,Home & Kitchen,North America,Marketplace,2,16.13,0.0,32.26,13.08,19.18,0,C00320
500899,2024-12-06,1022,Running Shoes,Sports,Middle East,Website,1,51.96,0.0,51.96,24.41,27.55,0,C00168
500900,2024-12-03,1002,Bluetooth Speaker,Electronics,Latin America,Website,1,26.25,0.0,26.25,16.7,9.55,0,C00722
500901,2025-10-28,1016,Shampoo,Beauty,Middle East,Website,1,24.14,0.1,21.73,9.88,11.85,0,C00685
500902,2024-11-24,1010,T-Shirt,Apparel,Middle East,Marketplace,2,79.05,0.05,150.2,101.78,48.42,0,C00718
500903,2024-07-24,1010,T-Shirt,Apparel,Latin America,Website,2,79.05,0.05,150.2,101.78,48.42,0,C01761
500904,2025-02-11,1001,Smart Watch,Electronics,Asia Pacific,Website,1,123.31,0.2,98.65,59.9,38.75,0,C00796
500905,2025-12-12,1006,Coffee Maker,Home & Kitchen,Latin America,Marketplace,1,110.15,0.0,110.15,67.43,42.72,0,C00870
500906,2024-09-05,1008,Cookware Set,Home & Kitchen,Asia Pacific,Website,1,55.01,0.0,55.01,27.82,27.19,0,C00071
500907,2025-02-06,1009,Vacuum Cleaner,Home & Kitchen,Asia Pacific,Website,1,64.34,0.05,61.12,37.4,23.72,0,C00199
500908,2025-07-31,1013,Sneakers,Apparel,Europe,Mobile App,1,39.27,0.05,37.31,19.98,17.33,1,C01281
500909,2025-07-12,1011,Jeans,Apparel,Europe,Mobile App,1,48.52,0.0,48.52,26.91,21.61,0,C01442
500910,2025-07-17,1015,Face Serum,Beauty,North America,Marketplace,1,80.28,0.05,76.27,50.57,25.7,0,C00541
500911,2025-04-17,1006,Coffee Maker,Home & Kitchen,Europe,Website,4,110.15,0.0,440.6,269.72,170.88,1,C00130
500912,2024-10-25,1003,Laptop Stand,Electronics,North America,Mobile App,1,22.02,0.0,22.02,9.36,12.66,0,C00063
500913,2025-02-22,1021,Dumbbells,Sports,Latin America,Website,1,18.19,0.0,18.19,7.58,10.61,0,C00623
500914,2024-11-06,1007,Blender,Home & Kitchen,Europe,Website,1,29.86,0.0,29.86,18.64,11.22,0,C00129
500915,2024-06-06,1016,Shampoo,Beauty,Latin America,Mobile App,2,24.14,0.0,48.28,19.76,28.52,0,C01569
500916,2024-03-16,1006,Coffee Maker,Home & Kitchen,Latin America,Marketplace,1,110.15,0.0,110.15,67.43,42.72,0,C00336
500917,2025-05-05,1009,Vacuum Cleaner,Home & Kitchen,Middle East,Website,2,64.34,0.0,128.68,74.8,53.88,1,C00200
500918,2025-06-02,1014,Hoodie,Apparel,Latin America,Mobile App,1,71.73,0.15,60.97,49.43,11.54,0,C01574
500919,2025-01-03,1000,Wireless Earbuds,Electronics,Middle East,Mobile App,1,80.93,0.0,80.93,33.09,47.84,0,C01788
500920,2024-03-28,1011,Jeans,Apparel,North America,Mobile App,2,48.52,0.0,97.04,53.82,43.22,0,C01630
500921,2025-11-04,1020,Yoga Mat,Sports,Asia Pacific,Website,1,27.52,0.1,24.77,14.15,10.62,0,C00142
500922,2025-09-19,1010,T-Shirt,Apparel,North America,Mobile App,1,79.05,0.0,79.05,50.89,28.16,0,C00088
500923,2025-10-22,1009,Vacuum Cleaner,Home & Kitchen,Latin America,Marketplace,2,64.34,0.05,122.25,74.8,47.45,0,C00095
500924,2024-12-05,1023,Water Bottle,Sports,Latin America,Website,1,55.97,0.0,55.97,28.38,27.59,0,C01730
500925,2024-04-10,1007,Blender,Home & Kitchen,Asia Pacific,Website,1,29.86,0.0,29.86,18.64,11.22,0,C01021
500926,2025-06-15,1012,Jacket,Apparel,Middle East,Mobile App,1,88.76,0.0,88.76,39.21,49.55,0,C00420
500927,2025-08-12,1018,Lipstick,Beauty,Europe,Website,1,41.98,0.0,41.98,27.85,14.13,0,C01418
500928,2025-02-04,1007,Blender,Home & Kitchen,Latin America,Mobile App,1,29.86,0.0,29.86,18.64,11.22,0,C00701
500929,2025-08-25,1020,Yoga Mat,Sports,Middle East,Website,1,27.52,0.05,26.14,14.15,11.99,0,C00957
500930,2024-01-26,1003,Laptop Stand,Electronics,Latin America,Website,1,22.02,0.0,22.02,9.36,12.66,0,C01342
500931,2025-03-01,1010,T-Shirt,Apparel,North America,Website,2,79.05,0.0,158.1,101.78,56.32,0,C00259
500932,2024-05-25,1019,Sunscreen,Beauty,Asia Pacific,Website,3,106.12,0.0,318.36,168.96,149.4,0,C01361
500933,2025-04-11,1005,Air Fryer,Home & Kitchen,Europe,Mobile App,1,16.13,0.0,16.13,6.54,9.59,0,C01152
500934,2024-12-22,1019,Sunscreen,Beauty,Latin America,Website,3,106.12,0.0,318.36,168.96,149.4,0,C01422
500935,2025-12-14,1008,Cookware Set,Home & Kitchen,Latin America,Website,1,55.01,0.2,44.01,27.82,16.19,0,C01652
500936,2024-11-03,1006,Coffee Maker,Home & Kitchen,North America,Mobile App,1,110.15,0.0,110.15,67.43,42.72,0,C00721
500937,2024-04-27,1008,Cookware Set,Home & Kitchen,North America,Mobile App,1,55.01,0.2,44.01,27.82,16.19,0,C00296
500938,2025-10-25,1024,Resistance Bands,Sports,North America,Mobile App,1,73.75,0.0,73.75,46.0,27.75,0,C00786
500939,2024-06-17,1019,Sunscreen,Beauty,Europe,Mobile App,2,106.12,0.0,212.24,112.64,99.6,0,C00675
500940,2025-07-19,1016,Shampoo,Beauty,Europe,Website,1,24.14,0.05,22.93,9.88,13.05,0,C00013
500941,2025-03-12,1022,Running Shoes,Sports,Latin America,Website,2,51.96,0.0,103.92,48.82,55.1,0,C01585
500942,2025-02-18,1022,Running Shoes,Sports,Europe,Website,1,51.96,0.0,51.96,24.41,27.55,0,C00104
500943,2025-11-04,1016,Shampoo,Beauty,Latin America,Website,1,24.14,0.1,21.73,9.88,11.85,0,C00247
500944,2025-09-20,1016,Shampoo,Beauty,Europe,Website,1,24.14,0.0,24.14,9.88,14.26,0,C00561
500945,2025-03-15,1005,Air Fryer,Home & Kitchen,Latin America,Website,1,16.13,0.1,14.52,6.54,7.98,0,C01260
500946,2024-08-07,1020,Yoga Mat,Sports,Europe,Website,2,27.52,0.0,55.04,28.3,26.74,0,C00416
500947,2025-12-21,1017,Moisturizer,Beauty,North America,Mobile App,1,177.23,0.0,177.23,77.42,99.81,0,C00783
500948,2025-07-03,1013,Sneakers,Apparel,Europe,Website,3,39.27,0.0,117.81,59.94,57.87,0,C00079
500949,2024-07-20,1016,Shampoo,Beauty,Latin America,Website,1,24.14,0.0,24.14,9.88,14.26,0,C00780
500950,2025-11-17,1009,Vacuum Cleaner,Home & Kitchen,Latin America,Mobile App,2,64.34,0.0,128.68,74.8,53.88,0,C01764
500951,2025-10-16,1005,Air Fryer,Home & Kitchen,Asia Pacific,Mobile App,1,16.13,0.0,16.13,6.54,9.59,0,C01305
500952,2025-09-17,1008,Cookware Set,Home & Kitchen,Latin America,Mobile App,1,55.01,0.0,55.01,27.82,27.19,0,C00203
500953,2024-12-22,1005,Air Fryer,Home & Kitchen,Asia Pacific,Mobile App,1,16.13,0.05,15.32,6.54,8.78,0,C01445
500954,2025-09-24,1009,Vacuum Cleaner,Home & Kitchen,Europe,Mobile App,1,64.34,0.05,61.12,37.4,23.72,0,C00895
500955,2025-12-23,1017,Moisturizer,Beauty,Asia Pacific,Marketplace,1,177.23,0.15,150.65,77.42,73.23,0,C00416
500956,2025-08-27,1024,Resistance Bands,Sports,North America,Mobile App,2,73.75,0.0,147.5,92.0,55.5,0,C01282
500957,2024-11-16,1008,Cookware Set,Home & Kitchen,North America,Website,2,55.01,0.0,110.02,55.64,54.38,0,C01112
500958,2024-04-29,1019,Sunscreen,Beauty,Europe,Website,1,106.12,0.05,100.81,56.32,44.49,0,C00726
500959,2024-05-24,1017,Moisturizer,Beauty,Middle East,Website,2,177.23,0.05,336.74,154.84,181.9,0,C00670
500960,2025-09-02,1005,Air Fryer,Home & Kitchen,Europe,Mobile App,1,16.13,0.1,14.52,6.54,7.98,0,C01333
500961,2025-03-09,1022,Running Shoes,Sports,Europe,Website,1,51.96,0.0,51.96,24.41,27.55,0,C01225
500962,2025-07-04,1011,Jeans,Apparel,Europe,Mobile App,1,48.52,0.0,48.52,26.91,21.61,0,C00239
500963,2025-05-16,1007,Blender,Home & Kitchen,Asia Pacific,Website,1,29.86,0.05,28.37,18.64,9.73,0,C00988
500964,2024-11-18,1024,Resistance Bands,Sports,Latin America,Mobile App,2,73.75,0.0,147.5,92.0,55.5,0,C00932
500965,2025-01-02,1018,Lipstick,Beauty,North America,Website,2,41.98,0.0,83.96,55.7,28.26,0,C00516
500966,2024-07-18,1006,Coffee Maker,Home & Kitchen,Latin America,Marketplace,1,110.15,0.0,110.15,67.43,42.72,0,C00344
500967,2025-06-01,1013,Sneakers,Apparel,Latin America,Website,2,39.27,0.1,70.69,39.96,30.73,0,C01602
500968,2025-05-18,1014,Hoodie,Apparel,Latin America,Mobile App,2,71.73,0.0,143.46,98.86,44.6,0,C01061
500969,2025-03-30,1016,Shampoo,Beauty,Latin America,Website,3,24.14,0.0,72.42,29.64,42.78,0,C00720
500970,2025-08-01,1008,Cookware Set,Home & Kitchen,North America,Mobile App,1,55.01,0.0,55.01,27.82,27.19,0,C01377
500971,2024-08-13,1023,Water Bottle,Sports,Asia Pacific,Website,1,55.97,0.0,55.97,28.38,27.59,1,C00063
500972,2024-08-18,1019,Sunscreen,Beauty,Middle East,Website,1,106.12,0.0,106.12,56.32,49.8,0,C00573
500973,2025-04-13,1013,Sneakers,Apparel,Middle East,Mobile App,3,39.27,0.1,106.03,59.94,46.09,0,C00260
500974,2025-05-22,1003,Laptop Stand,Electronics,Middle East,Mobile App,1,22.02,0.05,20.92,9.36,11.56,0,C00275
500975,2025-08-09,1017,Moisturizer,Beauty,North America,Website,1,177.23,0.0,177.23,77.42,99.81,0,C01286
500976,2025-07-10,1015,Face Serum,Beauty,Asia Pacific,Mobile App,1,80.28,0.15,68.24,50.57,17.67,0,C01308
500977,2024-02-12,1009,Vacuum Cleaner,Home & Kitchen,Latin America,Mobile App,1,64.34,0.0,64.34,37.4,26.94,0,C00431
500978,2025-03-11,1010,T-Shirt,Apparel,North America,Mobile App,1,79.05,0.0,79.05,50.89,28.16,0,C00740
500979,2025-10-31,1009,Vacuum Cleaner,Home & Kitchen,Europe,Website,1,64.34,0.2,51.47,37.4,14.07,1,C00497
500980,2024-02-03,1000,Wireless Earbuds,Electronics,Latin America,Website,1,80.93,0.0,80.93,33.09,47.84,0,C01015
500981,2024-03-30,1011,Jeans,Apparel,Latin America,Marketplace,1,48.52,0.0,48.52,26.91,21.61,0,C00668
500982,2024-04-30,1011,Jeans,Apparel,Europe,Website,1,48.52,0.0,48.52,26.91,21.61,0,C00702
500983,2025-08-25,1004,USB-C Hub,Electronics,Asia Pacific,Marketplace,2,109.12,0.0,218.24,100.16,118.08,0,C01694
500984,2025-09-16,1010,T-Shirt,Apparel,Latin America,Website,1,79.05,0.0,79.05,50.89,28.16,0,C00793
500985,2024-05-22,1024,Resistance Bands,Sports,Europe,Mobile App,1,73.75,0.0,73.75,46.0,27.75,0,C00417
500986,2024-03-01,1000,Wireless Earbuds,Electronics,Middle East,Website,2,80.93,0.0,161.86,66.18,95.68,0,C00485
500987,2024-10-14,1007,Blender,Home & Kitchen,Middle East,Mobile App,2,29.86,0.15,50.76,37.28,13.48,0,C00333
500988,2024-11-27,1013,Sneakers,Apparel,Asia Pacific,Website,3,39.27,0.05,111.92,59.94,51.98,0,C01625
500989,2024-09-30,1005,Air Fryer,Home & Kitchen,Middle East,Marketplace,1,16.13,0.0,16.13,6.54,9.59,0,C00818
500990,2025-11-26,1024,Resistance Bands,Sports,North America,Website,1,73.75,0.05,70.06,46.0,24.06,0,C01704
500991,2025-02-25,1021,Dumbbells,Sports,North America,Marketplace,1,18.19,0.2,14.55,7.58,6.97,0,C01220
500992,2025-11-02,1007,Blender,Home & Kitchen,Europe,Mobile App,4,29.86,0.0,119.44,74.56,44.88,0,C00319
500993,2024-05-15,1012,Jacket,Apparel,Europe,Website,1,88.76,0.0,88.76,39.21,49.55,0,C00588
500994,2024-11-25,1017,Moisturizer,Beauty,Europe,Mobile App,1,177.23,0.2,141.78,77.42,64.36,0,C00998
500995,2025-11-23,1017,Moisturizer,Beauty,Latin America,Website,1,177.23,0.15,150.65,77.42,73.23,0,C01234
500996,2025-08-14,1024,Resistance Bands,Sports,Asia Pacific,Mobile App,1,73.75,0.0,73.75,46.0,27.75,0,C00706
500997,2025-01-19,1005,Air Fryer,Home & Kitchen,Latin America,Website,3,16.13,0.05,45.97,19.62,26.35,0,C00528
500998,2024-04-05,1019,Sunscreen,Beauty,Latin America,Mobile App,1,106.12,0.05,100.81,56.32,44.49,0,C00494
500999,2024-10-11,1002,Bluetooth Speaker,Electronics,Asia Pacific,Website,1,26.25,0.0,26.25,16.7,9.55,1,C01217
501000,2025-05-14,1011,Jeans,Apparel,Asia Pacific,Mobile App,1,48.52,0.0,48.52,26.91,21.61,0,C00340
501001,2024-04-05,1009,Vacuum Cleaner,Home & Kitchen,Latin America,Mobile App,1,64.34,0.0,64.34,37.4,26.94,0,C00695
501002,2025-12-15,1003,Laptop Stand,Electronics,Asia Pacific,Marketplace,1,22.02,0.0,22.02,9.36,12.66,0,C00853
501003,2025-07-01,1021,Dumbbells,Sports,Latin America,Website,1,18.19,0.0,18.19,7.58,10.61,0,C00438
501004,2025-03-15,1005,Air Fryer,Home & Kitchen,Europe,Website,1,16.13,0.0,16.13,6.54,9.59,0,C00248
501005,2024-11-26,1024,Resistance Bands,Sports,Asia Pacific,Website,1,73.75,0.0,73.75,46.0,27.75,0,C01216
501006,2025-08-14,1016,Shampoo,Beauty,Europe,Mobile App,2,24.14,0.1,43.45,19.76,23.69,0,C00794
501007,2025-05-11,1008,Cookware Set,Home & Kitchen,Asia Pacific,Marketplace,1,55.01,0.1,49.51,27.82,21.69,0,C00037
501008,2024-02-19,1012,Jacket,Apparel,North America,Website,4,88.76,0.05,337.29,156.84,180.45,0,C00939
501009,2025-04-15,1017,Moisturizer,Beauty,North America,Website,1,177.23,0.0,177.23,77.42,99.81,0,C00854
501010,2024-06-10,1020,Yoga Mat,Sports,Latin America,Website,1,27.52,0.1,24.77,14.15,10.62,0,C01471
501011,2025-03-14,1013,Sneakers,Apparel,Europe,Marketplace,2,39.27,0.0,78.54,39.96,38.58,0,C01161
501012,2024-05-15,1006,Coffee Maker,Home & Kitchen,Asia Pacific,Website,2,110.15,0.0,220.3,134.86,85.44,0,C00859
501013,2024-10-07,1022,Running Shoes,Sports,North America,Mobile App,1,51.96,0.0,51.96,24.41,27.55,0,C00326
501014,2024-09-13,1013,Sneakers,Apparel,North America,Website,1,39.27,0.1,35.34,19.98,15.36,0,C01775
501015,2025-10-26,1022,Running Shoes,Sports,Europe,Website,1,51.96,0.0,51.96,24.41,27.55,0,C00302
501016,2025-10-02,1016,Shampoo,Beauty,Asia Pacific,Mobile App,1,24.14,0.05,22.93,9.88,13.05,0,C01667
501017,2024-08-27,1006,Coffee Maker,Home & Kitchen,Latin America,Mobile App,1,110.15,0.1,99.14,67.43,31.71,0,C00898
501018,2025-12-21,1006,Coffee Maker,Home & Kitchen,North America,Website,1,110.15,0.0,110.15,67.43,42.72,0,C01569
501019,2025-05-03,1000,Wireless Earbuds,Electronics,North America,Website,2,80.93,0.15,137.58,66.18,71.4,0,C00258
501020,2024-08-19,1024,Resistance Bands,Sports,Middle East,Mobile App,1,73.75,0.0,73.75,46.0,27.75,0,C00496
501021,2024-01-10,1012,Jacket,Apparel,North America,Mobile App,1,88.76,0.0,88.76,39.21,49.55,0,C00075
501022,2024-05-03,1020,Yoga Mat,Sports,Latin America,Mobile App,3,27.52,0.0,82.56,42.45,40.11,0,C00500
501023,2025-05-04,1005,Air Fryer,Home & Kitchen,North America,Website,1,16.13,0.0,16.13,6.54,9.59,1,C00270
501024,2024-04-01,1007,Blender,Home & Kitchen,North America,Website,1,29.86,0.2,23.89,18.64,5.25,1,C01400
501025,2025-01-11,1009,Vacuum Cleaner,Home & Kitchen,Asia Pacific,Website,1,64.34,0.0,64.34,37.4,26.94,1,C01694
501026,2024-05-16,1024,Resistance Bands,Sports,Europe,Website,1,73.75,0.0,73.75,46.0,27.75,0,C00852
501027,2025-07-30,1010,T-Shirt,Apparel,North America,Mobile App,2,79.05,0.2,126.48,101.78,24.7,0,C00336
501028,2024-06-17,1008,Cookware Set,Home & Kitchen,Latin America,Website,1,55.01,0.0,55.01,27.82,27.19,0,C00900
501029,2024-08-06,1006,Coffee Maker,Home & Kitchen,Europe,Marketplace,2,110.15,0.0,220.3,134.86,85.44,0,C00167
501030,2025-09-22,1024,Resistance Bands,Sports,Latin America,Marketplace,1,73.75,0.1,66.38,46.0,20.38,0,C01779
501031,2024-03-29,1007,Blender,Home & Kitchen,North America,Website,2,29.86,0.05,56.73,37.28,19.45,0,C00051
501032,2024-05-06,1021,Dumbbells,Sports,Middle East,Mobile App,1,18.19,0.0,18.19,7.58,10.61,0,C01199
501033,2024-12-25,1017,Moisturizer,Beauty,Latin America,Website,1,177.23,0.0,177.23,77.42,99.81,0,C01133
501034,2024-05-23,1023,Water Bottle,Sports,Europe,Website,2,55.97,0.0,111.94,56.76,55.18,0,C00397
501035,2024-03-27,1006,Coffee Maker,Home & Kitchen,Europe,Mobile App,1,110.15,0.15,93.63,67.43,26.2,0,C00129
501036,2025-09-06,1023,Water Bottle,Sports,Middle East,Website,2,55.97,0.0,111.94,56.76,55.18,1,C01389
501037,2025-12-08,1005,Air Fryer,Home & Kitchen,North America,Mobile App,1,16.13,0.0,16.13,6.54,9.59,1,C01294
501038,2025-11-05,1013,Sneakers,Apparel,Asia Pacific,Website,1,39.27,0.0,39.27,19.98,19.29,0,C01038
501039,2025-09-13,1002,Bluetooth Speaker,Electronics,Middle East,Website,2,26.25,0.0,52.5,33.4,19.1,1,C00765
501040,2025-02-05,1005,Air Fryer,Home & Kitchen,Asia Pacific,Mobile App,3,16.13,0.05,45.97,19.62,26.35,0,C01796
501041,2024-09-02,1023,Water Bottle,Sports,Latin America,Website,4,55.97,0.15,190.3,113.52,76.78,0,C01143
501042,2024-09-03,1016,Shampoo,Beauty,Latin America,Mobile App,1,24.14,0.0,24.14,9.88,14.26,0,C01173
501043,2024-03-13,1021,Dumbbells,Sports,Middle East,Marketplace,1,18.19,0.0,18.19,7.58,10.61,0,C00810
501044,2024-01-13,1009,Vacuum Cleaner,Home & Kitchen,Asia Pacific,Marketplace,1,64.34,0.0,64.34,37.4,26.94,0,C00913
501045,2024-05-15,1008,Cookware Set,Home & Kitchen,Latin America,Marketplace,1,55.01,0.0,55.01,27.82,27.19,0,C00550
501046,2025-08-05,1018,Lipstick,Beauty,Latin America,Website,4,41.98,0.0,167.92,111.4,56.52,0,C01321
501047,2025-11-30,1003,Laptop Stand,Electronics,Europe,Mobile App,3,22.02,0.0,66.06,28.08,37.98,0,C01745
501048,2024-03-15,1006,Coffee Maker,Home & Kitchen,North America,Mobile App,1,110.15,0.0,110.15,67.43,42.72,0,C01383
501049,2024-01-15,1020,Yoga Mat,Sports,Asia Pacific,Website,2,27.52,0.0,55.04,28.3,26.74,0,C00580
501050,2024-03-02,1006,Coffee Maker,Home & Kitchen,Latin America,Mobile App,1,110.15,0.0,110.15,67.43,42.72,0,C00060
501051,2025-10-05,1020,Yoga Mat,Sports,Middle East,Mobile App,2,27.52,0.0,55.04,28.3,26.74,0,C01670
501052,2025-03-09,1024,Resistance Bands,Sports,Latin America,Website,1,73.75,0.0,73.75,46.0,27.75,0,C00216
501053,2025-07-03,1005,Air Fryer,Home & Kitchen,Middle East,Mobile App,2,16.13,0.0,32.26,13.08,19.18,0,C01085
501054,2024-10-11,1013,Sneakers,Apparel,North America,Website,1,39.27,0.0,39.27,19.98,19.29,0,C00076
501055,2025-06-07,1011,Jeans,Apparel,Europe,Marketplace,1,48.52,0.0,48.52,26.91,21.61,0,C01118
501056,2024-06-08,1020,Yoga Mat,Sports,Middle East,Website,1,27.52,0.0,27.52,14.15,13.37,0,C00743
501057,2025-08-23,1004,USB-C Hub,Electronics,North America,Website,1,109.12,0.0,109.12,50.08,59.04,1,C00441
501058,2025-03-23,1007,Blender,Home & Kitchen,Europe,Website,1,29.86,0.05,28.37,18.64,9.73,0,C01125
501059,2024-03-29,1020,Yoga Mat,Sports,Latin America,Website,1,27.52,0.0,27.52,14.15,13.37,0,C01480
501060,2025-09-18,1006,Coffee Maker,Home & Kitchen,Middle East,Website,1,110.15,0.05,104.64,67.43,37.21,0,C00512
501061,2025-11-13,1019,Sunscreen,Beauty,Europe,Website,2,106.12,0.0,212.24,112.64,99.6,0,C00317
501062,2025-12-25,1002,Bluetooth Speaker,Electronics,Europe,Mobile App,2,26.25,0.0,52.5,33.4,19.1,0,C00639
501063,2024-06-16,1023,Water Bottle,Sports,Latin America,Marketplace,1,55.97,0.15,47.57,28.38,19.19,0,C00353
501064,2025-06-19,1022,Running Shoes,Sports,Middle East,Mobile App,2,51.96,0.1,93.53,48.82,44.71,0,C00579
501065,2024-09-22,1015,Face Serum,Beauty,Europe,Website,1,80.28,0.0,80.28,50.57,29.71,0,C00765
501066,2024-10-02,1000,Wireless Earbuds,Electronics,North America,Mobile App,1,80.93,0.0,80.93,33.09,47.84,0,C01357
501067,2024-01-31,1016,Shampoo,Beauty,Asia Pacific,Mobile App,1,24.14,0.05,22.93,9.88,13.05,0,C00167
501068,2024-10-05,1013,Sneakers,Apparel,Middle East,Website,2,39.27,0.0,78.54,39.96,38.58,0,C01716
501069,2025-12-30,1013,Sneakers,Apparel,Middle East,Mobile App,2,39.27,0.0,78.54,39.96,38.58,0,C01272
501070,2025-05-23,1006,Coffee Maker,Home & Kitchen,Latin America,Mobile App,1,110.15,0.1,99.14,67.43,31.71,0,C00849
501071,2024-02-26,1008,Cookware Set,Home & Kitchen,Latin America,Marketplace,1,55.01,0.2,44.01,27.82,16.19,0,C00562
501072,2024-06-19,1009,Vacuum Cleaner,Home & Kitchen,Asia Pacific,Website,1,64.34,0.05,61.12,37.4,23.72,0,C00298
501073,2024-04-15,1010,T-Shirt,Apparel,Middle East,Mobile App,1,79.05,0.0,79.05,50.89,28.16,0,C01040
501074,2024-04-28,1009,Vacuum Cleaner,Home & Kitchen,Europe,Mobile App,1,64.34,0.0,64.34,37.4,26.94,0,C00887
501075,2024-01-03,1023,Water Bottle,Sports,North America,Marketplace,1,55.97,0.0,55.97,28.38,27.59,0,C00328
501076,2024-01-13,1006,Coffee Maker,Home & Kitchen,Europe,Website,1,110.15,0.0,110.15,67.43,42.72,0,C00312
501077,2025-01-07,1015,Face Serum,Beauty,Latin America,Marketplace,2,80.28,0.0,160.56,101.14,59.42,0,C01461
501078,2024-07-02,1022,Running Shoes,Sports,North America,Mobile App,2,51.96,0.0,103.92,48.82,55.1,0,C01774
501079,2025-11-02,1009,Vacuum Cleaner,Home & Kitchen,Latin America,Website,1,64.34,0.2,51.47,37.4,14.07,0,C01629
501080,2024-09-11,1015,Face Serum,Beauty,Latin America,Marketplace,1,80.28,0.0,80.28,50.57,29.71,0,C01575
501081,2024-11-23,1015,Face Serum,Beauty,Asia Pacific,Mobile App,1,80.28,0.15,68.24,50.57,17.67,0,C00513
501082,2025-08-08,1011,Jeans,Apparel,Asia Pacific,Website,1,48.52,0.0,48.52,26.91,21.61,0,C00363
501083,2025-11-20,1001,Smart Watch,Electronics,North America,Website,4,123.31,0.0,493.24,239.6,253.64,0,C01305
501084,2025-06-12,1007,Blender,Home & Kitchen,North America,Marketplace,2,29.86,0.15,50.76,37.28,13.48,0,C01430
501085,2024-03-11,1022,Running Shoes,Sports,Latin America,Marketplace,1,51.96,0.0,51.96,24.41,27.55,0,C01628
501086,2024-11-14,1016,Shampoo,Beauty,Asia Pacific,Website,4,24.14,0.05,91.73,39.52,52.21,1,C00508
501087,2025-04-12,1013,Sneakers,Apparel,North America,Website,2,39.27,0.0,78.54,39.96,38.58,0,C01314
501088,2024-10-25,1015,Face Serum,Beauty,Middle East,Mobile App,2,80.28,0.0,160.56,101.14,59.42,1,C00110
501089,2025-09-29,1020,Yoga Mat,Sports,Europe,Website,1,27.52,0.0,27.52,14.15,13.37,0,C00117
501090,2025-08-28,1013,Sneakers,Apparel,Latin America,Marketplace,1,39.27,0.05,37.31,19.98,17.33,0,C00220
501091,2024-07-19,1022,Running Shoes,Sports,Middle East,Mobile App,2,51.96,0.0,103.92,48.82,55.1,0,C00207
501092,2024-09-08,1010,T-Shirt,Apparel,Europe,Website,2,79.05,0.0,158.1,101.78,56.32,0,C01106
501093,2025-02-23,1014,Hoodie,Apparel,North America,Website,3,71.73,0.2,172.15,148.29,23.86,0,C00318
501094,2024-12-20,1005,Air Fryer,Home & Kitchen,North America,Marketplace,1,16.13,0.0,16.13,6.54,9.59,0,C00259
501095,2024-01-02,1012,Jacket,Apparel,Latin America,Mobile App,1,88.76,0.0,88.76,39.21,49.55,0,C00917
501096,2024-11-10,1004,USB-C Hub,Electronics,North America,Website,1,109.12,0.2,87.3,50.08,37.22,1,C01094
501097,2024-08-31,1004,USB-C Hub,Electronics,Latin America,Website,2,109.12,0.0,218.24,100.16,118.08,0,C00089
501098,2024-03-02,1017,Moisturizer,Beauty,Europe,Mobile App,1,177.23,0.1,159.51,77.42,82.09,0,C01483
501099,2024-04-05,1001,Smart Watch,Electronics,North America,Marketplace,1,123.31,0.0,123.31,59.9,63.41,0,C00970
501100,2025-06-16,1024,Resistance Bands,Sports,Latin America,Mobile App,2,73.75,0.1,132.75,92.0,40.75,0,C00357
501101,2025-01-16,1006,Coffee Maker,Home & Kitchen,Latin America,Marketplace,2,110.15,0.0,220.3,134.86,85.44,0,C00463
501102,2024-03-27,1017,Moisturizer,Beauty,Middle East,Website,1,177.23,0.05,168.37,77.42,90.95,0,C00645
501103,2024-05-16,1010,T-Shirt,Apparel,Latin America,Website,1,79.05,0.15,67.19,50.89,16.3,0,C01411
501104,2025-08-04,1008,Cookware Set,Home & Kitchen,North America,Website,1,55.01,0.15,46.76,27.82,18.94,0,C00672
501105,2024-05-13,1020,Yoga Mat,Sports,Europe,Website,1,27.52,0.0,27.52,14.15,13.37,0,C00903
501106,2024-11-18,1010,T-Shirt,Apparel,Latin America,Mobile App,2,79.05,0.0,158.1,101.78,56.32,0,C01300
501107,2024-11-30,1023,Water Bottle,Sports,Asia Pacific,Website,2,55.97,0.05,106.34,56.76,49.58,0,C01485
501108,2024-08-27,1005,Air Fryer,Home & Kitchen,North America,Marketplace,1,16.13,0.0,16.13,6.54,9.59,0,C01087
501109,2024-05-19,1006,Coffee Maker,Home & Kitchen,Middle East,Website,1,110.15,0.1,99.14,67.43,31.71,0,C00510
501110,2024-04-18,1018,Lipstick,Beauty,Europe,Website,2,41.98,0.0,83.96,55.7,28.26,0,C00410
501111,2024-11-17,1017,Moisturizer,Beauty,Latin America,Website,1,177.23,0.0,177.23,77.42,99.81,0,C00756
501112,2025-01-01,1002,Bluetooth Speaker,Electronics,Europe,Website,1,26.25,0.05,24.94,16.7,8.24,0,C01643
501113,2025-04-19,1010,T-Shirt,Apparel,Asia Pacific,Marketplace,3,79.05,0.0,237.15,152.67,84.48,0,C00438
501114,2024-04-02,1013,Sneakers,Apparel,Europe,Mobile App,3,39.27,0.1,106.03,59.94,46.09,0,C00598
501115,2024-11-07,1008,Cookware Set,Home & Kitchen,Middle East,Website,1,55.01,0.1,49.51,27.82,21.69,0,C00389
501116,2024-12-01,1010,T-Shirt,Apparel,Europe,Website,3,79.05,0.0,237.15,152.67,84.48,0,C00221
501117,2024-09-11,1004,USB-C Hub,Electronics,Asia Pacific,Website,2,109.12,0.0,218.24,100.16,118.08,0,C01204
501118,2024-02-20,1000,Wireless Earbuds,Electronics,Asia Pacific,Website,1,80.93,0.0,80.93,33.09,47.84,0,C00977
501119,2024-06-27,1016,Shampoo,Beauty,North America,Marketplace,2,24.14,0.0,48.28,19.76,28.52,0,C00878
501120,2025-04-08,1010,T-Shirt,Apparel,Middle East,Mobile App,1,79.05,0.0,79.05,50.89,28.16,0,C00320
501121,2024-09-12,1005,Air Fryer,Home & Kitchen,North America,Website,2,16.13,0.0,32.26,13.08,19.18,0,C00916
501122,2024-05-23,1001,Smart Watch,Electronics,North America,Website,1,123.31,0.05,117.14,59.9,57.24,0,C00373
501123,2024-08-15,1006,Coffee Maker,Home & Kitchen,Europe,Website,2,110.15,0.0,220.3,134.86,85.44,0,C00444
501124,2025-02-14,1009,Vacuum Cleaner,Home & Kitchen,Asia Pacific,Mobile App,1,64.34,0.2,51.47,37.4,14.07,0,C01423
501125,2025-10-22,1024,Resistance Bands,Sports,North America,Mobile App,1,73.75,0.0,73.75,46.0,27.75,0,C00874
501126,2024-09-22,1001,Smart Watch,Electronics,North America,Website,1,123.31,0.1,110.98,59.9,51.08,0,C00961
501127,2024-03-07,1024,Resistance Bands,Sports,Europe,Marketplace,1,73.75,0.2,59.0,46.0,13.0,1,C00385
501128,2025-03-30,1008,Cookware Set,Home & Kitchen,Europe,Website,2,55.01,0.0,110.02,55.64,54.38,0,C00721
501129,2024-12-05,1023,Water Bottle,Sports,North America,Website,1,55.97,0.0,55.97,28.38,27.59,0,C01537
501130,2025-04-17,1016,Shampoo,Beauty,North America,Website,1,24.14,0.1,21.73,9.88,11.85,0,C00715
501131,2025-08-10,1017,Moisturizer,Beauty,Latin America,Mobile App,1,177.23,0.05,168.37,77.42,90.95,0,C01579
501132,2025-02-08,1002,Bluetooth Speaker,Electronics,Latin America,Website,3,26.25,0.15,66.94,50.1,16.84,0,C00167
501133,2025-11-30,1003,Laptop Stand,Electronics,Latin America,Website,1,22.02,0.0,22.02,9.36,12.66,0,C01688
501134,2024-08-07,1022,Running Shoes,Sports,Europe,Website,1,51.96,0.0,51.96,24.41,27.55,0,C00456
501135,2025-04-01,1001,Smart Watch,Electronics,Europe,Website,3,123.31,0.0,369.93,179.7,190.23,0,C00488
501136,2025-09-26,1002,Bluetooth Speaker,Electronics,Middle East,Website,2,26.25,0.0,52.5,33.4,19.1,0,C00842
501137,2024-10-29,1000,Wireless Earbuds,Electronics,Latin America,Website,1,80.93,0.0,80.93,33.09,47.84,0,C00723
501138,2025-07-17,1022,Running Shoes,Sports,Latin America,Website,1,51.96,0.05,49.36,24.41,24.95,0,C00701
501139,2024-10-13,1019,Sunscreen,Beauty,Latin America,Website,1,106.12,0.05,100.81,56.32,44.49,0,C00544
501140,2024-07-23,1002,Bluetooth Speaker,Electronics,Middle East,Website,1,26.25,0.0,26.25,16.7,9.55,0,C01003
501141,2025-07-10,1010,T-Shirt,Apparel,North America,Marketplace,1,79.05,0.0,79.05,50.89,28.16,0,C01000
501142,2025-01-02,1021,Dumbbells,Sports,Latin America,Mobile App,1,18.19,0.0,18.19,7.58,10.61,0,C01589
501143,2025-05-11,1018,Lipstick,Beauty,Asia Pacific,Marketplace,1,41.98,0.05,39.88,27.85,12.03,0,C00262
501144,2025-05-29,1012,Jacket,Apparel,Asia Pacific,Website,1,88.76,0.0,88.76,39.21,49.55,0,C00162
501145,2024-07-03,1010,T-Shirt,Apparel,North America,Website,3,79.05,0.2,189.72,152.67,37.05,0,C00137
501146,2024-08-12,1022,Running Shoes,Sports,North America,Marketplace,2,51.96,0.05,98.72,48.82,49.9,0,C00169
501147,2024-10-14,1013,Sneakers,Apparel,North America,Mobile App,1,39.27,0.0,39.27,19.98,19.29,0,C01707
501148,2025-04-28,1003,Laptop Stand,Electronics,Middle East,Website,2,22.02,0.0,44.04,18.72,25.32,0,C00509
501149,2025-08-21,1015,Face Serum,Beauty,Europe,Marketplace,1,80.28,0.05,76.27,50.57,25.7,0,C00368
501150,2024-04-12,1016,Shampoo,Beauty,Europe,Mobile App,1,24.14,0.0,24.14,9.88,14.26,0,C00622
501151,2024-09-29,1009,Vacuum Cleaner,Home & Kitchen,Middle East,Mobile App,1,64.34,0.05,61.12,37.4,23.72,0,C00084
501152,2024-02-27,1007,Blender,Home & Kitchen,Europe,Mobile App,1,29.86,0.15,25.38,18.64,6.74,0,C00491
501153,2025-02-01,1019,Sunscreen,Beauty,Asia Pacific,Marketplace,1,106.12,0.2,84.9,56.32,28.58,0,C01071
501154,2024-06-26,1022,Running Shoes,Sports,Europe,Website,1,51.96,0.0,51.96,24.41,27.55,0,C00282
501155,2024-11-21,1022,Running Shoes,Sports,Asia Pacific,Marketplace,1,51.96,0.0,51.96,24.41,27.55,0,C01523
501156,2024-01-29,1006,Coffee Maker,Home & Kitchen,Asia Pacific,Marketplace,1,110.15,0.15,93.63,67.43,26.2,1,C01061
501157,2025-07-31,1003,Laptop Stand,Electronics,Europe,Mobile App,1,22.02,0.0,22.02,9.36,12.66,0,C00810
501158,2024-07-11,1006,Coffee Maker,Home & Kitchen,Latin America,Mobile App,1,110.15,0.0,110.15,67.43,42.72,1,C01399
501159,2024-06-28,1020,Yoga Mat,Sports,Latin America,Website,1,27.52,0.0,27.52,14.15,13.37,0,C01314
501160,2024-02-27,1009,Vacuum Cleaner,Home & Kitchen,Europe,Mobile App,1,64.34,0.0,64.34,37.4,26.94,0,C00905
501161,2024-01-21,1013,Sneakers,Apparel,Middle East,Website,2,39.27,0.0,78.54,39.96,38.58,0,C01453
501162,2024-12-05,1024,Resistance Bands,Sports,Middle East,Website,1,73.75,0.05,70.06,46.0,24.06,0,C01677
501163,2024-05-13,1023,Water Bottle,Sports,Asia Pacific,Mobile App,4,55.97,0.0,223.88,113.52,110.36,0,C01151
501164,2024-11-27,1016,Shampoo,Beauty,North America,Website,1,24.14,0.0,24.14,9.88,14.26,0,C00474
501165,2025-08-23,1018,Lipstick,Beauty,Europe,Mobile App,2,41.98,0.1,75.56,55.7,19.86,1,C00643
501166,2025-06-22,1003,Laptop Stand,Electronics,Asia Pacific,Marketplace,1,22.02,0.0,22.02,9.36,12.66,0,C01134
501167,2025-01-17,1005,Air Fryer,Home & Kitchen,Latin America,Mobile App,1,16.13,0.0,16.13,6.54,9.59,0,C01459
501168,2024-12-10,1010,T-Shirt,Apparel,Asia Pacific,Website,3,79.05,0.0,237.15,152.67,84.48,0,C00578
501169,2024-06-10,1019,Sunscreen,Beauty,Latin America,Mobile App,2,106.12,0.15,180.4,112.64,67.76,0,C00196
501170,2025-05-13,1002,Bluetooth Speaker,Electronics,Asia Pacific,Website,1,26.25,0.0,26.25,16.7,9.55,0,C00257
501171,2025-07-29,1005,Air Fryer,Home & Kitchen,Middle East,Mobile App,1,16.13,0.0,16.13,6.54,9.59,1,C00233
501172,2024-08-16,1009,Vacuum Cleaner,Home & Kitchen,Middle East,Mobile App,1,64.34,0.0,64.34,37.4,26.94,1,C01112
501173,2025-01-22,1023,Water Bottle,Sports,Asia Pacific,Mobile App,3,55.97,0.0,167.91,85.14,82.77,0,C01571
501174,2024-10-28,1011,Jeans,Apparel,Europe,Website,1,48.52,0.0,48.52,26.91,21.61,0,C00254
501175,2024-01-02,1010,T-Shirt,Apparel,Middle East,Website,1,79.05,0.05,75.1,50.89,24.21,0,C01087
501176,2025-08-04,1001,Smart Watch,Electronics,North America,Website,2,123.31,0.2,197.3,119.8,77.5,0,C01132
501177,2024-11-21,1023,Water Bottle,Sports,Middle East,Website,1,55.97,0.0,55.97,28.38,27.59,0,C01782
501178,2025-08-02,1012,Jacket,Apparel,North America,Marketplace,1,88.76,0.0,88.76,39.21,49.55,0,C01262
501179,2024-05-24,1014,Hoodie,Apparel,Asia Pacific,Mobile App,3,71.73,0.05,204.43,148.29,56.14,0,C00800
501180,2024-08-31,1003,Laptop Stand,Electronics,Asia Pacific,Marketplace,2,22.02,0.15,37.43,18.72,18.71,1,C00451
501181,2024-06-20,1021,Dumbbells,Sports,North America,Mobile App,2,18.19,0.05,34.56,15.16,19.4,1,C01333
501182,2025-11-17,1010,T-Shirt,Apparel,Asia Pacific,Website,1,79.05,0.0,79.05,50.89,28.16,0,C01285
501183,2024-09-28,1002,Bluetooth Speaker,Electronics,Europe,Website,1,26.25,0.0,26.25,16.7,9.55,0,C00031
501184,2024-03-10,1014,Hoodie,Apparel,Asia Pacific,Website,1,71.73,0.05,68.14,49.43,18.71,0,C00302
501185,2024-04-20,1000,Wireless Earbuds,Electronics,North America,Website,2,80.93,0.0,161.86,66.18,95.68,1,C00621
501186,2025-03-24,1021,Dumbbells,Sports,Latin America,Marketplace,1,18.19,0.0,18.19,7.58,10.61,0,C00285
501187,2025-02-27,1009,Vacuum Cleaner,Home & Kitchen,Latin America,Marketplace,1,64.34,0.0,64.34,37.4,26.94,0,C00594
501188,2024-12-25,1019,Sunscreen,Beauty,Middle East,Website,1,106.12,0.05,100.81,56.32,44.49,0,C00384
501189,2025-05-05,1003,Laptop Stand,Electronics,Middle East,Mobile App,4,22.02,0.15,74.87,37.44,37.43,0,C01212
501190,2025-12-04,1015,Face Serum,Beauty,Europe,Website,1,80.28,0.0,80.28,50.57,29.71,0,C00173
501191,2024-03-16,1002,Bluetooth Speaker,Electronics,North America,Website,3,26.25,0.0,78.75,50.1,28.65,0,C00643
501192,2024-11-22,1020,Yoga Mat,Sports,Asia Pacific,Marketplace,1,27.52,0.0,27.52,14.15,13.37,1,C00779
501193,2024-03-16,1004,USB-C Hub,Electronics,Asia Pacific,Website,2,109.12,0.0,218.24,100.16,118.08,0,C01520
501194,2025-01-19,1003,Laptop Stand,Electronics,Europe,Mobile App,1,22.02,0.05,20.92,9.36,11.56,0,C01666
501195,2025-07-14,1004,USB-C Hub,Electronics,North America,Website,1,109.12,0.0,109.12,50.08,59.04,0,C01628
501196,2025-09-20,1006,Coffee Maker,Home & Kitchen,Latin America,Mobile App,1,110.15,0.2,88.12,67.43,20.69,0,C01062
501197,2025-03-17,1007,Blender,Home & Kitchen,Europe,Mobile App,1,29.86,0.0,29.86,18.64,11.22,0,C01684
501198,2025-03-20,1015,Face Serum,Beauty,Europe,Website,1,80.28,0.0,80.28,50.57,29.71,0,C01014
501199,2024-12-05,1001,Smart Watch,Electronics,Europe,Marketplace,2,123.31,0.0,246.62,119.8,126.82,0,C00457
501200,2025-02-23,1007,Blender,Home & Kitchen,Middle East,Mobile App,1,29.86,0.15,25.38,18.64,6.74,0,C01262
501201,2025-07-07,1011,Jeans,Apparel,Asia Pacific,Mobile App,1,48.52,0.2,38.82,26.91,11.91,0,C00704
501202,2024-10-31,1022,Running Shoes,Sports,Europe,Website,1,51.96,0.0,51.96,24.41,27.55,0,C01650
501203,2025-02-06,1024,Resistance Bands,Sports,Middle East,Mobile App,1,73.75,0.0,73.75,46.0,27.75,0,C00752
501204,2025-05-17,1016,Shampoo,Beauty,Europe,Website,3,24.14,0.0,72.42,29.64,42.78,0,C01531
501205,2024-01-04,1008,Cookware Set,Home & Kitchen,Latin America,Website,1,55.01,0.0,55.01,27.82,27.19,0,C01251
501206,2025-11-08,1018,Lipstick,Beauty,Middle East,Website,3,41.98,0.05,119.64,83.55,36.09,0,C00780
501207,2024-04-09,1012,Jacket,Apparel,North America,Website,1,88.76,0.0,88.76,39.21,49.55,1,C00384
501208,2025-10-15,1022,Running Shoes,Sports,Asia Pacific,Marketplace,1,51.96,0.1,46.76,24.41,22.35,0,C00667
501209,2025-04-29,1011,Jeans,Apparel,North America,Website,2,48.52,0.2,77.63,53.82,23.81,0,C01181
501210,2025-02-11,1019,Sunscreen,Beauty,Latin America,Website,4,106.12,0.15,360.81,225.28,135.53,0,C00626
501211,2025-11-07,1007,Blender,Home & Kitchen,Asia Pacific,Website,1,29.86,0.0,29.86,18.64,11.22,0,C01446
501212,2025-07-11,1011,Jeans,Apparel,Latin America,Website,2,48.52,0.05,92.19,53.82,38.37,0,C00221
501213,2025-01-25,1020,Yoga Mat,Sports,Asia Pacific,Website,2,27.52,0.05,52.29,28.3,23.99,0,C00845
501214,2024-02-15,1018,Lipstick,Beauty,Asia Pacific,Website,1,41.98,0.0,41.98,27.85,14.13,0,C00777
501215,2024-09-26,1003,Laptop Stand,Electronics,Europe,Mobile App,1,22.02,0.1,19.82,9.36,10.46,0,C00375
501216,2025-07-31,1008,Cookware Set,Home & Kitchen,North America,Website,1,55.01,0.0,55.01,27.82,27.19,0,C00007
501217,2025-12-14,1012,Jacket,Apparel,North America,Website,1,88.76,0.0,88.76,39.21,49.55,0,C00828
501218,2024-12-18,1017,Moisturizer,Beauty,Middle East,Website,2,177.23,0.05,336.74,154.84,181.9,0,C00437
501219,2025-08-26,1019,Sunscreen,Beauty,Europe,Mobile App,1,106.12,0.1,95.51,56.32,39.19,0,C01558
501220,2025-01-31,1005,Air Fryer,Home & Kitchen,Middle East,Website,2,16.13,0.1,29.03,13.08,15.95,0,C01600
501221,2025-07-02,1014,Hoodie,Apparel,Latin America,Mobile App,1,71.73,0.0,71.73,49.43,22.3,1,C00563
501222,2024-08-29,1005,Air Fryer,Home & Kitchen,Latin America,Website,1,16.13,0.2,12.9,6.54,6.36,1,C01166
501223,2025-02-08,1013,Sneakers,Apparel,North America,Mobile App,2,39.27,0.05,74.61,39.96,34.65,0,C01125
501224,2025-06-13,1006,Coffee Maker,Home & Kitchen,Middle East,Mobile App,1,110.15,0.1,99.14,67.43,31.71,0,C01631
501225,2025-09-27,1003,Laptop Stand,Electronics,Europe,Website,1,22.02,0.0,22.02,9.36,12.66,0,C00196
501226,2025-04-04,1021,Dumbbells,Sports,Europe,Marketplace,3,18.19,0.0,54.57,22.74,31.83,0,C01221
501227,2024-06-20,1020,Yoga Mat,Sports,Europe,Mobile App,1,27.52,0.0,27.52,14.15,13.37,0,C01178
501228,2024-05-09,1000,Wireless Earbuds,Electronics,North America,Website,1,80.93,0.1,72.84,33.09,39.75,0,C00744
501229,2025-11-30,1021,Dumbbells,Sports,Latin America,Website,2,18.19,0.0,36.38,15.16,21.22,0,C00704
501230,2025-10-04,1010,T-Shirt,Apparel,Europe,Mobile App,2,79.05,0.0,158.1,101.78,56.32,0,C00031
501231,2024-09-21,1021,Dumbbells,Sports,Asia Pacific,Marketplace,2,18.19,0.15,30.92,15.16,15.76,0,C00271
501232,2024-03-09,1007,Blender,Home & Kitchen,North America,Website,1,29.86,0.2,23.89,18.64,5.25,0,C00733
501233,2025-02-10,1021,Dumbbells,Sports,Middle East,Website,1,18.19,0.2,14.55,7.58,6.97,0,C01480
501234,2024-10-09,1006,Coffee Maker,Home & Kitchen,Middle East,Website,1,110.15,0.0,110.15,67.43,42.72,0,C01533
501235,2024-01-13,1021,Dumbbells,Sports,Middle East,Mobile App,1,18.19,0.1,16.37,7.58,8.79,0,C00316
501236,2025-03-05,1010,T-Shirt,Apparel,North America,Website,1,79.05,0.0,79.05,50.89,28.16,0,C00498
501237,2024-05-31,1012,Jacket,Apparel,Middle East,Mobile App,2,88.76,0.05,168.64,78.42,90.22,0,C01720
501238,2024-04-12,1000,Wireless Earbuds,Electronics,North America,Mobile App,2,80.93,0.0,161.86,66.18,95.68,0,C01548
501239,2024-04-13,1023,Water Bottle,Sports,Asia Pacific,Marketplace,1,55.97,0.0,55.97,28.38,27.59,0,C01552
501240,2024-12-18,1013,Sneakers,Apparel,Latin America,Website,1,39.27,0.0,39.27,19.98,19.29,0,C00915
501241,2025-11-01,1013,Sneakers,Apparel,Latin America,Mobile App,1,39.27,0.0,39.27,19.98,19.29,0,C00030
501242,2025-04-29,1020,Yoga Mat,Sports,North America,Website,2,27.52,0.1,49.54,28.3,21.24,0,C00033
501243,2025-02-16,1024,Resistance Bands,Sports,Europe,Mobile App,2,73.75,0.0,147.5,92.0,55.5,0,C01396
501244,2025-11-28,1001,Smart Watch,Electronics,Latin America,Website,1,123.31,0.0,123.31,59.9,63.41,0,C01562
501245,2024-12-05,1013,Sneakers,Apparel,Europe,Website,1,39.27,0.1,35.34,19.98,15.36,0,C00834
501246,2025-05-01,1008,Cookware Set,Home & Kitchen,Asia Pacific,Marketplace,1,55.01,0.05,52.26,27.82,24.44,0,C00516
501247,2024-01-21,1005,Air Fryer,Home & Kitchen,Asia Pacific,Mobile App,1,16.13,0.2,12.9,6.54,6.36,0,C00866
501248,2024-11-06,1000,Wireless Earbuds,Electronics,Asia Pacific,Website,2,80.93,0.0,161.86,66.18,95.68,0,C01249
501249,2025-05-18,1001,Smart Watch,Electronics,North America,Marketplace,2,123.31,0.0,246.62,119.8,126.82,0,C01395
501250,2024-08-21,1007,Blender,Home & Kitchen,Europe,Website,1,29.86,0.1,26.87,18.64,8.23,0,C01789
501251,2025-03-29,1014,Hoodie,Apparel,Asia Pacific,Website,1,71.73,0.0,71.73,49.43,22.3,0,C01451
501252,2025-03-02,1017,Moisturizer,Beauty,Middle East,Mobile App,3,177.23,0.0,531.69,232.26,299.43,0,C00402
501253,2024-07-11,1019,Sunscreen,Beauty,Latin America,Website,1,106.12,0.0,106.12,56.32,49.8,0,C01335
501254,2025-02-20,1020,Yoga Mat,Sports,Latin America,Mobile App,2,27.52,0.0,55.04,28.3,26.74,0,C00750
501255,2025-01-17,1004,USB-C Hub,Electronics,North America,Mobile App,1,109.12,0.05,103.66,50.08,53.58,0,C00599
501256,2024-06-11,1020,Yoga Mat,Sports,North America,Website,1,27.52,0.0,27.52,14.15,13.37,0,C01426
501257,2025-06-02,1001,Smart Watch,Electronics,Latin America,Website,1,123.31,0.05,117.14,59.9,57.24,0,C00477
501258,2025-06-20,1006,Coffee Maker,Home & Kitchen,Middle East,Website,1,110.15,0.0,110.15,67.43,42.72,0,C00876
501259,2024-07-16,1001,Smart Watch,Electronics,Europe,Mobile App,1,123.31,0.0,123.31,59.9,63.41,0,C01381
501260,2024-09-12,1003,Laptop Stand,Electronics,North America,Website,1,22.02,0.0,22.02,9.36,12.66,0,C01281
501261,2025-01-04,1014,Hoodie,Apparel,Europe,Website,1,71.73,0.0,71.73,49.43,22.3,0,C00230
501262,2025-04-20,1001,Smart Watch,Electronics,Middle East,Website,4,123.31,0.0,493.24,239.6,253.64,0,C00230
501263,2024-05-06,1014,Hoodie,Apparel,North America,Website,4,71.73,0.0,286.92,197.72,89.2,0,C01502
501264,2025-05-15,1007,Blender,Home & Kitchen,Middle East,Website,1,29.86,0.0,29.86,18.64,11.22,0,C00985
501265,2025-04-30,1004,USB-C Hub,Electronics,Middle East,Mobile App,3,109.12,0.1,294.62,150.24,144.38,0,C01154
501266,2024-12-18,1012,Jacket,Apparel,Europe,Mobile App,2,88.76,0.0,177.52,78.42,99.1,1,C00684
501267,2024-09-21,1006,Coffee Maker,Home & Kitchen,North America,Website,1,110.15,0.0,110.15,67.43,42.72,0,C00625
501268,2025-01-30,1005,Air Fryer,Home & Kitchen,North America,Website,1,16.13,0.0,16.13,6.54,9.59,0,C01137
501269,2025-08-08,1001,Smart Watch,Electronics,Europe,Marketplace,1,123.31,0.05,117.14,59.9,57.24,0,C00873
501270,2025-10-24,1004,USB-C Hub,Electronics,Europe,Mobile App,1,109.12,0.0,109.12,50.08,59.04,0,C01255
501271,2024-10-02,1006,Coffee Maker,Home & Kitchen,Latin America,Mobile App,1,110.15,0.0,110.15,67.43,42.72,0,C00540
501272,2025-11-29,1004,USB-C Hub,Electronics,North America,Website,2,109.12,0.2,174.59,100.16,74.43,0,C01263
501273,2024-05-15,1008,Cookware Set,Home & Kitchen,Europe,Mobile App,1,55.01,0.05,52.26,27.82,24.44,0,C01309
501274,2024-01-09,1005,Air Fryer,Home & Kitchen,Europe,Website,2,16.13,0.0,32.26,13.08,19.18,0,C00654
501275,2024-11-08,1016,Shampoo,Beauty,Asia Pacific,Website,1,24.14,0.0,24.14,9.88,14.26,0,C00332
501276,2025-01-20,1001,Smart Watch,Electronics,Asia Pacific,Website,1,123.31,0.0,123.31,59.9,63.41,0,C01539
501277,2024-08-11,1020,Yoga Mat,Sports,Latin America,Website,1,27.52,0.0,27.52,14.15,13.37,0,C01419
501278,2025-06-17,1000,Wireless Earbuds,Electronics,Middle East,Website,1,80.93,0.1,72.84,33.09,39.75,0,C00367
501279,2024-04-14,1001,Smart Watch,Electronics,North America,Mobile App,1,123.31,0.0,123.31,59.9,63.41,0,C00899
501280,2025-11-09,1005,Air Fryer,Home & Kitchen,Asia Pacific,Mobile App,2,16.13,0.0,32.26,13.08,19.18,0,C00280
501281,2025-08-31,1012,Jacket,Apparel,Middle East,Website,1,88.76,0.05,84.32,39.21,45.11,0,C00410
501282,2025-12-01,1020,Yoga Mat,Sports,North America,Website,1,27.52,0.0,27.52,14.15,13.37,0,C00337
501283,2024-12-10,1013,Sneakers,Apparel,Asia Pacific,Mobile App,1,39.27,0.0,39.27,19.98,19.29,0,C00567
501284,2024-10-10,1016,Shampoo,Beauty,Asia Pacific,Mobile App,1,24.14,0.1,21.73,9.88,11.85,0,C01443
501285,2025-10-29,1004,USB-C Hub,Electronics,Asia Pacific,Website,1,109.12,0.0,109.12,50.08,59.04,0,C00422
501286,2025-06-13,1002,Bluetooth Speaker,Electronics,Europe,Marketplace,1,26.25,0.0,26.25,16.7,9.55,0,C00186
501287,2025-09-06,1007,Blender,Home & Kitchen,Latin America,Mobile App,2,29.86,0.0,59.72,37.28,22.44,0,C01326
501288,2025-11-28,1019,Sunscreen,Beauty,Europe,Mobile App,1,106.12,0.1,95.51,56.32,39.19,0,C01089
501289,2025-11-02,1000,Wireless Earbuds,Electronics,Latin America,Marketplace,1,80.93,0.2,64.74,33.09,31.65,0,C00579
501290,2024-09-22,1016,Shampoo,Beauty,Latin America,Website,1,24.14,0.05,22.93,9.88,13.05,0,C01100
501291,2024-02-06,1010,T-Shirt,Apparel,Middle East,Mobile App,1,79.05,0.0,79.05,50.89,28.16,0,C00433
501292,2025-08-08,1000,Wireless Earbuds,Electronics,Europe,Website,1,80.93,0.0,80.93,33.09,47.84,0,C00545
501293,2024-08-15,1017,Moisturizer,Beauty,Middle East,Mobile App,1,177.23,0.05,168.37,77.42,90.95,1,C01276
501294,2025-05-02,1015,Face Serum,Beauty,Asia Pacific,Mobile App,1,80.28,0.2,64.22,50.57,13.65,0,C00670
501295,2024-06-23,1021,Dumbbells,Sports,Middle East,Website,1,18.19,0.1,16.37,7.58,8.79,0,C00744
501296,2024-04-09,1018,Lipstick,Beauty,Latin America,Website,2,41.98,0.1,75.56,55.7,19.86,0,C01659
501297,2024-09-21,1018,Lipstick,Beauty,Middle East,Mobile App,3,41.98,0.0,125.94,83.55,42.39,0,C00351
501298,2024-07-06,1004,USB-C Hub,Electronics,Asia Pacific,Mobile App,1,109.12,0.0,109.12,50.08,59.04,0,C00901
501299,2024-08-15,1020,Yoga Mat,Sports,Asia Pacific,Website,1,27.52,0.05,26.14,14.15,11.99,1,C01714
501300,2024-11-10,1005,Air Fryer,Home & Kitchen,Latin America,Mobile App,1,16.13,0.0,16.13,6.54,9.59,0,C00747
501301,2024-12-05,1022,Running Shoes,Sports,Asia Pacific,Website,1,51.96,0.0,51.96,24.41,27.55,0,C01657
501302,2024-10-28,1010,T-Shirt,Apparel,Latin America,Marketplace,1,79.05,0.2,63.24,50.89,12.35,0,C00806
501303,2025-04-26,1005,Air Fryer,Home & Kitchen,North America,Marketplace,2,16.13,0.0,32.26,13.08,19.18,0,C00396
501304,2025-08-20,1007,Blender,Home & Kitchen,Middle East,Marketplace,1,29.86,0.0,29.86,18.64,11.22,0,C00794
501305,2024-03-13,1018,Lipstick,Beauty,Latin America,Marketplace,2,41.98,0.0,83.96,55.7,28.26,0,C00178
501306,2025-05-27,1015,Face Serum,Beauty,North America,Marketplace,2,80.28,0.15,136.48,101.14,35.34,0,C00949
501307,2025-01-25,1011,Jeans,Apparel,Middle East,Website,1,48.52,0.0,48.52,26.91,21.61,1,C01179
501308,2024-02-25,1014,Hoodie,Apparel,Europe,Website,1,71.73,0.0,71.73,49.43,22.3,0,C00619
501309,2024-07-24,1007,Blender,Home & Kitchen,Asia Pacific,Website,1,29.86,0.0,29.86,18.64,11.22,0,C01644
501310,2025-08-06,1024,Resistance Bands,Sports,Latin America,Website,1,73.75,0.0,73.75,46.0,27.75,0,C00853
501311,2024-07-03,1022,Running Shoes,Sports,North America,Website,1,51.96,0.0,51.96,24.41,27.55,0,C01516
501312,2025-10-08,1000,Wireless Earbuds,Electronics,Europe,Website,2,80.93,0.0,161.86,66.18,95.68,0,C01097
501313,2024-02-29,1012,Jacket,Apparel,North America,Website,1,88.76,0.0,88.76,39.21,49.55,0,C00785
501314,2024-08-02,1017,Moisturizer,Beauty,Europe,Mobile App,1,177.23,0.0,177.23,77.42,99.81,0,C01520
501315,2024-06-11,1024,Resistance Bands,Sports,Latin America,Mobile App,2,73.75,0.0,147.5,92.0,55.5,0,C00160
501316,2024-03-31,1022,Running Shoes,Sports,Europe,Mobile App,3,51.96,0.0,155.88,73.23,82.65,0,C00230
501317,2025-10-10,1010,T-Shirt,Apparel,Latin America,Website,1,79.05,0.0,79.05,50.89,28.16,0,C01640
501318,2025-05-03,1012,Jacket,Apparel,Latin America,Website,2,88.76,0.0,177.52,78.42,99.1,0,C00761
501319,2025-06-30,1009,Vacuum Cleaner,Home & Kitchen,Europe,Mobile App,1,64.34,0.0,64.34,37.4,26.94,0,C00311
501320,2024-01-15,1018,Lipstick,Beauty,Asia Pacific,Mobile App,2,41.98,0.0,83.96,55.7,28.26,0,C00010
501321,2025-06-27,1019,Sunscreen,Beauty,Europe,Website,1,106.12,0.2,84.9,56.32,28.58,0,C00348
501322,2024-01-05,1003,Laptop Stand,Electronics,Europe,Website,1,22.02,0.0,22.02,9.36,12.66,0,C01455
501323,2024-12-18,1008,Cookware Set,Home & Kitchen,Asia Pacific,Website,1,55.01,0.05,52.26,27.82,24.44,0,C01026
501324,2025-01-27,1019,Sunscreen,Beauty,Middle East,Mobile App,1,106.12,0.0,106.12,56.32,49.8,0,C00587
501325,2024-06-20,1020,Yoga Mat,Sports,North America,Mobile App,1,27.52,0.15,23.39,14.15,9.24,0,C01610
501326,2024-11-01,1006,Coffee Maker,Home & Kitchen,Asia Pacific,Website,1,110.15,0.0,110.15,67.43,42.72,0,C00438
501327,2025-06-16,1022,Running Shoes,Sports,Middle East,Mobile App,1,51.96,0.0,51.96,24.41,27.55,0,C00528
501328,2025-03-20,1002,Bluetooth Speaker,Electronics,Europe,Website,2,26.25,0.0,52.5,33.4,19.1,0,C01657
501329,2025-05-16,1014,Hoodie,Apparel,Asia Pacific,Mobile App,1,71.73,0.0,71.73,49.43,22.3,0,C01103
501330,2024-06-17,1004,USB-C Hub,Electronics,Latin America,Website,1,109.12,0.0,109.12,50.08,59.04,0,C01326
501331,2024-08-17,1016,Shampoo,Beauty,Europe,Website,1,24.14,0.0,24.14,9.88,14.26,0,C01250
501332,2024-01-23,1021,Dumbbells,Sports,Middle East,Mobile App,3,18.19,0.0,54.57,22.74,31.83,0,C00084
501333,2024-05-06,1009,Vacuum Cleaner,Home & Kitchen,Asia Pacific,Mobile App,2,64.34,0.05,122.25,74.8,47.45,0,C01596
501334,2024-02-08,1002,Bluetooth Speaker,Electronics,Latin America,Marketplace,1,26.25,0.0,26.25,16.7,9.55,0,C00644
501335,2024-09-18,1016,Shampoo,Beauty,Middle East,Mobile App,4,24.14,0.0,96.56,39.52,57.04,0,C00749
501336,2025-08-31,1017,Moisturizer,Beauty,North America,Mobile App,1,177.23,0.0,177.23,77.42,99.81,0,C00190
501337,2025-10-31,1000,Wireless Earbuds,Electronics,North America,Website,1,80.93,0.05,76.88,33.09,43.79,0,C00698
501338,2024-04-28,1023,Water Bottle,Sports,Latin America,Website,1,55.97,0.0,55.97,28.38,27.59,1,C00488
501339,2024-05-06,1007,Blender,Home & Kitchen,Middle East,Website,2,29.86,0.1,53.75,37.28,16.47,0,C01265
501340,2025-12-19,1021,Dumbbells,Sports,Europe,Website,1,18.19,0.1,16.37,7.58,8.79,0,C01326
501341,2025-12-03,1012,Jacket,Apparel,North America,Website,1,88.76,0.0,88.76,39.21,49.55,0,C00287
501342,2025-11-08,1006,Coffee Maker,Home & Kitchen,North America,Mobile App,1,110.15,0.0,110.15,67.43,42.72,0,C00276
501343,2024-10-03,1012,Jacket,Apparel,Middle East,Mobile App,1,88.76,0.05,84.32,39.21,45.11,0,C01714
501344,2024-05-20,1018,Lipstick,Beauty,Latin America,Mobile App,1,41.98,0.0,41.98,27.85,14.13,0,C00850
501345,2024-04-17,1010,T-Shirt,Apparel,Middle East,Mobile App,3,79.05,0.05,225.29,152.67,72.62,0,C00438
501346,2024-04-30,1012,Jacket,Apparel,Asia Pacific,Website,4,88.76,0.05,337.29,156.84,180.45,0,C01336
501347,2024-04-18,1016,Shampoo,Beauty,Latin America,Website,1,24.14,0.0,24.14,9.88,14.26,0,C00882
501348,2024-07-23,1023,Water Bottle,Sports,Asia Pacific,Mobile App,1,55.97,0.0,55.97,28.38,27.59,0,C00453
501349,2024-07-25,1003,Laptop Stand,Electronics,Asia Pacific,Mobile App,2,22.02,0.0,44.04,18.72,25.32,0,C00981
501350,2024-10-29,1022,Running Shoes,Sports,Europe,Website,1,51.96,0.0,51.96,24.41,27.55,0,C00666
501351,2025-05-23,1021,Dumbbells,Sports,Europe,Mobile App,1,18.19,0.0,18.19,7.58,10.61,0,C00721
501352,2025-05-07,1015,Face Serum,Beauty,Asia Pacific,Website,1,80.28,0.05,76.27,50.57,25.7,0,C01497
501353,2024-01-14,1013,Sneakers,Apparel,North America,Marketplace,2,39.27,0.2,62.83,39.96,22.87,0,C00478
501354,2025-08-10,1004,USB-C Hub,Electronics,Latin America,Website,1,109.12,0.0,109.12,50.08,59.04,0,C01194
501355,2024-04-02,1006,Coffee Maker,Home & Kitchen,Middle East,Website,1,110.15,0.0,110.15,67.43,42.72,0,C01160
501356,2024-04-13,1015,Face Serum,Beauty,Asia Pacific,Mobile App,3,80.28,0.0,240.84,151.71,89.13,0,C00633
501357,2025-04-12,1014,Hoodie,Apparel,Asia Pacific,Website,2,71.73,0.0,143.46,98.86,44.6,0,C01514
501358,2024-02-21,1005,Air Fryer,Home & Kitchen,North America,Mobile App,1,16.13,0.0,16.13,6.54,9.59,1,C00302
501359,2024-02-10,1012,Jacket,Apparel,Asia Pacific,Website,3,88.76,0.0,266.28,117.63,148.65,0,C01497
501360,2025-11-24,1009,Vacuum Cleaner,Home & Kitchen,Asia Pacific,Website,3,64.34,0.2,154.42,112.2,42.22,0,C01110
501361,2024-04-28,1015,Face Serum,Beauty,North America,Marketplace,1,80.28,0.0,80.28,50.57,29.71,0,C00766
501362,2024-02-16,1024,Resistance Bands,Sports,North America,Marketplace,1,73.75,0.1,66.38,46.0,20.38,0,C01448
501363,2025-11-10,1009,Vacuum Cleaner,Home & Kitchen,Europe,Website,3,64.34,0.05,183.37,112.2,71.17,0,C00673
501364,2025-03-24,1009,Vacuum Cleaner,Home & Kitchen,Middle East,Website,1,64.34,0.1,57.91,37.4,20.51,0,C00262
501365,2024-04-05,1019,Sunscreen,Beauty,Asia Pacific,Mobile App,1,106.12,0.05,100.81,56.32,44.49,0,C00615
501366,2024-07-06,1006,Coffee Maker,Home & Kitchen,North America,Website,2,110.15,0.0,220.3,134.86,85.44,1,C01508
501367,2025-04-12,1022,Running Shoes,Sports,Asia Pacific,Mobile App,2,51.96,0.0,103.92,48.82,55.1,0,C00577
501368,2025-12-07,1023,Water Bottle,Sports,Latin America,Mobile App,1,55.97,0.0,55.97,28.38,27.59,0,C00232
501369,2025-10-26,1008,Cookware Set,Home & Kitchen,Europe,Website,1,55.01,0.0,55.01,27.82,27.19,1,C01111
501370,2025-12-13,1014,Hoodie,Apparel,North America,Marketplace,1,71.73,0.0,71.73,49.43,22.3,0,C01088
501371,2024-06-12,1009,Vacuum Cleaner,Home & Kitchen,North America,Website,1,64.34,0.05,61.12,37.4,23.72,0,C01005
501372,2025-08-27,1021,Dumbbells,Sports,Latin America,Mobile App,1,18.19,0.05,17.28,7.58,9.7,0,C00503
501373,2025-11-25,1021,Dumbbells,Sports,Latin America,Website,1,18.19,0.0,18.19,7.58,10.61,0,C00838
501374,2025-01-23,1004,USB-C Hub,Electronics,Asia Pacific,Mobile App,3,109.12,0.0,327.36,150.24,177.12,0,C00307
501375,2025-12-01,1012,Jacket,Apparel,Europe,Website,1,88.76,0.0,88.76,39.21,49.55,0,C01244
501376,2025-05-14,1013,Sneakers,Apparel,North America,Marketplace,1,39.27,0.05,37.31,19.98,17.33,0,C00181
501377,2025-03-27,1022,Running Shoes,Sports,North America,Website,1,51.96,0.0,51.96,24.41,27.55,0,C01621
501378,2025-11-01,1016,Shampoo,Beauty,Asia Pacific,Website,1,24.14,0.15,20.52,9.88,10.64,0,C00562
501379,2025-11-25,1002,Bluetooth Speaker,Electronics,Middle East,Mobile App,1,26.25,0.0,26.25,16.7,9.55,0,C01615
501380,2025-08-13,1000,Wireless Earbuds,Electronics,Middle East,Website,1,80.93,0.05,76.88,33.09,43.79,0,C00719
501381,2025-11-16,1006,Coffee Maker,Home & Kitchen,Asia Pacific,Mobile App,1,110.15,0.0,110.15,67.43,42.72,0,C00903
501382,2025-12-05,1024,Resistance Bands,Sports,Middle East,Website,1,73.75,0.1,66.38,46.0,20.38,0,C00940
501383,2025-11-08,1011,Jeans,Apparel,Europe,Website,1,48.52,0.0,48.52,26.91,21.61,0,C01742
501384,2025-11-10,1000,Wireless Earbuds,Electronics,Latin America,Website,1,80.93,0.15,68.79,33.09,35.7,0,C01057
501385,2025-07-25,1019,Sunscreen,Beauty,Middle East,Website,1,106.12,0.1,95.51,56.32,39.19,0,C01391
501386,2025-10-20,1020,Yoga Mat,Sports,Europe,Mobile App,1,27.52,0.05,26.14,14.15,11.99,0,C00203
501387,2025-04-25,1002,Bluetooth Speaker,Electronics,Latin America,Marketplace,1,26.25,0.0,26.25,16.7,9.55,0,C00624
501388,2024-03-17,1017,Moisturizer,Beauty,Latin America,Website,1,177.23,0.0,177.23,77.42,99.81,0,C00605
501389,2024-12-04,1017,Moisturizer,Beauty,Asia Pacific,Website,1,177.23,0.0,177.23,77.42,99.81,0,C01191
501390,2024-08-16,1006,Coffee Maker,Home & Kitchen,Middle East,Mobile App,1,110.15,0.0,110.15,67.43,42.72,0,C01207
501391,2025-02-16,1006,Coffee Maker,Home & Kitchen,Europe,Website,1,110.15,0.15,93.63,67.43,26.2,0,C00841
501392,2025-03-30,1023,Water Bottle,Sports,Middle East,Website,1,55.97,0.05,53.17,28.38,24.79,0,C01679
501393,2025-05-25,1002,Bluetooth Speaker,Electronics,Latin America,Website,2,26.25,0.05,49.88,33.4,16.48,0,C01541
501394,2025-05-24,1005,Air Fryer,Home & Kitchen,North America,Website,1,16.13,0.0,16.13,6.54,9.59,0,C01150
501395,2025-02-26,1010,T-Shirt,Apparel,North America,Mobile App,4,79.05,0.05,300.39,203.56,96.83,0,C00065
501396,2024-01-01,1013,Sneakers,Apparel,North America,Mobile App,1,39.27,0.0,39.27,19.98,19.29,0,C01412
501397,2025-09-25,1022,Running Shoes,Sports,Asia Pacific,Marketplace,2,51.96,0.05,98.72,48.82,49.9,0,C01162
501398,2025-07-29,1021,Dumbbells,Sports,Europe,Mobile App,1,18.19,0.05,17.28,7.58,9.7,0,C00427
501399,2025-04-12,1003,Laptop Stand,Electronics,Asia Pacific,Website,1,22.02,0.0,22.02,9.36,12.66,0,C01546
501400,2024-02-25,1014,Hoodie,Apparel,Europe,Mobile App,2,71.73,0.2,114.77,98.86,15.91,0,C01132
501401,2024-12-05,1023,Water Bottle,Sports,Middle East,Mobile App,1,55.97,0.0,55.97,28.38,27.59,0,C01023
501402,2025-09-06,1005,Air Fryer,Home & Kitchen,Latin America,Mobile App,4,16.13,0.0,64.52,26.16,38.36,0,C01372
501403,2025-01-07,1018,Lipstick,Beauty,Latin America,Website,1,41.98,0.0,41.98,27.85,14.13,1,C00004
501404,2025-11-05,1020,Yoga Mat,Sports,Europe,Website,1,27.52,0.0,27.52,14.15,13.37,0,C00641
501405,2024-12-29,1010,T-Shirt,Apparel,Asia Pacific,Mobile App,1,79.05,0.1,71.14,50.89,20.25,0,C01734
501406,2025-01-17,1004,USB-C Hub,Electronics,North America,Website,1,109.12,0.0,109.12,50.08,59.04,0,C01084
501407,2024-06-17,1015,Face Serum,Beauty,Latin America,Website,1,80.28,0.0,80.28,50.57,29.71,0,C01327
501408,2025-02-23,1024,Resistance Bands,Sports,North America,Website,1,73.75,0.0,73.75,46.0,27.75,0,C01439
501409,2024-07-19,1023,Water Bottle,Sports,Europe,Website,1,55.97,0.05,53.17,28.38,24.79,0,C00076
501410,2025-02-06,1002,Bluetooth Speaker,Electronics,Europe,Website,1,26.25,0.0,26.25,16.7,9.55,0,C00845
501411,2024-07-14,1011,Jeans,Apparel,Asia Pacific,Website,1,48.52,0.0,48.52,26.91,21.61,0,C00423
501412,2025-02-28,1008,Cookware Set,Home & Kitchen,North America,Marketplace,1,55.01,0.0,55.01,27.82,27.19,0,C00427
501413,2025-11-19,1000,Wireless Earbuds,Electronics,Middle East,Website,1,80.93,0.0,80.93,33.09,47.84,0,C00649
501414,2025-04-06,1011,Jeans,Apparel,Latin America,Mobile App,1,48.52,0.0,48.52,26.91,21.61,0,C01348
501415,2025-05-31,1011,Jeans,Apparel,Europe,Marketplace,1,48.52,0.0,48.52,26.91,21.61,0,C01745
501416,2024-01-05,1000,Wireless Earbuds,Electronics,Middle East,Mobile App,1,80.93,0.1,72.84,33.09,39.75,0,C00541
501417,2025-07-20,1009,Vacuum Cleaner,Home & Kitchen,Latin America,Mobile App,2,64.34,0.0,128.68,74.8,53.88,0,C00326
501418,2025-05-09,1010,T-Shirt,Apparel,Middle East,Mobile App,1,79.05,0.0,79.05,50.89,28.16,0,C00608
501419,2024-06-30,1006,Coffee Maker,Home & Kitchen,Middle East,Website,2,110.15,0.15,187.26,134.86,52.4,0,C00824
501420,2024-05-11,1010,T-Shirt,Apparel,North America,Website,1,79.05,0.0,79.05,50.89,28.16,0,C01127
501421,2025-09-06,1000,Wireless Earbuds,Electronics,Middle East,Marketplace,1,80.93,0.0,80.93,33.09,47.84,0,C01636
501422,2025-05-31,1014,Hoodie,Apparel,Latin America,Website,1,71.73,0.1,64.56,49.43,15.13,0,C00732
501423,2025-09-15,1009,Vacuum Cleaner,Home & Kitchen,Europe,Website,1,64.34,0.0,64.34,37.4,26.94,0,C01666
501424,2024-12-17,1013,Sneakers,Apparel,Asia Pacific,Website,2,39.27,0.0,78.54,39.96,38.58,0,C01511
501425,2024-05-16,1001,Smart Watch,Electronics,Europe,Website,2,123.31,0.0,246.62,119.8,126.82,0,C00622
501426,2025-12-17,1005,Air Fryer,Home & Kitchen,Middle East,Website,3,16.13,0.0,48.39,19.62,28.77,0,C01639
501427,2025-12-19,1024,Resistance Bands,Sports,Middle East,Marketplace,1,73.75,0.0,73.75,46.0,27.75,0,C01208
501428,2025-12-29,1000,Wireless Earbuds,Electronics,Middle East,Mobile App,2,80.93,0.0,161.86,66.18,95.68,0,C00093
501429,2024-07-24,1009,Vacuum Cleaner,Home & Kitchen,Europe,Mobile App,2,64.34,0.2,102.94,74.8,28.14,0,C00946
501430,2024-10-24,1024,Resistance Bands,Sports,Asia Pacific,Marketplace,1,73.75,0.0,73.75,46.0,27.75,0,C00885
501431,2024-05-15,1011,Jeans,Apparel,Europe,Mobile App,1,48.52,0.0,48.52,26.91,21.61,0,C01468
501432,2025-12-11,1023,Water Bottle,Sports,Asia Pacific,Mobile App,2,55.97,0.0,111.94,56.76,55.18,0,C00301
501433,2024-12-26,1014,Hoodie,Apparel,Middle East,Website,1,71.73,0.1,64.56,49.43,15.13,0,C01225
501434,2025-08-07,1014,Hoodie,Apparel,Latin America,Mobile App,2,71.73,0.0,143.46,98.86,44.6,0,C00166
501435,2025-06-30,1009,Vacuum Cleaner,Home & Kitchen,Asia Pacific,Marketplace,2,64.34,0.0,128.68,74.8,53.88,0,C00249
501436,2025-03-08,1024,Resistance Bands,Sports,North America,Mobile App,1,73.75,0.0,73.75,46.0,27.75,0,C00452
501437,2024-01-26,1013,Sneakers,Apparel,Latin America,Website,1,39.27,0.05,37.31,19.98,17.33,0,C01333
501438,2025-11-17,1004,USB-C Hub,Electronics,North America,Website,1,109.12,0.0,109.12,50.08,59.04,0,C01385
501439,2024-06-13,1013,Sneakers,Apparel,Asia Pacific,Mobile App,1,39.27,0.0,39.27,19.98,19.29,0,C00913
501440,2024-05-29,1023,Water Bottle,Sports,North America,Mobile App,1,55.97,0.0,55.97,28.38,27.59,0,C00903
501441,2024-10-29,1006,Coffee Maker,Home & Kitchen,Europe,Mobile App,1,110.15,0.05,104.64,67.43,37.21,0,C00829
501442,2024-02-03,1022,Running Shoes,Sports,Asia Pacific,Mobile App,1,51.96,0.0,51.96,24.41,27.55,0,C01050
501443,2024-04-14,1006,Coffee Maker,Home & Kitchen,Middle East,Marketplace,1,110.15,0.15,93.63,67.43,26.2,0,C01169
501444,2025-07-29,1001,Smart Watch,Electronics,Europe,Mobile App,1,123.31,0.0,123.31,59.9,63.41,0,C00589
501445,2025-07-28,1010,T-Shirt,Apparel,Latin America,Website,2,79.05,0.0,158.1,101.78,56.32,0,C01337
501446,2025-12-13,1021,Dumbbells,Sports,Asia Pacific,Mobile App,2,18.19,0.0,36.38,15.16,21.22,0,C00204
501447,2024-02-18,1004,USB-C Hub,Electronics,Latin America,Website,1,109.12,0.0,109.12,50.08,59.04,0,C01140
501448,2025-12-02,1020,Yoga Mat,Sports,Asia Pacific,Marketplace,1,27.52,0.0,27.52,14.15,13.37,0,C01720
501449,2024-02-25,1014,Hoodie,Apparel,North America,Mobile App,2,71.73,0.0,143.46,98.86,44.6,0,C01337
501450,2024-07-26,1016,Shampoo,Beauty,Middle East,Marketplace,2,24.14,0.0,48.28,19.76,28.52,0,C00232
501451,2025-03-29,1010,T-Shirt,Apparel,Europe,Marketplace,1,79.05,0.0,79.05,50.89,28.16,0,C00488
501452,2025-12-22,1021,Dumbbells,Sports,Asia Pacific,Mobile App,1,18.19,0.0,18.19,7.58,10.61,0,C01499
501453,2025-07-13,1020,Yoga Mat,Sports,Middle East,Website,1,27.52,0.0,27.52,14.15,13.37,0,C01545
501454,2024-07-17,1005,Air Fryer,Home & Kitchen,Asia Pacific,Website,1,16.13,0.0,16.13,6.54,9.59,0,C00850
501455,2025-11-30,1019,Sunscreen,Beauty,North America,Website,1,106.12,0.0,106.12,56.32,49.8,0,C00802
501456,2024-06-26,1023,Water Bottle,Sports,Middle East,Website,1,55.97,0.0,55.97,28.38,27.59,0,C00387
501457,2024-02-11,1013,Sneakers,Apparel,Latin America,Website,1,39.27,0.0,39.27,19.98,19.29,0,C00398
501458,2024-09-27,1001,Smart Watch,Electronics,Europe,Website,2,123.31,0.0,246.62,119.8,126.82,0,C01040
501459,2024-09-18,1019,Sunscreen,Beauty,North America,Website,1,106.12,0.0,106.12,56.32,49.8,0,C00167
501460,2025-12-27,1009,Vacuum Cleaner,Home & Kitchen,Europe,Website,3,64.34,0.2,154.42,112.2,42.22,0,C00845
501461,2024-11-26,1006,Coffee Maker,Home & Kitchen,Middle East,Website,1,110.15,0.05,104.64,67.43,37.21,0,C01773
501462,2025-10-02,1024,Resistance Bands,Sports,Middle East,Mobile App,2,73.75,0.1,132.75,92.0,40.75,0,C00741
501463,2024-11-04,1009,Vacuum Cleaner,Home & Kitchen,Latin America,Mobile App,3,64.34,0.2,154.42,112.2,42.22,0,C01130
501464,2025-07-17,1012,Jacket,Apparel,Asia Pacific,Website,1,88.76,0.0,88.76,39.21,49.55,0,C01668
501465,2025-12-25,1013,Sneakers,Apparel,Asia Pacific,Mobile App,1,39.27,0.05,37.31,19.98,17.33,0,C01073
501466,2024-07-07,1019,Sunscreen,Beauty,Middle East,Website,1,106.12,0.0,106.12,56.32,49.8,0,C01698
501467,2025-06-01,1000,Wireless Earbuds,Electronics,Europe,Website,1,80.93,0.0,80.93,33.09,47.84,0,C00078
501468,2025-07-03,1015,Face Serum,Beauty,Latin America,Website,1,80.28,0.0,80.28,50.57,29.71,0,C00179
501469,2024-08-14,1001,Smart Watch,Electronics,Europe,Mobile App,2,123.31,0.0,246.62,119.8,126.82,0,C01243
501470,2024-12-05,1003,Laptop Stand,Electronics,Asia Pacific,Website,1,22.02,0.0,22.02,9.36,12.66,0,C00731
501471,2025-09-25,1009,Vacuum Cleaner,Home & Kitchen,Middle East,Website,2,64.34,0.15,109.38,74.8,34.58,0,C00595
501472,2025-07-28,1009,Vacuum Cleaner,Home & Kitchen,North America,Website,1,64.34,0.05,61.12,37.4,23.72,0,C01532
501473,2024-12-20,1021,Dumbbells,Sports,Latin America,Website,2,18.19,0.0,36.38,15.16,21.22,0,C00398
501474,2025-10-19,1005,Air Fryer,Home & Kitchen,Middle East,Marketplace,1,16.13,0.1,14.52,6.54,7.98,0,C00440
501475,2024-09-06,1014,Hoodie,Apparel,North America,Mobile App,2,71.73,0.0,143.46,98.86,44.6,0,C01233
501476,2024-11-24,1004,USB-C Hub,Electronics,Latin America,Marketplace,3,109.12,0.15,278.26,150.24,128.02,0,C00024
501477,2024-04-26,1022,Running Shoes,Sports,Latin America,Website,1,51.96,0.0,51.96,24.41,27.55,0,C01181
501478,2024-10-16,1017,Moisturizer,Beauty,North America,Marketplace,2,177.23,0.0,354.46,154.84,199.62,0,C01455
501479,2025-01-18,1010,T-Shirt,Apparel,Middle East,Mobile App,1,79.05,0.1,71.14,50.89,20.25,0,C01122
501480,2025-04-01,1006,Coffee Maker,Home & Kitchen,Latin America,Website,1,110.15,0.1,99.14,67.43,31.71,0,C01000
501481,2025-10-29,1003,Laptop Stand,Electronics,Europe,Website,1,22.02,0.0,22.02,9.36,12.66,0,C01575
501482,2024-03-25,1002,Bluetooth Speaker,Electronics,North America,Website,1,26.25,0.0,26.25,16.7,9.55,0,C01454
501483,2025-07-04,1004,USB-C Hub,Electronics,Middle East,Website,1,109.12,0.0,109.12,50.08,59.04,0,C00603
501484,2024-03-08,1011,Jeans,Apparel,Europe,Mobile App,1,48.52,0.0,48.52,26.91,21.61,0,C01239
501485,2024-08-06,1018,Lipstick,Beauty,Latin America,Mobile App,2,41.98,0.05,79.76,55.7,24.06,0,C00603
501486,2024-07-29,1014,Hoodie,Apparel,Middle East,Mobile App,1,71.73,0.0,71.73,49.43,22.3,0,C00240
501487,2025-03-21,1014,Hoodie,Apparel,North America,Mobile App,1,71.73,0.0,71.73,49.43,22.3,0,C00481
501488,2024-06-06,1004,USB-C Hub,Electronics,North America,Website,1,109.12,0.0,109.12,50.08,59.04,0,C00742
501489,2024-12-05,1009,Vacuum Cleaner,Home & Kitchen,North America,Website,1,64.34,0.0,64.34,37.4,26.94,0,C01790
501490,2024-02-25,1023,Water Bottle,Sports,Europe,Mobile App,1,55.97,0.0,55.97,28.38,27.59,0,C01735
501491,2025-07-25,1001,Smart Watch,Electronics,North America,Mobile App,1,123.31,0.0,123.31,59.9,63.41,0,C00078
501492,2024-08-21,1007,Blender,Home & Kitchen,Asia Pacific,Website,1,29.86,0.0,29.86,18.64,11.22,0,C01299
501493,2025-04-06,1001,Smart Watch,Electronics,Latin America,Website,1,123.31,0.0,123.31,59.9,63.41,0,C00471
501494,2024-01-18,1004,USB-C Hub,Electronics,Latin America,Mobile App,1,109.12,0.1,98.21,50.08,48.13,0,C00611
501495,2025-07-01,1016,Shampoo,Beauty,North America,Mobile App,2,24.14,0.0,48.28,19.76,28.52,0,C01357
501496,2025-09-25,1021,Dumbbells,Sports,North America,Mobile App,2,18.19,0.0,36.38,15.16,21.22,0,C01443
501497,2025-08-22,1010,T-Shirt,Apparel,North America,Mobile App,2,79.05,0.0,158.1,101.78,56.32,0,C01148
501498,2024-03-15,1005,Air Fryer,Home & Kitchen,Asia Pacific,Marketplace,1,16.13,0.0,16.13,6.54,9.59,0,C01275
501499,2024-04-18,1014,Hoodie,Apparel,Asia Pacific,Mobile App,1,71.73,0.0,71.73,49.43,22.3,0,C01791
501500,2024-11-04,1016,Shampoo,Beauty,Middle East,Website,2,24.14,0.0,48.28,19.76,28.52,0,C00352
501501,2025-03-24,1017,Moisturizer,Beauty,Latin America,Website,1,177.23,0.0,177.23,77.42,99.81,0,C01344
501502,2025-11-07,1000,Wireless Earbuds,Electronics,North America,Website,1,80.93,0.0,80.93,33.09,47.84,0,C00446
501503,2025-06-30,1013,Sneakers,Apparel,Europe,Website,1,39.27,0.1,35.34,19.98,15.36,0,C01101
501504,2025-02-04,1020,Yoga Mat,Sports,Middle East,Website,1,27.52,0.0,27.52,14.15,13.37,0,C01416
501505,2025-10-11,1015,Face Serum,Beauty,Europe,Website,1,80.28,0.0,80.28,50.57,29.71,0,C01639
501506,2025-10-25,1001,Smart Watch,Electronics,Asia Pacific,Marketplace,1,123.31,0.0,123.31,59.9,63.41,0,C01555
501507,2024-01-12,1018,Lipstick,Beauty,Middle East,Marketplace,1,41.98,0.0,41.98,27.85,14.13,0,C00204
501508,2024-05-24,1002,Bluetooth Speaker,Electronics,North America,Website,1,26.25,0.05,24.94,16.7,8.24,0,C00724
501509,2025-08-09,1018,Lipstick,Beauty,Middle East,Website,1,41.98,0.0,41.98,27.85,14.13,1,C01666
501510,2025-07-14,1010,T-Shirt,Apparel,North America,Website,2,79.05,0.0,158.1,101.78,56.32,1,C01502
501511,2024-12-18,1020,Yoga Mat,Sports,Europe,Website,1,27.52,0.0,27.52,14.15,13.37,0,C01240
501512,2025-10-23,1001,Smart Watch,Electronics,Middle East,Website,2,123.31,0.05,234.29,119.8,114.49,0,C01314
501513,2024-07-07,1019,Sunscreen,Beauty,Europe,Mobile App,1,106.12,0.15,90.2,56.32,33.88,1,C00774
501514,2024-09-15,1007,Blender,Home & Kitchen,Europe,Website,1,29.86,0.05,28.37,18.64,9.73,0,C01092
501515,2025-11-18,1003,Laptop Stand,Electronics,Middle East,Marketplace,2,22.02,0.0,44.04,18.72,25.32,0,C01201
501516,2025-07-16,1005,Air Fryer,Home & Kitchen,Latin America,Mobile App,2,16.13,0.0,32.26,13.08,19.18,0,C00371
501517,2024-03-15,1019,Sunscreen,Beauty,Asia Pacific,Mobile App,1,106.12,0.0,106.12,56.32,49.8,0,C01254
501518,2024-09-13,1000,Wireless Earbuds,Electronics,North America,Website,3,80.93,0.0,242.79,99.27,143.52,0,C01236
501519,2025-08-17,1011,Jeans,Apparel,Latin America,Marketplace,1,48.52,0.0,48.52,26.91,21.61,0,C00291
501520,2024-12-31,1019,Sunscreen,Beauty,Europe,Mobile App,3,106.12,0.0,318.36,168.96,149.4,0,C01076
501521,2024-08-28,1013,Sneakers,Apparel,North America,Website,2,39.27,0.0,78.54,39.96,38.58,0,C00055
501522,2024-03-12,1006,Coffee Maker,Home & Kitchen,Europe,Website,2,110.15,0.0,220.3,134.86,85.44,0,C00143
501523,2025-04-06,1005,Air Fryer,Home & Kitchen,Asia Pacific,Mobile App,1,16.13,0.0,16.13,6.54,9.59,0,C01164
501524,2024-11-09,1009,Vacuum Cleaner,Home & Kitchen,Middle East,Website,1,64.34,0.0,64.34,37.4,26.94,0,C00214
501525,2025-08-03,1012,Jacket,Apparel,Asia Pacific,Mobile App,1,88.76,0.0,88.76,39.21,49.55,0,C00273
501526,2025-03-14,1014,Hoodie,Apparel,Europe,Website,1,71.73,0.05,68.14,49.43,18.71,0,C01611
501527,2024-09-09,1013,Sneakers,Apparel,Europe,Mobile App,1,39.27,0.0,39.27,19.98,19.29,0,C01415
501528,2025-10-18,1004,USB-C Hub,Electronics,Latin America,Website,2,109.12,0.15,185.5,100.16,85.34,0,C00860
501529,2025-01-03,1018,Lipstick,Beauty,Europe,Mobile App,1,41.98,0.0,41.98,27.85,14.13,0,C00187
501530,2024-12-05,1017,Moisturizer,Beauty,Latin America,Website,1,177.23,0.1,159.51,77.42,82.09,0,C00162
501531,2025-01-02,1001,Smart Watch,Electronics,Asia Pacific,Website,1,123.31,0.15,104.81,59.9,44.91,0,C00615
501532,2024-04-21,1003,Laptop Stand,Electronics,Europe,Mobile App,1,22.02,0.05,20.92,9.36,11.56,0,C00969
501533,2024-03-24,1011,Jeans,Apparel,Asia Pacific,Marketplace,2,48.52,0.05,92.19,53.82,38.37,0,C00379
501534,2024-05-23,1024,Resistance Bands,Sports,Middle East,Website,1,73.75,0.1,66.38,46.0,20.38,0,C00155
501535,2025-10-03,1011,Jeans,Apparel,North America,Mobile App,1,48.52,0.05,46.09,26.91,19.18,0,C01352
501536,2024-01-20,1020,Yoga Mat,Sports,Middle East,Mobile App,1,27.52,0.0,27.52,14.15,13.37,0,C00556
501537,2025-08-18,1018,Lipstick,Beauty,Middle East,Website,1,41.98,0.0,41.98,27.85,14.13,0,C00844
501538,2025-08-27,1010,T-Shirt,Apparel,Europe,Marketplace,2,79.05,0.05,150.2,101.78,48.42,0,C00100
501539,2025-07-18,1022,Running Shoes,Sports,Asia Pacific,Mobile App,1,51.96,0.1,46.76,24.41,22.35,0,C01441
501540,2025-07-06,1022,Running Shoes,Sports,Latin America,Mobile App,2,51.96,0.0,103.92,48.82,55.1,0,C00826
501541,2024-06-01,1015,Face Serum,Beauty,Asia Pacific,Website,1,80.28,0.0,80.28,50.57,29.71,0,C01322
501542,2025-08-26,1014,Hoodie,Apparel,Asia Pacific,Website,1,71.73,0.05,68.14,49.43,18.71,0,C00009
501543,2025-05-28,1024,Resistance Bands,Sports,Middle East,Website,1,73.75,0.0,73.75,46.0,27.75,0,C00297
501544,2025-01-07,1001,Smart Watch,Electronics,Middle East,Website,2,123.31,0.1,221.96,119.8,102.16,0,C00380
501545,2024-09-01,1011,Jeans,Apparel,Middle East,Mobile App,1,48.52,0.05,46.09,26.91,19.18,0,C01108
501546,2025-06-10,1024,Resistance Bands,Sports,Europe,Website,1,73.75,0.0,73.75,46.0,27.75,0,C00829
501547,2024-07-02,1012,Jacket,Apparel,Middle East,Marketplace,1,88.76,0.0,88.76,39.21,49.55,0,C00699
501548,2025-11-06,1003,Laptop Stand,Electronics,Europe,Mobile App,2,22.02,0.0,44.04,18.72,25.32,0,C01491
501549,2025-05-10,1024,Resistance Bands,Sports,Asia Pacific,Website,4,73.75,0.0,295.0,184.0,111.0,0,C00855
501550,2025-05-14,1006,Coffee Maker,Home & Kitchen,Europe,Website,2,110.15,0.0,220.3,134.86,85.44,0,C00513
501551,2025-01-13,1007,Blender,Home & Kitchen,Europe,Website,2,29.86,0.05,56.73,37.28,19.45,0,C00709
501552,2024-07-30,1016,Shampoo,Beauty,Middle East,Marketplace,1,24.14,0.0,24.14,9.88,14.26,0,C00302
501553,2025-01-04,1001,Smart Watch,Electronics,Latin America,Website,1,123.31,0.1,110.98,59.9,51.08,0,C01681
501554,2025-04-10,1014,Hoodie,Apparel,North America,Website,1,71.73,0.1,64.56,49.43,15.13,1,C00158
501555,2025-10-26,1002,Bluetooth Speaker,Electronics,Asia Pacific,Website,1,26.25,0.05,24.94,16.7,8.24,0,C01628
501556,2025-06-17,1000,Wireless Earbuds,Electronics,Asia Pacific,Mobile App,1,80.93,0.05,76.88,33.09,43.79,0,C01586
501557,2024-09-26,1023,Water Bottle,Sports,Middle East,Mobile App,1,55.97,0.0,55.97,28.38,27.59,0,C01507
501558,2024-06-27,1003,Laptop Stand,Electronics,Latin America,Mobile App,2,22.02,0.0,44.04,18.72,25.32,0,C00988
501559,2025-01-09,1004,USB-C Hub,Electronics,Middle East,Mobile App,1,109.12,0.0,109.12,50.08,59.04,0,C01207
501560,2024-03-20,1007,Blender,Home & Kitchen,Middle East,Website,3,29.86,0.0,89.58,55.92,33.66,0,C01388
501561,2024-08-16,1004,USB-C Hub,Electronics,Middle East,Website,2,109.12,0.0,218.24,100.16,118.08,1,C01191
501562,2024-12-19,1010,T-Shirt,Apparel,Latin America,Mobile App,2,79.05,0.05,150.2,101.78,48.42,0,C01185
501563,2025-09-10,1002,Bluetooth Speaker,Electronics,North America,Mobile App,1,26.25,0.1,23.62,16.7,6.92,0,C00294
501564,2024-05-22,1007,Blender,Home & Kitchen,Latin America,Website,2,29.86,0.0,59.72,37.28,22.44,0,C00887
501565,2024-03-19,1016,Shampoo,Beauty,Middle East,Mobile App,1,24.14,0.0,24.14,9.88,14.26,0,C01518
501566,2024-08-04,1018,Lipstick,Beauty,Europe,Website,1,41.98,0.0,41.98,27.85,14.13,0,C01602
501567,2025-01-05,1001,Smart Watch,Electronics,Middle East,Mobile App,2,123.31,0.05,234.29,119.8,114.49,0,C00084
501568,2024-05-01,1015,Face Serum,Beauty,Europe,Website,1,80.28,0.0,80.28,50.57,29.71,1,C00807
501569,2024-12-04,1006,Coffee Maker,Home & Kitchen,North America,Website,2,110.15,0.0,220.3,134.86,85.44,0,C01013
501570,2025-05-05,1001,Smart Watch,Electronics,Latin America,Website,2,123.31,0.0,246.62,119.8,126.82,0,C01616
501571,2024-06-14,1000,Wireless Earbuds,Electronics,Latin America,Website,1,80.93,0.1,72.84,33.09,39.75,0,C00972
501572,2024-02-14,1010,T-Shirt,Apparel,Europe,Mobile App,2,79.05,0.1,142.29,101.78,40.51,0,C00990
501573,2024-06-13,1016,Shampoo,Beauty,Europe,Mobile App,1,24.14,0.0,24.14,9.88,14.26,0,C00730
501574,2024-02-10,1013,Sneakers,Apparel,Middle East,Website,2,39.27,0.05,74.61,39.96,34.65,0,C01381
501575,2024-06-19,1008,Cookware Set,Home & Kitchen,Asia Pacific,Marketplace,1,55.01,0.2,44.01,27.82,16.19,0,C01029
501576,2025-06-13,1001,Smart Watch,Electronics,Latin America,Mobile App,1,123.31,0.1,110.98,59.9,51.08,0,C01277
501577,2025-07-31,1018,Lipstick,Beauty,North America,Marketplace,1,41.98,0.0,41.98,27.85,14.13,0,C01787
501578,2025-11-08,1021,Dumbbells,Sports,Asia Pacific,Marketplace,1,18.19,0.0,18.19,7.58,10.61,0,C00888
501579,2024-08-09,1012,Jacket,Apparel,Latin America,Mobile App,1,88.76,0.0,88.76,39.21,49.55,0,C00437
501580,2025-04-27,1015,Face Serum,Beauty,Latin America,Website,1,80.28,0.0,80.28,50.57,29.71,0,C00252
501581,2025-02-24,1009,Vacuum Cleaner,Home & Kitchen,Middle East,Website,2,64.34,0.0,128.68,74.8,53.88,0,C01343
501582,2025-08-19,1005,Air Fryer,Home & Kitchen,Europe,Mobile App,1,16.13,0.15,13.71,6.54,7.17,0,C01137
501583,2025-06-07,1015,Face Serum,Beauty,Asia Pacific,Website,2,80.28,0.0,160.56,101.14,59.42,0,C00257
501584,2025-12-03,1012,Jacket,Apparel,Asia Pacific,Marketplace,1,88.76,0.05,84.32,39.21,45.11,0,C01312
501585,2025-09-02,1016,Shampoo,Beauty,Middle East,Website,1,24.14,0.1,21.73,9.88,11.85,0,C00682
501586,2025-01-22,1024,Resistance Bands,Sports,Latin America,Website,2,73.75,0.1,132.75,92.0,40.75,0,C01766
501587,2024-01-17,1010,T-Shirt,Apparel,Europe,Mobile App,1,79.05,0.0,79.05,50.89,28.16,0,C01655
501588,2025-05-31,1019,Sunscreen,Beauty,Latin America,Mobile App,2,106.12,0.0,212.24,112.64,99.6,0,C01018
501589,2025-09-12,1008,Cookware Set,Home & Kitchen,North America,Website,2,55.01,0.0,110.02,55.64,54.38,0,C00382
501590,2025-09-21,1009,Vacuum Cleaner,Home & Kitchen,Middle East,Website,2,64.34,0.2,102.94,74.8,28.14,0,C01370
501591,2025-06-28,1021,Dumbbells,Sports,Middle East,Mobile App,1,18.19,0.0,18.19,7.58,10.61,0,C00679
501592,2024-04-05,1004,USB-C Hub,Electronics,Latin America,Mobile App,1,109.12,0.1,98.21,50.08,48.13,0,C00801
501593,2025-09-09,1012,Jacket,Apparel,Middle East,Mobile App,4,88.76,0.0,355.04,156.84,198.2,0,C00619
501594,2025-11-25,1019,Sunscreen,Beauty,Latin America,Mobile App,1,106.12,0.0,106.12,56.32,49.8,0,C00367
501595,2025-01-14,1000,Wireless Earbuds,Electronics,North America,Mobile App,1,80.93,0.0,80.93,33.09,47.84,0,C01228
501596,2025-03-15,1001,Smart Watch,Electronics,Europe,Marketplace,2,123.31,0.0,246.62,119.8,126.82,0,C01288
501597,2025-05-08,1015,Face Serum,Beauty,Latin America,Website,1,80.28,0.05,76.27,50.57,25.7,0,C01234
501598,2025-12-14,1000,Wireless Earbuds,Electronics,Middle East,Website,1,80.93,0.0,80.93,33.09,47.84,0,C00574
501599,2024-05-17,1020,Yoga Mat,Sports,Asia Pacific,Website,3,27.52,0.0,82.56,42.45,40.11,0,C00248
501600,2024-08-26,1007,Blender,Home & Kitchen,North America,Website,1,29.86,0.05,28.37,18.64,9.73,0,C01251
501601,2025-07-10,1018,Lipstick,Beauty,Latin America,Website,1,41.98,0.05,39.88,27.85,12.03,0,C00958
501602,2024-01-06,1023,Water Bottle,Sports,North America,Mobile App,1,55.97,0.0,55.97,28.38,27.59,0,C00088
501603,2024-04-30,1015,Face Serum,Beauty,Middle East,Website,1,80.28,0.15,68.24,50.57,17.67,0,C01442
501604,2025-11-01,1001,Smart Watch,Electronics,Europe,Mobile App,2,123.31,0.0,246.62,119.8,126.82,0,C01734
501605,2024-11-19,1021,Dumbbells,Sports,Latin America,Website,1,18.19,0.1,16.37,7.58,8.79,1,C00367
501606,2024-06-07,1011,Jeans,Apparel,Latin America,Mobile App,1,48.52,0.0,48.52,26.91,21.61,0,C01534
501607,2024-09-16,1012,Jacket,Apparel,Asia Pacific,Marketplace,2,88.76,0.15,150.89,78.42,72.47,0,C00108
501608,2025-03-09,1010,T-Shirt,Apparel,Middle East,Website,1,79.05,0.1,71.14,50.89,20.25,0,C00458
501609,2024-10-09,1012,Jacket,Apparel,Latin America,Mobile App,1,88.76,0.0,88.76,39.21,49.55,0,C01772
501610,2025-02-27,1023,Water Bottle,Sports,Middle East,Mobile App,1,55.97,0.0,55.97,28.38,27.59,0,C00680
501611,2025-05-09,1020,Yoga Mat,Sports,Europe,Website,1,27.52,0.0,27.52,14.15,13.37,0,C01071
501612,2025-07-22,1014,Hoodie,Apparel,Latin America,Website,1,71.73,0.0,71.73,49.43,22.3,0,C00657
501613,2024-11-10,1023,Water Bottle,Sports,Middle East,Website,1,55.97,0.0,55.97,28.38,27.59,0,C01654
501614,2025-12-23,1023,Water Bottle,Sports,Latin America,Mobile App,1,55.97,0.05,53.17,28.38,24.79,0,C01618
501615,2025-11-06,1000,Wireless Earbuds,Electronics,North America,Mobile App,1,80.93,0.05,76.88,33.09,43.79,0,C00920
501616,2025-04-02,1006,Coffee Maker,Home & Kitchen,Europe,Website,1,110.15,0.05,104.64,67.43,37.21,0,C00308
501617,2025-06-04,1017,Moisturizer,Beauty,Latin America,Mobile App,1,177.23,0.05,168.37,77.42,90.95,0,C00612
501618,2025-07-17,1000,Wireless Earbuds,Electronics,Middle East,Mobile App,2,80.93,0.0,161.86,66.18,95.68,0,C00457
501619,2025-12-24,1024,Resistance Bands,Sports,North America,Website,1,73.75,0.0,73.75,46.0,27.75,0,C01041
501620,2025-10-13,1009,Vacuum Cleaner,Home & Kitchen,North America,Mobile App,2,64.34,0.0,128.68,74.8,53.88,0,C00413
501621,2024-05-28,1012,Jacket,Apparel,Latin America,Marketplace,1,88.76,0.0,88.76,39.21,49.55,0,C00339
501622,2025-03-21,1020,Yoga Mat,Sports,North America,Website,1,27.52,0.0,27.52,14.15,13.37,1,C01199
501623,2024-08-15,1013,Sneakers,Apparel,Asia Pacific,Website,1,39.27,0.05,37.31,19.98,17.33,0,C00088
501624,2024-02-08,1009,Vacuum Cleaner,Home & Kitchen,Latin America,Marketplace,1,64.34,0.0,64.34,37.4,26.94,0,C01120
501625,2025-02-14,1008,Cookware Set,Home & Kitchen,Middle East,Mobile App,3,55.01,0.0,165.03,83.46,81.57,0,C01203
501626,2024-10-20,1021,Dumbbells,Sports,Middle East,Website,1,18.19,0.2,14.55,7.58,6.97,1,C00079
501627,2024-06-28,1014,Hoodie,Apparel,Latin America,Website,1,71.73,0.0,71.73,49.43,22.3,0,C00771
501628,2024-07-25,1003,Laptop Stand,Electronics,Middle East,Website,1,22.02,0.0,22.02,9.36,12.66,0,C00306
501629,2024-02-04,1021,Dumbbells,Sports,Middle East,Mobile App,2,18.19,0.1,32.74,15.16,17.58,0,C00779
501630,2025-12-16,1024,Resistance Bands,Sports,Europe,Mobile App,2,73.75,0.0,147.5,92.0,55.5,0,C01216
501631,2025-11-21,1002,Bluetooth Speaker,Electronics,North America,Website,2,26.25,0.15,44.62,33.4,11.22,0,C00053
501632,2025-11-01,1023,Water Bottle,Sports,North America,Marketplace,1,55.97,0.0,55.97,28.38,27.59,0,C00090
501633,2024-03-29,1005,Air Fryer,Home & Kitchen,Asia Pacific,Mobile App,1,16.13,0.0,16.13,6.54,9.59,0,C01359
501634,2024-12-27,1007,Blender,Home & Kitchen,Latin America,Website,2,29.86,0.0,59.72,37.28,22.44,0,C01402
501635,2024-07-24,1017,Moisturizer,Beauty,Middle East,Website,3,177.23,0.1,478.52,232.26,246.26,0,C00197
501636,2025-12-21,1014,Hoodie,Apparel,North America,Marketplace,2,71.73,0.15,121.94,98.86,23.08,0,C00052
501637,2025-07-16,1023,Water Bottle,Sports,Asia Pacific,Mobile App,2,55.97,0.0,111.94,56.76,55.18,0,C00736
501638,2025-07-26,1021,Dumbbells,Sports,Middle East,Website,2,18.19,0.0,36.38,15.16,21.22,0,C01466
501639,2024-10-10,1000,Wireless Earbuds,Electronics,Europe,Mobile App,2,80.93,0.0,161.86,66.18,95.68,0,C00269
501640,2024-07-18,1013,Sneakers,Apparel,Latin America,Marketplace,1,39.27,0.0,39.27,19.98,19.29,1,C01621
501641,2025-08-11,1014,Hoodie,Apparel,North America,Website,1,71.73,0.0,71.73,49.43,22.3,0,C01051
501642,2025-02-20,1019,Sunscreen,Beauty,Middle East,Website,1,106.12,0.0,106.12,56.32,49.8,0,C00308
501643,2024-03-15,1010,T-Shirt,Apparel,Middle East,Website,1,79.05,0.0,79.05,50.89,28.16,0,C01773
501644,2024-04-29,1001,Smart Watch,Electronics,Middle East,Marketplace,1,123.31,0.0,123.31,59.9,63.41,0,C00328
501645,2025-07-04,1010,T-Shirt,Apparel,Middle East,Website,1,79.05,0.05,75.1,50.89,24.21,0,C00526
501646,2025-03-29,1016,Shampoo,Beauty,Latin America,Mobile App,2,24.14,0.0,48.28,19.76,28.52,0,C00868
501647,2024-09-06,1015,Face Serum,Beauty,Asia Pacific,Marketplace,2,80.28,0.0,160.56,101.14,59.42,1,C01002
501648,2025-04-14,1014,Hoodie,Apparel,Latin America,Marketplace,1,71.73,0.0,71.73,49.43,22.3,0,C01150
501649,2024-01-29,1018,Lipstick,Beauty,Latin America,Website,1,41.98,0.05,39.88,27.85,12.03,0,C00575
501650,2024-03-10,1021,Dumbbells,Sports,Latin America,Mobile App,1,18.19,0.15,15.46,7.58,7.88,0,C01367
501651,2024-08-13,1017,Moisturizer,Beauty,Europe,Mobile App,2,177.23,0.0,354.46,154.84,199.62,0,C00391
501652,2025-02-26,1019,Sunscreen,Beauty,Asia Pacific,Mobile App,1,106.12,0.0,106.12,56.32,49.8,0,C00720
501653,2024-01-10,1010,T-Shirt,Apparel,Asia Pacific,Website,1,79.05,0.0,79.05,50.89,28.16,0,C00814
501654,2024-04-05,1006,Coffee Maker,Home & Kitchen,Latin America,Mobile App,1,110.15,0.2,88.12,67.43,20.69,0,C01290
501655,2024-12-16,1010,T-Shirt,Apparel,North America,Mobile App,1,79.05,0.15,67.19,50.89,16.3,0,C01518
501656,2024-07-01,1006,Coffee Maker,Home & Kitchen,Latin America,Website,1,110.15,0.0,110.15,67.43,42.72,0,C01347
501657,2024-08-11,1016,Shampoo,Beauty,Middle East,Website,1,24.14,0.0,24.14,9.88,14.26,0,C00528
501658,2025-11-30,1024,Resistance Bands,Sports,Europe,Website,2,73.75,0.0,147.5,92.0,55.5,0,C00063
501659,2024-07-23,1007,Blender,Home & Kitchen,Europe,Mobile App,1,29.86,0.0,29.86,18.64,11.22,0,C00846
501660,2024-09-28,1004,USB-C Hub,Electronics,Europe,Website,3,109.12,0.05,310.99,150.24,160.75,0,C00792
501661,2024-09-12,1004,USB-C Hub,Electronics,Middle East,Website,1,109.12,0.1,98.21,50.08,48.13,0,C01382
501662,2024-04-19,1004,USB-C Hub,Electronics,North America,Marketplace,1,109.12,0.1,98.21,50.08,48.13,0,C00681
501663,2025-11-23,1001,Smart Watch,Electronics,Latin America,Mobile App,3,123.31,0.0,369.93,179.7,190.23,0,C00284
501664,2025-07-08,1021,Dumbbells,Sports,North America,Mobile App,1,18.19,0.05,17.28,7.58,9.7,1,C01064
501665,2025-01-15,1007,Blender,Home & Kitchen,Middle East,Website,3,29.86,0.2,71.66,55.92,15.74,0,C00762
501666,2025-08-11,1006,Coffee Maker,Home & Kitchen,Asia Pacific,Website,1,110.15,0.0,110.15,67.43,42.72,0,C01666
501667,2025-06-07,1010,T-Shirt,Apparel,Asia Pacific,Website,1,79.05,0.0,79.05,50.89,28.16,0,C00451
501668,2025-08-13,1002,Bluetooth Speaker,Electronics,Europe,Website,1,26.25,0.0,26.25,16.7,9.55,0,C00587
501669,2025-03-09,1023,Water Bottle,Sports,Latin America,Marketplace,2,55.97,0.1,100.75,56.76,43.99,0,C00569
501670,2024-02-03,1002,Bluetooth Speaker,Electronics,Middle East,Website,4,26.25,0.0,105.0,66.8,38.2,0,C01561
501671,2025-12-03,1007,Blender,Home & Kitchen,Europe,Website,1,29.86,0.0,29.86,18.64,11.22,0,C00504
501672,2024-05-03,1011,Jeans,Apparel,Middle East,Website,3,48.52,0.1,131.0,80.73,50.27,0,C00379
501673,2025-12-06,1018,Lipstick,Beauty,North America,Website,1,41.98,0.0,41.98,27.85,14.13,1,C00305
501674,2024-08-03,1019,Sunscreen,Beauty,Latin America,Mobile App,1,106.12,0.1,95.51,56.32,39.19,0,C01256
501675,2024-11-29,1007,Blender,Home & Kitchen,Asia Pacific,Mobile App,1,29.86,0.05,28.37,18.64,9.73,0,C01124
501676,2024-09-22,1008,Cookware Set,Home & Kitchen,Europe,Mobile App,1,55.01,0.05,52.26,27.82,24.44,0,C01684
501677,2024-08-30,1019,Sunscreen,Beauty,Asia Pacific,Website,1,106.12,0.0,106.12,56.32,49.8,1,C01466
501678,2025-09-19,1001,Smart Watch,Electronics,Asia Pacific,Website,2,123.31,0.0,246.62,119.8,126.82,0,C01783
501679,2025-05-25,1021,Dumbbells,Sports,Latin America,Website,2,18.19,0.2,29.1,15.16,13.94,0,C01383
501680,2025-12-18,1015,Face Serum,Beauty,Asia Pacific,Website,1,80.28,0.0,80.28,50.57,29.71,0,C00576
501681,2025-02-14,1015,Face Serum,Beauty,Asia Pacific,Website,2,80.28,0.2,128.45,101.14,27.31,0,C00189
501682,2025-08-08,1005,Air Fryer,Home & Kitchen,Europe,Marketplace,1,16.13,0.05,15.32,6.54,8.78,0,C01143
501683,2025-12-03,1022,Running Shoes,Sports,Europe,Mobile App,1,51.96,0.05,49.36,24.41,24.95,0,C01723
501684,2024-10-03,1000,Wireless Earbuds,Electronics,Europe,Mobile App,1,80.93,0.0,80.93,33.09,47.84,0,C00117
501685,2025-01-25,1009,Vacuum Cleaner,Home & Kitchen,Europe,Website,1,64.34,0.0,64.34,37.4,26.94,0,C01232
501686,2024-06-02,1008,Cookware Set,Home & Kitchen,Latin America,Mobile App,1,55.01,0.0,55.01,27.82,27.19,0,C00201
501687,2024-06-29,1000,Wireless Earbuds,Electronics,Latin America,Website,1,80.93,0.05,76.88,33.09,43.79,0,C00648
501688,2025-10-07,1007,Blender,Home & Kitchen,Middle East,Mobile App,1,29.86,0.15,25.38,18.64,6.74,0,C00487
501689,2024-11-19,1003,Laptop Stand,Electronics,Latin America,Website,1,22.02,0.0,22.02,9.36,12.66,0,C00428
501690,2025-07-29,1014,Hoodie,Apparel,Middle East,Website,1,71.73,0.0,71.73,49.43,22.3,0,C00064
501691,2024-04-11,1006,Coffee Maker,Home & Kitchen,Europe,Website,2,110.15,0.15,187.26,134.86,52.4,0,C01151
501692,2024-09-17,1019,Sunscreen,Beauty,Latin America,Mobile App,1,106.12,0.0,106.12,56.32,49.8,0,C01676
501693,2024-04-08,1020,Yoga Mat,Sports,Latin America,Mobile App,1,27.52,0.0,27.52,14.15,13.37,0,C01589
501694,2024-09-23,1023,Water Bottle,Sports,Asia Pacific,Website,1,55.97,0.05,53.17,28.38,24.79,0,C01674
501695,2025-07-24,1011,Jeans,Apparel,Asia Pacific,Website,1,48.52,0.0,48.52,26.91,21.61,0,C00613
501696,2025-02-25,1024,Resistance Bands,Sports,North America,Website,1,73.75,0.0,73.75,46.0,27.75,0,C01403
501697,2025-11-26,1012,Jacket,Apparel,Middle East,Website,3,88.76,0.0,266.28,117.63,148.65,0,C01763
501698,2025-08-12,1018,Lipstick,Beauty,Middle East,Website,1,41.98,0.0,41.98,27.85,14.13,0,C01641
501699,2024-10-18,1023,Water Bottle,Sports,Asia Pacific,Website,1,55.97,0.0,55.97,28.38,27.59,0,C00817
501700,2025-06-06,1007,Blender,Home & Kitchen,Latin America,Mobile App,1,29.86,0.0,29.86,18.64,11.22,0,C00467
501701,2025-04-02,1006,Coffee Maker,Home & Kitchen,North America,Website,3,110.15,0.0,330.45,202.29,128.16,0,C01663
501702,2024-10-20,1023,Water Bottle,Sports,Latin America,Mobile App,1,55.97,0.0,55.97,28.38,27.59,0,C01409
501703,2024-05-28,1022,Running Shoes,Sports,Europe,Mobile App,1,51.96,0.0,51.96,24.41,27.55,0,C01746
501704,2024-12-11,1018,Lipstick,Beauty,Latin America,Mobile App,1,41.98,0.0,41.98,27.85,14.13,0,C01200
501705,2025-08-08,1020,Yoga Mat,Sports,Latin America,Mobile App,1,27.52,0.1,24.77,14.15,10.62,0,C00522
501706,2024-03-14,1019,Sunscreen,Beauty,North America,Website,1,106.12,0.1,95.51,56.32,39.19,0,C00228
501707,2024-08-21,1011,Jeans,Apparel,Asia Pacific,Website,1,48.52,0.0,48.52,26.91,21.61,0,C01482
501708,2024-10-25,1000,Wireless Earbuds,Electronics,Asia Pacific,Mobile App,1,80.93,0.0,80.93,33.09,47.84,0,C00008
501709,2025-02-08,1019,Sunscreen,Beauty,Asia Pacific,Marketplace,1,106.12,0.0,106.12,56.32,49.8,0,C00312
501710,2025-01-06,1021,Dumbbells,Sports,Middle East,Mobile App,1,18.19,0.0,18.19,7.58,10.61,0,C00995
501711,2025-04-06,1003,Laptop Stand,Electronics,Latin America,Website,2,22.02,0.0,44.04,18.72,25.32,0,C00668
501712,2024-01-24,1000,Wireless Earbuds,Electronics,Europe,Mobile App,1,80.93,0.05,76.88,33.09,43.79,0,C00983
501713,2025-11-08,1011,Jeans,Apparel,Asia Pacific,Marketplace,2,48.52,0.1,87.34,53.82,33.52,0,C00926
501714,2025-12-18,1012,Jacket,Apparel,North America,Website,1,88.76,0.0,88.76,39.21,49.55,0,C01438
501715,2025-02-10,1013,Sneakers,Apparel,North America,Website,3,39.27,0.0,117.81,59.94,57.87,0,C00763
501716,2025-04-29,1014,Hoodie,Apparel,Middle East,Website,3,71.73,0.0,215.19,148.29,66.9,0,C00352
501717,2025-02-10,1013,Sneakers,Apparel,Middle East,Mobile App,1,39.27,0.0,39.27,19.98,19.29,0,C00300
501718,2024-03-26,1024,Resistance Bands,Sports,North America,Website,1,73.75,0.0,73.75,46.0,27.75,0,C00171
501719,2024-06-08,1022,Running Shoes,Sports,North America,Mobile App,1,51.96,0.0,51.96,24.41,27.55,0,C01360
501720,2025-02-03,1022,Running Shoes,Sports,Asia Pacific,Website,2,51.96,0.0,103.92,48.82,55.1,0,C00424
501721,2024-10-17,1013,Sneakers,Apparel,Latin America,Mobile App,1,39.27,0.1,35.34,19.98,15.36,0,C01662
501722,2024-05-14,1005,Air Fryer,Home & Kitchen,Middle East,Mobile App,2,16.13,0.0,32.26,13.08,19.18,0,C00576
501723,2024-01-30,1022,Running Shoes,Sports,North America,Mobile App,4,51.96,0.15,176.66,97.64,79.02,0,C01527
501724,2024-11-29,1006,Coffee Maker,Home & Kitchen,Latin America,Website,1,110.15,0.0,110.15,67.43,42.72,0,C00293
501725,2025-07-07,1010,T-Shirt,Apparel,Asia Pacific,Mobile App,1,79.05,0.05,75.1,50.89,24.21,0,C01412
501726,2024-05-18,1016,Shampoo,Beauty,Middle East,Website,2,24.14,0.0,48.28,19.76,28.52,0,C00252
501727,2025-09-03,1021,Dumbbells,Sports,Latin America,Mobile App,1,18.19,0.0,18.19,7.58,10.61,0,C00489
501728,2025-10-13,1010,T-Shirt,Apparel,Middle East,Website,1,79.05,0.0,79.05,50.89,28.16,0,C01336
501729,2025-10-17,1021,Dumbbells,Sports,Middle East,Website,1,18.19,0.05,17.28,7.58,9.7,0,C00592
501730,2024-12-21,1002,Bluetooth Speaker,Electronics,Latin America,Mobile App,2,26.25,0.05,49.88,33.4,16.48,0,C01607
501731,2024-04-01,1001,Smart Watch,Electronics,Latin America,Website,1,123.31,0.0,123.31,59.9,63.41,0,C00689
501732,2025-02-26,1004,USB-C Hub,Electronics,Asia Pacific,Website,2,109.12,0.0,218.24,100.16,118.08,0,C00041
501733,2024-01-11,1002,Bluetooth Speaker,Electronics,North America,Mobile App,1,26.25,0.0,26.25,16.7,9.55,0,C00229
501734,2024-05-19,1013,Sneakers,Apparel,Asia Pacific,Website,1,39.27,0.0,39.27,19.98,19.29,0,C00275
501735,2025-07-01,1008,Cookware Set,Home & Kitchen,North America,Mobile App,1,55.01,0.0,55.01,27.82,27.19,0,C01463
501736,2025-05-18,1023,Water Bottle,Sports,Latin America,Website,1,55.97,0.0,55.97,28.38,27.59,0,C01785
501737,2025-03-16,1015,Face Serum,Beauty,Asia Pacific,Mobile App,1,80.28,0.1,72.25,50.57,21.68,0,C00819
501738,2024-01-08,1018,Lipstick,Beauty,Middle East,Website,1,41.98,0.05,39.88,27.85,12.03,0,C01577
501739,2025-02-25,1008,Cookware Set,Home & Kitchen,Middle East,Website,1,55.01,0.0,55.01,27.82,27.19,0,C00907
501740,2024-09-12,1007,Blender,Home & Kitchen,Europe,Mobile App,2,29.86,0.0,59.72,37.28,22.44,0,C01203
501741,2025-10-23,1023,Water Bottle,Sports,Latin America,Mobile App,2,55.97,0.0,111.94,56.76,55.18,0,C00569
501742,2024-08-13,1019,Sunscreen,Beauty,Asia Pacific,Website,4,106.12,0.0,424.48,225.28,199.2,0,C00670
501743,2025-10-02,1015,Face Serum,Beauty,Europe,Mobile App,1,80.28,0.2,64.22,50.57,13.65,0,C01470
501744,2025-09-19,1015,Face Serum,Beauty,Asia Pacific,Website,1,80.28,0.0,80.28,50.57,29.71,0,C00951
501745,2025-06-28,1019,Sunscreen,Beauty,Asia Pacific,Website,2,106.12,0.0,212.24,112.64,99.6,0,C00658
501746,2024-03-11,1023,Water Bottle,Sports,Europe,Website,1,55.97,0.0,55.97,28.38,27.59,0,C00810
501747,2024-04-23,1015,Face Serum,Beauty,Latin America,Mobile App,1,80.28,0.1,72.25,50.57,21.68,0,C01558
501748,2024-10-05,1015,Face Serum,Beauty,Middle East,Website,2,80.28,0.05,152.53,101.14,51.39,0,C00390
501749,2024-11-24,1010,T-Shirt,Apparel,North America,Website,2,79.05,0.05,150.2,101.78,48.42,0,C00623
501750,2025-07-01,1015,Face Serum,Beauty,North America,Website,3,80.28,0.0,240.84,151.71,89.13,0,C01572
501751,2024-04-14,1011,Jeans,Apparel,Asia Pacific,Website,1,48.52,0.0,48.52,26.91,21.61,0,C01137
501752,2025-03-24,1010,T-Shirt,Apparel,North America,Website,1,79.05,0.2,63.24,50.89,12.35,0,C00114
501753,2024-06-03,1005,Air Fryer,Home & Kitchen,North America,Website,1,16.13,0.0,16.13,6.54,9.59,1,C01423
501754,2024-12-16,1024,Resistance Bands,Sports,Latin America,Website,1,73.75,0.0,73.75,46.0,27.75,0,C01704
501755,2025-05-25,1015,Face Serum,Beauty,Asia Pacific,Website,1,80.28,0.0,80.28,50.57,29.71,0,C00172
501756,2024-02-02,1009,Vacuum Cleaner,Home & Kitchen,Asia Pacific,Website,2,64.34,0.05,122.25,74.8,47.45,0,C01288
501757,2024-05-29,1002,Bluetooth Speaker,Electronics,North America,Website,1,26.25,0.15,22.31,16.7,5.61,0,C00050
501758,2025-02-05,1021,Dumbbells,Sports,North America,Mobile App,1,18.19,0.0,18.19,7.58,10.61,0,C01344
501759,2024-07-04,1015,Face Serum,Beauty,Europe,Marketplace,1,80.28,0.1,72.25,50.57,21.68,0,C00966
501760,2024-09-13,1000,Wireless Earbuds,Electronics,Latin America,Mobile App,2,80.93,0.0,161.86,66.18,95.68,0,C00534
501761,2024-05-04,1016,Shampoo,Beauty,Europe,Website,1,24.14,0.1,21.73,9.88,11.85,0,C00479
501762,2025-03-29,1002,Bluetooth Speaker,Electronics,Europe,Mobile App,1,26.25,0.0,26.25,16.7,9.55,0,C01446
501763,2024-02-04,1004,USB-C Hub,Electronics,Europe,Website,1,109.12,0.15,92.75,50.08,42.67,1,C00559
501764,2024-04-06,1020,Yoga Mat,Sports,Middle East,Mobile App,1,27.52,0.0,27.52,14.15,13.37,0,C01671
501765,2024-08-01,1000,Wireless Earbuds,Electronics,Latin America,Website,1,80.93,0.05,76.88,33.09,43.79,0,C01184
501766,2024-11-15,1007,Blender,Home & Kitchen,Asia Pacific,Website,1,29.86,0.15,25.38,18.64,6.74,0,C00508
501767,2024-02-13,1014,Hoodie,Apparel,Middle East,Mobile App,1,71.73,0.0,71.73,49.43,22.3,0,C01718
501768,2024-09-16,1001,Smart Watch,Electronics,Latin America,Mobile App,1,123.31,0.0,123.31,59.9,63.41,1,C01332
501769,2024-07-22,1011,Jeans,Apparel,Asia Pacific,Marketplace,2,48.52,0.0,97.04,53.82,43.22,0,C00093
501770,2025-11-13,1014,Hoodie,Apparel,Europe,Marketplace,1,71.73,0.1,64.56,49.43,15.13,0,C01520
501771,2024-08-29,1024,Resistance Bands,Sports,Latin America,Website,3,73.75,0.0,221.25,138.0,83.25,0,C00516
501772,2024-06-20,1018,Lipstick,Beauty,Asia Pacific,Mobile App,3,41.98,0.15,107.05,83.55,23.5,0,C01745
501773,2025-02-09,1017,Moisturizer,Beauty,Europe,Website,1,177.23,0.05,168.37,77.42,90.95,0,C01678
501774,2024-02-13,1012,Jacket,Apparel,Middle East,Mobile App,1,88.76,0.0,88.76,39.21,49.55,0,C00045
501775,2025-05-01,1004,USB-C Hub,Electronics,Middle East,Website,2,109.12,0.0,218.24,100.16,118.08,0,C01578
501776,2024-04-01,1020,Yoga Mat,Sports,Europe,Website,1,27.52,0.15,23.39,14.15,9.24,0,C00190
501777,2024-04-03,1011,Jeans,Apparel,Middle East,Website,2,48.52,0.0,97.04,53.82,43.22,0,C00072
501778,2025-10-02,1013,Sneakers,Apparel,North America,Website,1,39.27,0.15,33.38,19.98,13.4,0,C01052
501779,2025-10-22,1010,T-Shirt,Apparel,Europe,Mobile App,1,79.05,0.0,79.05,50.89,28.16,0,C01758
501780,2024-04-19,1013,Sneakers,Apparel,Europe,Website,1,39.27,0.0,39.27,19.98,19.29,0,C00407
501781,2024-11-20,1013,Sneakers,Apparel,Middle East,Mobile App,3,39.27,0.0,117.81,59.94,57.87,0,C01069
501782,2024-12-21,1001,Smart Watch,Electronics,Latin America,Mobile App,1,123.31,0.15,104.81,59.9,44.91,0,C00537
501783,2024-01-22,1005,Air Fryer,Home & Kitchen,Latin America,Website,2,16.13,0.2,25.81,13.08,12.73,0,C00956
501784,2024-05-17,1010,T-Shirt,Apparel,Asia Pacific,Marketplace,3,79.05,0.1,213.43,152.67,60.76,0,C01406
501785,2025-05-11,1017,Moisturizer,Beauty,Latin America,Mobile App,1,177.23,0.0,177.23,77.42,99.81,0,C00499
501786,2025-07-09,1013,Sneakers,Apparel,Latin America,Website,1,39.27,0.2,31.42,19.98,11.44,0,C01587
501787,2024-07-10,1015,Face Serum,Beauty,Middle East,Website,2,80.28,0.0,160.56,101.14,59.42,0,C00231
501788,2025-04-24,1011,Jeans,Apparel,Asia Pacific,Marketplace,2,48.52,0.0,97.04,53.82,43.22,0,C00362
501789,2025-09-05,1009,Vacuum Cleaner,Home & Kitchen,Middle East,Website,2,64.34,0.0,128.68,74.8,53.88,0,C00990
501790,2025-06-27,1015,Face Serum,Beauty,Europe,Website,2,80.28,0.0,160.56,101.14,59.42,0,C00608
501791,2024-09-26,1004,USB-C Hub,Electronics,Middle East,Website,1,109.12,0.0,109.12,50.08,59.04,0,C00980
501792,2024-01-01,1000,Wireless Earbuds,Electronics,Middle East,Website,1,80.93,0.2,64.74,33.09,31.65,0,C00899
501793,2024-07-08,1002,Bluetooth Speaker,Electronics,North America,Mobile App,1,26.25,0.0,26.25,16.7,9.55,0,C00986
501794,2025-01-07,1011,Jeans,Apparel,Middle East,Website,1,48.52,0.0,48.52,26.91,21.61,0,C00360
501795,2024-03-05,1020,Yoga Mat,Sports,Middle East,Mobile App,1,27.52,0.0,27.52,14.15,13.37,0,C01682
501796,2024-07-13,1011,Jeans,Apparel,Middle East,Mobile App,1,48.52,0.15,41.24,26.91,14.33,0,C00341
501797,2025-07-18,1024,Resistance Bands,Sports,Europe,Mobile App,1,73.75,0.15,62.69,46.0,16.69,1,C01060
501798,2024-11-26,1020,Yoga Mat,Sports,Latin America,Mobile App,1,27.52,0.0,27.52,14.15,13.37,0,C00018
501799,2024-04-23,1009,Vacuum Cleaner,Home & Kitchen,North America,Mobile App,4,64.34,0.1,231.62,149.6,82.02,0,C01431
501800,2024-03-09,1007,Blender,Home & Kitchen,North America,Mobile App,1,29.86,0.0,29.86,18.64,11.22,0,C01789
501801,2024-05-12,1009,Vacuum Cleaner,Home & Kitchen,Europe,Marketplace,3,64.34,0.0,193.02,112.2,80.82,0,C01210
501802,2024-07-25,1020,Yoga Mat,Sports,North America,Website,1,27.52,0.15,23.39,14.15,9.24,0,C00909
501803,2024-04-11,1008,Cookware Set,Home & Kitchen,North America,Mobile App,2,55.01,0.1,99.02,55.64,43.38,0,C00406
501804,2025-02-01,1020,Yoga Mat,Sports,Latin America,Mobile App,1,27.52,0.15,23.39,14.15,9.24,0,C01274
501805,2025-12-19,1011,Jeans,Apparel,Middle East,Website,1,48.52,0.0,48.52,26.91,21.61,0,C01002
501806,2025-01-10,1016,Shampoo,Beauty,Europe,Mobile App,3,24.14,0.0,72.42,29.64,42.78,0,C01512
501807,2024-03-13,1024,Resistance Bands,Sports,North America,Marketplace,2,73.75,0.1,132.75,92.0,40.75,0,C01757
501808,2024-08-01,1023,Water Bottle,Sports,Latin America,Marketplace,1,55.97,0.0,55.97,28.38,27.59,0,C01749
501809,2024-03-22,1007,Blender,Home & Kitchen,Latin America,Mobile App,2,29.86,0.0,59.72,37.28,22.44,0,C01762
501810,2024-03-03,1006,Coffee Maker,Home & Kitchen,Asia Pacific,Mobile App,1,110.15,0.1,99.14,67.43,31.71,1,C01235
501811,2025-03-01,1007,Blender,Home & Kitchen,Asia Pacific,Mobile App,1,29.86,0.05,28.37,18.64,9.73,0,C00208
501812,2024-02-29,1005,Air Fryer,Home & Kitchen,Middle East,Website,3,16.13,0.0,48.39,19.62,28.77,0,C00099
501813,2024-02-11,1005,Air Fryer,Home & Kitchen,North America,Mobile App,4,16.13,0.15,54.84,26.16,28.68,0,C00968
501814,2024-03-20,1017,Moisturizer,Beauty,Europe,Marketplace,1,177.23,0.0,177.23,77.42,99.81,0,C00187
501815,2024-04-09,1011,Jeans,Apparel,North America,Mobile App,2,48.52,0.0,97.04,53.82,43.22,0,C00652
501816,2025-06-28,1003,Laptop Stand,Electronics,Latin America,Website,1,22.02,0.0,22.02,9.36,12.66,0,C01335
501817,2025-06-22,1008,Cookware Set,Home & Kitchen,Europe,Mobile App,2,55.01,0.2,88.02,55.64,32.38,0,C00230
501818,2024-07-02,1000,Wireless Earbuds,Electronics,Middle East,Mobile App,1,80.93,0.1,72.84,33.09,39.75,0,C00549
501819,2025-03-01,1013,Sneakers,Apparel,North America,Mobile App,2,39.27,0.15,66.76,39.96,26.8,0,C00052
501820,2025-08-13,1024,Resistance Bands,Sports,Asia Pacific,Mobile App,1,73.75,0.15,62.69,46.0,16.69,1,C00997
501821,2025-12-20,1006,Coffee Maker,Home & Kitchen,Latin America,Marketplace,2,110.15,0.0,220.3,134.86,85.44,0,C00824
501822,2024-06-19,1000,Wireless Earbuds,Electronics,Europe,Mobile App,2,80.93,0.0,161.86,66.18,95.68,0,C00048
501823,2025-05-31,1016,Shampoo,Beauty,Asia Pacific,Mobile App,2,24.14,0.0,48.28,19.76,28.52,0,C00464
501824,2025-06-30,1006,Coffee Maker,Home & Kitchen,Middle East,Website,1,110.15,0.0,110.15,67.43,42.72,0,C00409
501825,2024-12-26,1006,Coffee Maker,Home & Kitchen,Asia Pacific,Mobile App,1,110.15,0.0,110.15,67.43,42.72,0,C00305
501826,2024-11-28,1006,Coffee Maker,Home & Kitchen,Asia Pacific,Website,1,110.15,0.0,110.15,67.43,42.72,0,C01218
501827,2025-10-10,1006,Coffee Maker,Home & Kitchen,Latin America,Mobile App,1,110.15,0.05,104.64,67.43,37.21,1,C01081
501828,2024-11-27,1011,Jeans,Apparel,Middle East,Website,1,48.52,0.0,48.52,26.91,21.61,1,C01524
501829,2025-07-12,1023,Water Bottle,Sports,Europe,Website,3,55.97,0.0,167.91,85.14,82.77,0,C00349
501830,2025-07-17,1005,Air Fryer,Home & Kitchen,Asia Pacific,Website,1,16.13,0.05,15.32,6.54,8.78,0,C00796
501831,2025-04-08,1021,Dumbbells,Sports,Latin America,Marketplace,1,18.19,0.05,17.28,7.58,9.7,0,C01322
501832,2024-01-01,1000,Wireless Earbuds,Electronics,North America,Marketplace,1,80.93,0.0,80.93,33.09,47.84,0,C00338
501833,2025-09-02,1014,Hoodie,Apparel,North America,Mobile App,1,71.73,0.2,57.38,49.43,7.95,0,C00414
501834,2024-11-05,1020,Yoga Mat,Sports,North America,Website,1,27.52,0.1,24.77,14.15,10.62,0,C00727
501835,2024-08-15,1012,Jacket,Apparel,Europe,Marketplace,1,88.76,0.05,84.32,39.21,45.11,0,C01707
501836,2024-01-23,1019,Sunscreen,Beauty,Asia Pacific,Marketplace,2,106.12,0.0,212.24,112.64,99.6,0,C00821
501837,2025-06-07,1014,Hoodie,Apparel,Middle East,Mobile App,1,71.73,0.05,68.14,49.43,18.71,0,C01643
501838,2025-08-08,1005,Air Fryer,Home & Kitchen,Europe,Website,4,16.13,0.05,61.29,26.16,35.13,0,C00385
501839,2025-04-16,1010,T-Shirt,Apparel,Asia Pacific,Website,1,79.05,0.0,79.05,50.89,28.16,0,C01480
501840,2024-09-28,1019,Sunscreen,Beauty,Asia Pacific,Marketplace,2,106.12,0.0,212.24,112.64,99.6,0,C01233
501841,2024-09-12,1002,Bluetooth Speaker,Electronics,Europe,Website,1,26.25,0.0,26.25,16.7,9.55,0,C01763
501842,2024-11-03,1024,Resistance Bands,Sports,North America,Mobile App,2,73.75,0.0,147.5,92.0,55.5,0,C01210
501843,2025-08-05,1013,Sneakers,Apparel,Europe,Mobile App,1,39.27,0.0,39.27,19.98,19.29,0,C00517
501844,2024-11-28,1024,Resistance Bands,Sports,Latin America,Website,1,73.75,0.1,66.38,46.0,20.38,0,C00632
501845,2025-12-07,1014,Hoodie,Apparel,Middle East,Mobile App,1,71.73,0.0,71.73,49.43,22.3,0,C01468
501846,2024-04-07,1011,Jeans,Apparel,Middle East,Mobile App,1,48.52,0.0,48.52,26.91,21.61,0,C01358
501847,2024-02-08,1022,Running Shoes,Sports,Middle East,Website,1,51.96,0.05,49.36,24.41,24.95,0,C01517
501848,2024-02-27,1011,Jeans,Apparel,Asia Pacific,Website,2,48.52,0.0,97.04,53.82,43.22,0,C01440
501849,2025-03-20,1008,Cookware Set,Home & Kitchen,Latin America,Marketplace,1,55.01,0.0,55.01,27.82,27.19,0,C00488
501850,2024-05-03,1024,Resistance Bands,Sports,Europe,Mobile App,2,73.75,0.0,147.5,92.0,55.5,0,C01209
501851,2025-09-08,1023,Water Bottle,Sports,North America,Mobile App,1,55.97,0.1,50.37,28.38,21.99,0,C01189
501852,2025-10-09,1018,Lipstick,Beauty,Latin America,Website,2,41.98,0.0,83.96,55.7,28.26,0,C00039
501853,2025-06-20,1011,Jeans,Apparel,North America,Website,3,48.52,0.1,131.0,80.73,50.27,0,C01340
501854,2025-08-01,1022,Running Shoes,Sports,Europe,Website,1,51.96,0.0,51.96,24.41,27.55,0,C01251
501855,2025-12-15,1003,Laptop Stand,Electronics,Europe,Website,1,22.02,0.1,19.82,9.36,10.46,0,C01157
501856,2025-11-20,1004,USB-C Hub,Electronics,Latin America,Marketplace,1,109.12,0.0,109.12,50.08,59.04,0,C01188
501857,2025-09-01,1006,Coffee Maker,Home & Kitchen,Middle East,Mobile App,1,110.15,0.0,110.15,67.43,42.72,0,C01008
501858,2024-08-15,1003,Laptop Stand,Electronics,Latin America,Website,2,22.02,0.0,44.04,18.72,25.32,0,C00177
501859,2025-02-07,1017,Moisturizer,Beauty,Europe,Website,1,177.23,0.0,177.23,77.42,99.81,0,C00700
501860,2024-03-25,1004,USB-C Hub,Electronics,Latin America,Mobile App,1,109.12,0.0,109.12,50.08,59.04,0,C00769
501861,2024-02-20,1018,Lipstick,Beauty,Middle East,Website,1,41.98,0.0,41.98,27.85,14.13,0,C00820
501862,2024-03-28,1015,Face Serum,Beauty,Latin America,Mobile App,1,80.28,0.15,68.24,50.57,17.67,0,C01401
501863,2025-12-15,1005,Air Fryer,Home & Kitchen,Europe,Mobile App,1,16.13,0.0,16.13,6.54,9.59,0,C01031
501864,2025-05-07,1000,Wireless Earbuds,Electronics,Middle East,Website,1,80.93,0.0,80.93,33.09,47.84,0,C01602
501865,2025-02-08,1019,Sunscreen,Beauty,Middle East,Website,1,106.12,0.0,106.12,56.32,49.8,0,C00849
501866,2025-09-22,1023,Water Bottle,Sports,Middle East,Website,1,55.97,0.0,55.97,28.38,27.59,0,C00478
501867,2024-03-14,1003,Laptop Stand,Electronics,Asia Pacific,Mobile App,2,22.02,0.0,44.04,18.72,25.32,1,C01021
501868,2024-11-27,1016,Shampoo,Beauty,Middle East,Website,1,24.14,0.0,24.14,9.88,14.26,0,C01664
501869,2025-11-18,1017,Moisturizer,Beauty,Latin America,Website,1,177.23,0.0,177.23,77.42,99.81,0,C00855
501870,2024-12-22,1008,Cookware Set,Home & Kitchen,Europe,Website,4,55.01,0.0,220.04,111.28,108.76,0,C00272
501871,2025-08-31,1012,Jacket,Apparel,North America,Mobile App,1,88.76,0.2,71.01,39.21,31.8,0,C00874
501872,2024-06-22,1008,Cookware Set,Home & Kitchen,Asia Pacific,Mobile App,1,55.01,0.1,49.51,27.82,21.69,1,C01645
501873,2025-03-28,1002,Bluetooth Speaker,Electronics,Middle East,Website,1,26.25,0.0,26.25,16.7,9.55,0,C00818
501874,2024-02-15,1006,Coffee Maker,Home & Kitchen,Europe,Website,1,110.15,0.05,104.64,67.43,37.21,1,C00209
501875,2025-01-17,1004,USB-C Hub,Electronics,Europe,Mobile App,2,109.12,0.05,207.33,100.16,107.17,0,C01439
501876,2024-03-28,1010,T-Shirt,Apparel,North America,Mobile App,1,79.05,0.0,79.05,50.89,28.16,0,C00164
501877,2024-09-05,1014,Hoodie,Apparel,Middle East,Marketplace,1,71.73,0.0,71.73,49.43,22.3,0,C00293
501878,2024-10-21,1009,Vacuum Cleaner,Home & Kitchen,North America,Website,1,64.34,0.05,61.12,37.4,23.72,0,C01312
501879,2024-04-23,1019,Sunscreen,Beauty,Asia Pacific,Website,2,106.12,0.0,212.24,112.64,99.6,0,C01329
501880,2024-01-24,1024,Resistance Bands,Sports,Asia Pacific,Website,1,73.75,0.0,73.75,46.0,27.75,0,C00593
501881,2025-07-04,1006,Coffee Maker,Home & Kitchen,Europe,Website,1,110.15,0.15,93.63,67.43,26.2,0,C01598
501882,2025-06-19,1008,Cookware Set,Home & Kitchen,Asia Pacific,Mobile App,1,55.01,0.0,55.01,27.82,27.19,0,C01468
501883,2025-09-29,1021,Dumbbells,Sports,Europe,Mobile App,1,18.19,0.0,18.19,7.58,10.61,1,C00122
501884,2025-11-15,1004,USB-C Hub,Electronics,North America,Website,2,109.12,0.0,218.24,100.16,118.08,0,C01605
501885,2025-11-10,1011,Jeans,Apparel,Middle East,Website,1,48.52,0.0,48.52,26.91,21.61,0,C00515
501886,2024-06-23,1022,Running Shoes,Sports,North America,Website,1,51.96,0.2,41.57,24.41,17.16,0,C00588
501887,2025-12-14,1014,Hoodie,Apparel,Middle East,Website,1,71.73,0.05,68.14,49.43,18.71,0,C00701
501888,2025-04-21,1024,Resistance Bands,Sports,North America,Website,1,73.75,0.0,73.75,46.0,27.75,0,C00347
501889,2025-11-07,1020,Yoga Mat,Sports,Asia Pacific,Mobile App,1,27.52,0.15,23.39,14.15,9.24,0,C00475
501890,2025-11-06,1007,Blender,Home & Kitchen,Asia Pacific,Marketplace,1,29.86,0.0,29.86,18.64,11.22,0,C01702
501891,2024-01-20,1006,Coffee Maker,Home & Kitchen,Asia Pacific,Marketplace,1,110.15,0.1,99.14,67.43,31.71,0,C01522
501892,2025-10-26,1013,Sneakers,Apparel,Latin America,Website,1,39.27,0.0,39.27,19.98,19.29,0,C01592
501893,2025-01-24,1000,Wireless Earbuds,Electronics,Middle East,Marketplace,1,80.93,0.0,80.93,33.09,47.84,0,C01099
501894,2024-04-11,1003,Laptop Stand,Electronics,Asia Pacific,Website,1,22.02,0.0,22.02,9.36,12.66,0,C01738
501895,2025-09-03,1017,Moisturizer,Beauty,Middle East,Website,2,177.23,0.0,354.46,154.84,199.62,0,C00585
501896,2024-07-22,1005,Air Fryer,Home & Kitchen,Middle East,Marketplace,2,16.13,0.0,32.26,13.08,19.18,1,C00906
501897,2025-07-28,1021,Dumbbells,Sports,North America,Website,2,18.19,0.0,36.38,15.16,21.22,0,C01587
501898,2025-06-26,1010,T-Shirt,Apparel,Asia Pacific,Website,2,79.05,0.2,126.48,101.78,24.7,1,C01173
501899,2025-02-06,1009,Vacuum Cleaner,Home & Kitchen,Europe,Website,1,64.34,0.0,64.34,37.4,26.94,0,C01543
501900,2025-12-01,1012,Jacket,Apparel,Asia Pacific,Website,1,88.76,0.0,88.76,39.21,49.55,0,C01481
501901,2024-11-05,1003,Laptop Stand,Electronics,Europe,Marketplace,1,22.02,0.0,22.02,9.36,12.66,0,C00319
501902,2025-05-28,1010,T-Shirt,Apparel,Asia Pacific,Mobile App,1,79.05,0.0,79.05,50.89,28.16,0,C00393
501903,2025-10-02,1002,Bluetooth Speaker,Electronics,Asia Pacific,Marketplace,1,26.25,0.05,24.94,16.7,8.24,0,C00172
501904,2024-01-31,1024,Resistance Bands,Sports,Middle East,Marketplace,1,73.75,0.0,73.75,46.0,27.75,0,C00915
501905,2024-08-18,1001,Smart Watch,Electronics,Europe,Website,2,123.31,0.0,246.62,119.8,126.82,0,C00269
501906,2025-02-06,1011,Jeans,Apparel,Europe,Website,1,48.52,0.0,48.52,26.91,21.61,0,C00430
501907,2025-01-26,1011,Jeans,Apparel,Middle East,Marketplace,1,48.52,0.0,48.52,26.91,21.61,0,C01089
501908,2025-09-19,1003,Laptop Stand,Electronics,Europe,Website,4,22.02,0.0,88.08,37.44,50.64,0,C00304
501909,2025-08-09,1014,Hoodie,Apparel,Europe,Website,3,71.73,0.0,215.19,148.29,66.9,0,C00470
501910,2024-11-15,1000,Wireless Earbuds,Electronics,Middle East,Website,4,80.93,0.0,323.72,132.36,191.36,0,C01425
501911,2025-07-09,1019,Sunscreen,Beauty,Europe,Website,2,106.12,0.0,212.24,112.64,99.6,0,C01506
501912,2024-05-21,1014,Hoodie,Apparel,Middle East,Mobile App,1,71.73,0.0,71.73,49.43,22.3,0,C01438
501913,2024-07-26,1011,Jeans,Apparel,Europe,Website,1,48.52,0.1,43.67,26.91,16.76,0,C00680
501914,2025-12-23,1010,T-Shirt,Apparel,Middle East,Marketplace,1,79.05,0.0,79.05,50.89,28.16,0,C00310
501915,2025-03-16,1013,Sneakers,Apparel,Europe,Mobile App,1,39.27,0.0,39.27,19.98,19.29,0,C01285
501916,2025-08-01,1009,Vacuum Cleaner,Home & Kitchen,Europe,Website,1,64.34,0.05,61.12,37.4,23.72,0,C01155
501917,2025-07-24,1014,Hoodie,Apparel,Middle East,Marketplace,1,71.73,0.0,71.73,49.43,22.3,0,C00244
501918,2024-05-01,1000,Wireless Earbuds,Electronics,Europe,Website,1,80.93,0.05,76.88,33.09,43.79,0,C01726
501919,2024-05-29,1014,Hoodie,Apparel,North America,Mobile App,2,71.73,0.0,143.46,98.86,44.6,0,C01533
501920,2025-02-27,1022,Running Shoes,Sports,Latin America,Website,1,51.96,0.0,51.96,24.41,27.55,0,C00273
501921,2025-10-14,1007,Blender,Home & Kitchen,Asia Pacific,Website,1,29.86,0.0,29.86,18.64,11.22,0,C00628
501922,2024-07-11,1005,Air Fryer,Home & Kitchen,North America,Website,1,16.13,0.0,16.13,6.54,9.59,0,C00119
501923,2024-01-27,1010,T-Shirt,Apparel,Middle East,Mobile App,3,79.05,0.0,237.15,152.67,84.48,0,C00314
501924,2025-09-12,1013,Sneakers,Apparel,Middle East,Mobile App,1,39.27,0.05,37.31,19.98,17.33,0,C00561
501925,2025-09-02,1024,Resistance Bands,Sports,Europe,Website,2,73.75,0.0,147.5,92.0,55.5,0,C01405
501926,2024-01-27,1008,Cookware Set,Home & Kitchen,Asia Pacific,Website,1,55.01,0.2,44.01,27.82,16.19,0,C00407
501927,2025-05-03,1013,Sneakers,Apparel,Europe,Mobile App,2,39.27,0.15,66.76,39.96,26.8,0,C00378
501928,2025-09-11,1009,Vacuum Cleaner,Home & Kitchen,Latin America,Mobile App,2,64.34,0.1,115.81,74.8,41.01,0,C01751
501929,2025-01-17,1020,Yoga Mat,Sports,Europe,Marketplace,2,27.52,0.0,55.04,28.3,26.74,0,C00893
501930,2025-05-18,1023,Water Bottle,Sports,Latin America,Website,1,55.97,0.15,47.57,28.38,19.19,0,C00588
501931,2024-07-16,1024,Resistance Bands,Sports,Europe,Website,2,73.75,0.2,118.0,92.0,26.0,0,C01202
501932,2024-01-16,1001,Smart Watch,Electronics,Asia Pacific,Marketplace,2,123.31,0.0,246.62,119.8,126.82,0,C00924
501933,2024-08-15,1006,Coffee Maker,Home & Kitchen,Europe,Mobile App,1,110.15,0.0,110.15,67.43,42.72,0,C00494
501934,2024-03-08,1022,Running Shoes,Sports,Europe,Marketplace,1,51.96,0.0,51.96,24.41,27.55,0,C00307
501935,2025-03-25,1011,Jeans,Apparel,Middle East,Website,1,48.52,0.2,38.82,26.91,11.91,0,C01676
501936,2024-11-28,1014,Hoodie,Apparel,Latin America,Marketplace,1,71.73,0.0,71.73,49.43,22.3,0,C01617
501937,2025-03-13,1019,Sunscreen,Beauty,Latin America,Mobile App,1,106.12,0.0,106.12,56.32,49.8,0,C01532
501938,2025-09-14,1002,Bluetooth Speaker,Electronics,Latin America,Mobile App,2,26.25,0.0,52.5,33.4,19.1,0,C01225
501939,2025-02-07,1019,Sunscreen,Beauty,Middle East,Marketplace,1,106.12,0.1,95.51,56.32,39.19,0,C01372
501940,2025-08-08,1000,Wireless Earbuds,Electronics,Middle East,Mobile App,1,80.93,0.0,80.93,33.09,47.84,0,C00592
501941,2025-10-18,1000,Wireless Earbuds,Electronics,North America,Mobile App,1,80.93,0.15,68.79,33.09,35.7,0,C01758
501942,2025-04-07,1018,Lipstick,Beauty,Latin America,Mobile App,1,41.98,0.0,41.98,27.85,14.13,0,C00638
501943,2024-02-13,1002,Bluetooth Speaker,Electronics,Europe,Mobile App,1,26.25,0.05,24.94,16.7,8.24,0,C00743
501944,2025-02-09,1012,Jacket,Apparel,North America,Mobile App,1,88.76,0.1,79.88,39.21,40.67,0,C00086
501945,2025-06-12,1005,Air Fryer,Home & Kitchen,North America,Website,1,16.13,0.0,16.13,6.54,9.59,0,C00206
501946,2025-03-26,1005,Air Fryer,Home & Kitchen,Latin America,Marketplace,2,16.13,0.0,32.26,13.08,19.18,0,C01388
501947,2024-10-19,1011,Jeans,Apparel,Latin America,Website,2,48.52,0.0,97.04,53.82,43.22,0,C01409
501948,2024-10-28,1009,Vacuum Cleaner,Home & Kitchen,Middle East,Marketplace,2,64.34,0.0,128.68,74.8,53.88,0,C00544
501949,2025-12-07,1019,Sunscreen,Beauty,Middle East,Marketplace,2,106.12,0.0,212.24,112.64,99.6,0,C00947
501950,2025-04-19,1011,Jeans,Apparel,Latin America,Website,1,48.52,0.0,48.52,26.91,21.61,0,C00883
501951,2025-05-27,1001,Smart Watch,Electronics,North America,Website,2,123.31,0.0,246.62,119.8,126.82,0,C00936
501952,2025-08-22,1016,Shampoo,Beauty,Middle East,Website,1,24.14,0.0,24.14,9.88,14.26,0,C01417
501953,2025-02-27,1001,Smart Watch,Electronics,Asia Pacific,Website,2,123.31,0.0,246.62,119.8,126.82,0,C00815
501954,2024-07-02,1001,Smart Watch,Electronics,Latin America,Mobile App,1,123.31,0.0,123.31,59.9,63.41,0,C00096
501955,2025-12-30,1002,Bluetooth Speaker,Electronics,Europe,Marketplace,1,26.25,0.05,24.94,16.7,8.24,0,C00215
501956,2024-04-02,1023,Water Bottle,Sports,Asia Pacific,Website,2,55.97,0.1,100.75,56.76,43.99,0,C01666
501957,2025-10-26,1009,Vacuum Cleaner,Home & Kitchen,Europe,Mobile App,1,64.34,0.0,64.34,37.4,26.94,0,C00075
501958,2024-05-06,1024,Resistance Bands,Sports,North America,Website,1,73.75,0.05,70.06,46.0,24.06,0,C00266
501959,2025-04-05,1004,USB-C Hub,Electronics,Asia Pacific,Website,1,109.12,0.0,109.12,50.08,59.04,0,C00327
501960,2025-12-25,1024,Resistance Bands,Sports,Latin America,Mobile App,2,73.75,0.0,147.5,92.0,55.5,0,C00919
501961,2025-06-07,1018,Lipstick,Beauty,Middle East,Marketplace,1,41.98,0.0,41.98,27.85,14.13,0,C01436
501962,2025-01-22,1018,Lipstick,Beauty,Middle East,Website,1,41.98,0.0,41.98,27.85,14.13,1,C01720
501963,2024-06-23,1018,Lipstick,Beauty,Asia Pacific,Mobile App,1,41.98,0.0,41.98,27.85,14.13,0,C00539
501964,2025-11-06,1006,Coffee Maker,Home & Kitchen,Europe,Website,1,110.15,0.0,110.15,67.43,42.72,1,C00845
501965,2024-05-28,1015,Face Serum,Beauty,Europe,Mobile App,2,80.28,0.0,160.56,101.14,59.42,0,C01048
501966,2024-02-22,1013,Sneakers,Apparel,Latin America,Website,1,39.27,0.05,37.31,19.98,17.33,0,C00063
501967,2025-04-01,1012,Jacket,Apparel,Asia Pacific,Mobile App,1,88.76,0.2,71.01,39.21,31.8,0,C01026
501968,2024-04-30,1020,Yoga Mat,Sports,Europe,Marketplace,1,27.52,0.0,27.52,14.15,13.37,0,C00962
501969,2024-01-04,1019,Sunscreen,Beauty,Middle East,Mobile App,1,106.12,0.2,84.9,56.32,28.58,0,C01533
501970,2024-01-13,1009,Vacuum Cleaner,Home & Kitchen,Latin America,Website,1,64.34,0.15,54.69,37.4,17.29,0,C01166
501971,2025-05-25,1012,Jacket,Apparel,Middle East,Mobile App,3,88.76,0.0,266.28,117.63,148.65,0,C01791
501972,2025-09-14,1020,Yoga Mat,Sports,Latin America,Website,1,27.52,0.0,27.52,14.15,13.37,0,C01388
501973,2025-08-25,1009,Vacuum Cleaner,Home & Kitchen,Latin America,Website,1,64.34,0.05,61.12,37.4,23.72,0,C00517
501974,2025-03-28,1017,Moisturizer,Beauty,North America,Mobile App,2,177.23,0.15,301.29,154.84,146.45,0,C00348
501975,2024-01-07,1007,Blender,Home & Kitchen,Europe,Marketplace,2,29.86,0.0,59.72,37.28,22.44,0,C01656
501976,2024-10-11,1006,Coffee Maker,Home & Kitchen,Middle East,Mobile App,1,110.15,0.0,110.15,67.43,42.72,0,C00665
501977,2024-07-31,1023,Water Bottle,Sports,North America,Website,2,55.97,0.0,111.94,56.76,55.18,0,C00968
501978,2024-02-26,1005,Air Fryer,Home & Kitchen,Asia Pacific,Website,2,16.13,0.0,32.26,13.08,19.18,0,C01321
501979,2024-02-03,1021,Dumbbells,Sports,Middle East,Mobile App,1,18.19,0.0,18.19,7.58,10.61,0,C00279
501980,2024-11-01,1021,Dumbbells,Sports,Asia Pacific,Marketplace,1,18.19,0.0,18.19,7.58,10.61,0,C00122
501981,2024-02-20,1014,Hoodie,Apparel,North America,Website,1,71.73,0.0,71.73,49.43,22.3,0,C00608
501982,2024-07-01,1004,USB-C Hub,Electronics,Europe,Mobile App,1,109.12,0.2,87.3,50.08,37.22,0,C00294
501983,2025-09-17,1016,Shampoo,Beauty,Middle East,Mobile App,1,24.14,0.0,24.14,9.88,14.26,0,C01508
501984,2025-07-29,1012,Jacket,Apparel,Europe,Marketplace,1,88.76,0.15,75.45,39.21,36.24,0,C01108
501985,2025-08-15,1018,Lipstick,Beauty,Asia Pacific,Marketplace,1,41.98,0.05,39.88,27.85,12.03,0,C00904
501986,2024-04-05,1005,Air Fryer,Home & Kitchen,Asia Pacific,Website,1,16.13,0.0,16.13,6.54,9.59,1,C00839
501987,2025-01-23,1023,Water Bottle,Sports,North America,Mobile App,1,55.97,0.0,55.97,28.38,27.59,0,C01520
501988,2025-07-17,1011,Jeans,Apparel,North America,Website,3,48.52,0.0,145.56,80.73,64.83,0,C00910
501989,2024-05-17,1022,Running Shoes,Sports,North America,Mobile App,1,51.96,0.0,51.96,24.41,27.55,0,C00366
501990,2024-10-08,1019,Sunscreen,Beauty,Asia Pacific,Mobile App,1,106.12,0.05,100.81,56.32,44.49,0,C00865
501991,2025-06-21,1015,Face Serum,Beauty,Europe,Mobile App,1,80.28,0.0,80.28,50.57,29.71,0,C01671
501992,2025-09-18,1006,Coffee Maker,Home & Kitchen,North America,Website,4,110.15,0.05,418.57,269.72,148.85,0,C00330
501993,2025-10-06,1008,Cookware Set,Home & Kitchen,Middle East,Marketplace,1,55.01,0.0,55.01,27.82,27.19,0,C01544
501994,2025-05-10,1024,Resistance Bands,Sports,Middle East,Marketplace,1,73.75,0.0,73.75,46.0,27.75,0,C00868
501995,2025-12-24,1015,Face Serum,Beauty,Asia Pacific,Website,1,80.28,0.1,72.25,50.57,21.68,0,C01538
501996,2024-11-20,1005,Air Fryer,Home & Kitchen,Asia Pacific,Mobile App,2,16.13,0.0,32.26,13.08,19.18,0,C00915
501997,2025-09-30,1005,Air Fryer,Home & Kitchen,Asia Pacific,Marketplace,1,16.13,0.15,13.71,6.54,7.17,0,C00979
501998,2025-09-21,1015,Face Serum,Beauty,Middle East,Website,2,80.28,0.0,160.56,101.14,59.42,0,C01389
501999,2025-10-09,1008,Cookware Set,Home & Kitchen,Latin America,Website,1,55.01,0.1,49.51,27.82,21.69,0,C01364
502000,2024-07-03,1024,Resistance Bands,Sports,Middle East,Website,1,73.75,0.0,73.75,46.0,27.75,0,C01270
502001,2024-10-24,1019,Sunscreen,Beauty,Europe,Website,1,106.12,0.0,106.12,56.32,49.8,0,C01409
502002,2024-01-25,1001,Smart Watch,Electronics,Latin America,Mobile App,1,123.31,0.0,123.31,59.9,63.41,0,C00551
502003,2024-04-30,1016,Shampoo,Beauty,Europe,Mobile App,3,24.14,0.2,57.94,29.64,28.3,0,C01536
502004,2025-02-28,1019,Sunscreen,Beauty,Latin America,Website,1,106.12,0.05,100.81,56.32,44.49,0,C00297
502005,2024-12-24,1020,Yoga Mat,Sports,Middle East,Mobile App,2,27.52,0.1,49.54,28.3,21.24,0,C00428
502006,2024-08-05,1015,Face Serum,Beauty,North America,Mobile App,1,80.28,0.05,76.27,50.57,25.7,0,C00367
502007,2025-12-07,1001,Smart Watch,Electronics,Asia Pacific,Website,1,123.31,0.0,123.31,59.9,63.41,0,C00406
502008,2024-03-10,1017,Moisturizer,Beauty,Asia Pacific,Website,1,177.23,0.0,177.23,77.42,99.81,1,C01214
502009,2025-07-17,1017,Moisturizer,Beauty,Asia Pacific,Mobile App,1,177.23,0.0,177.23,77.42,99.81,0,C00343
502010,2024-04-26,1016,Shampoo,Beauty,Asia Pacific,Website,1,24.14,0.1,21.73,9.88,11.85,0,C01012
502011,2025-08-05,1000,Wireless Earbuds,Electronics,Middle East,Marketplace,1,80.93,0.05,76.88,33.09,43.79,0,C00314
502012,2024-06-28,1004,USB-C Hub,Electronics,Europe,Website,2,109.12,0.2,174.59,100.16,74.43,0,C01491
502013,2024-12-12,1004,USB-C Hub,Electronics,Latin America,Marketplace,1,109.12,0.1,98.21,50.08,48.13,0,C00531
502014,2024-02-06,1003,Laptop Stand,Electronics,Europe,Website,1,22.02,0.0,22.02,9.36,12.66,0,C01043
502015,2025-10-04,1024,Resistance Bands,Sports,Latin America,Marketplace,1,73.75,0.2,59.0,46.0,13.0,0,C00626
502016,2025-07-03,1019,Sunscreen,Beauty,Asia Pacific,Website,1,106.12,0.0,106.12,56.32,49.8,0,C00219
502017,2025-02-27,1019,Sunscreen,Beauty,North America,Mobile App,1,106.12,0.2,84.9,56.32,28.58,0,C01280
502018,2024-11-02,1005,Air Fryer,Home & Kitchen,Middle East,Mobile App,1,16.13,0.0,16.13,6.54,9.59,0,C01246
502019,2024-11-19,1011,Jeans,Apparel,Middle East,Mobile App,1,48.52,0.0,48.52,26.91,21.61,0,C00980
502020,2024-08-01,1003,Laptop Stand,Electronics,Middle East,Mobile App,1,22.02,0.0,22.02,9.36,12.66,0,C01114
502021,2024-12-28,1000,Wireless Earbuds,Electronics,North America,Marketplace,1,80.93,0.0,80.93,33.09,47.84,0,C00745
502022,2024-10-14,1014,Hoodie,Apparel,North America,Website,1,71.73,0.0,71.73,49.43,22.3,0,C00957
502023,2025-01-19,1002,Bluetooth Speaker,Electronics,Middle East,Mobile App,2,26.25,0.0,52.5,33.4,19.1,1,C01618
502024,2025-08-07,1018,Lipstick,Beauty,Middle East,Website,2,41.98,0.0,83.96,55.7,28.26,0,C00788
502025,2025-09-01,1016,Shampoo,Beauty,North America,Marketplace,1,24.14,0.0,24.14,9.88,14.26,1,C00982
502026,2024-11-11,1020,Yoga Mat,Sports,Asia Pacific,Mobile App,1,27.52,0.0,27.52,14.15,13.37,0,C00003
502027,2024-10-05,1022,Running Shoes,Sports,Latin America,Website,1,51.96,0.0,51.96,24.41,27.55,0,C01614
502028,2024-08-31,1016,Shampoo,Beauty,Asia Pacific,Website,2,24.14,0.0,48.28,19.76,28.52,0,C01711
502029,2024-11-05,1024,Resistance Bands,Sports,Europe,Mobile App,1,73.75,0.0,73.75,46.0,27.75,0,C00256
502030,2024-06-28,1018,Lipstick,Beauty,North America,Website,1,41.98,0.0,41.98,27.85,14.13,0,C01065
502031,2024-02-08,1009,Vacuum Cleaner,Home & Kitchen,Europe,Marketplace,2,64.34,0.0,128.68,74.8,53.88,0,C00166
502032,2025-03-30,1002,Bluetooth Speaker,Electronics,Middle East,Website,2,26.25,0.0,52.5,33.4,19.1,0,C01256
502033,2025-05-09,1001,Smart Watch,Electronics,Middle East,Website,1,123.31,0.0,123.31,59.9,63.41,0,C00089
502034,2024-12-14,1001,Smart Watch,Electronics,Latin America,Mobile App,1,123.31,0.05,117.14,59.9,57.24,0,C00534
502035,2025-06-20,1000,Wireless Earbuds,Electronics,Asia Pacific,Mobile App,1,80.93,0.2,64.74,33.09,31.65,0,C01714
502036,2024-05-26,1020,Yoga Mat,Sports,North America,Mobile App,4,27.52,0.0,110.08,56.6,53.48,1,C01780
502037,2025-06-12,1007,Blender,Home & Kitchen,Europe,Website,1,29.86,0.0,29.86,18.64,11.22,0,C01447
502038,2024-02-07,1017,Moisturizer,Beauty,Latin America,Website,1,177.23,0.15,150.65,77.42,73.23,0,C01199
502039,2025-06-18,1018,Lipstick,Beauty,North America,Website,1,41.98,0.0,41.98,27.85,14.13,0,C00887
502040,2024-02-15,1010,T-Shirt,Apparel,Middle East,Marketplace,1,79.05,0.1,71.14,50.89,20.25,0,C00409
502041,2024-12-07,1024,Resistance Bands,Sports,Latin America,Marketplace,2,73.75,0.0,147.5,92.0,55.5,0,C00330
502042,2024-04-15,1023,Water Bottle,Sports,Middle East,Mobile App,2,55.97,0.0,111.94,56.76,55.18,0,C00677
502043,2024-11-15,1021,Dumbbells,Sports,North America,Mobile App,1,18.19,0.0,18.19,7.58,10.61,1,C01743
502044,2024-11-15,1009,Vacuum Cleaner,Home & Kitchen,Europe,Website,1,64.34,0.1,57.91,37.4,20.51,0,C00183
502045,2024-07-16,1013,Sneakers,Apparel,Asia Pacific,Website,1,39.27,0.0,39.27,19.98,19.29,0,C01489
502046,2024-11-22,1018,Lipstick,Beauty,Latin America,Mobile App,2,41.98,0.0,83.96,55.7,28.26,0,C01116
502047,2024-10-06,1021,Dumbbells,Sports,Europe,Website,1,18.19,0.05,17.28,7.58,9.7,0,C00151
502048,2024-04-27,1009,Vacuum Cleaner,Home & Kitchen,North America,Marketplace,3,64.34,0.0,193.02,112.2,80.82,0,C00710
502049,2025-07-27,1017,Moisturizer,Beauty,Middle East,Website,1,177.23,0.0,177.23,77.42,99.81,0,C00223
502050,2025-07-09,1019,Sunscreen,Beauty,Asia Pacific,Mobile App,1,106.12,0.0,106.12,56.32,49.8,0,C00708
502051,2024-10-04,1022,Running Shoes,Sports,Europe,Marketplace,1,51.96,0.1,46.76,24.41,22.35,0,C00245
502052,2024-10-17,1016,Shampoo,Beauty,Middle East,Website,1,24.14,0.05,22.93,9.88,13.05,0,C00585
502053,2024-03-13,1022,Running Shoes,Sports,Asia Pacific,Mobile App,3,51.96,0.2,124.7,73.23,51.47,0,C01504
502054,2024-12-12,1018,Lipstick,Beauty,Middle East,Website,2,41.98,0.05,79.76,55.7,24.06,0,C01247
502055,2024-05-13,1024,Resistance Bands,Sports,North America,Website,1,73.75,0.2,59.0,46.0,13.0,0,C00680
502056,2025-11-22,1006,Coffee Maker,Home & Kitchen,North America,Website,1,110.15,0.1,99.14,67.43,31.71,0,C01771
502057,2024-02-25,1018,Lipstick,Beauty,North America,Website,2,41.98,0.1,75.56,55.7,19.86,0,C01425
502058,2024-07-02,1020,Yoga Mat,Sports,Middle East,Marketplace,3,27.52,0.05,78.43,42.45,35.98,0,C01598
502059,2025-10-06,1001,Smart Watch,Electronics,Latin America,Mobile App,1,123.31,0.0,123.31,59.9,63.41,0,C01680
502060,2024-11-15,1010,T-Shirt,Apparel,Asia Pacific,Mobile App,1,79.05,0.2,63.24,50.89,12.35,0,C01270
502061,2025-11-17,1006,Coffee Maker,Home & Kitchen,Middle East,Website,1,110.15,0.05,104.64,67.43,37.21,0,C00956
502062,2025-04-21,1001,Smart Watch,Electronics,Middle East,Website,1,123.31,0.0,123.31,59.9,63.41,0,C01733
502063,2025-12-16,1007,Blender,Home & Kitchen,Latin America,Website,2,29.86,0.05,56.73,37.28,19.45,0,C01525
502064,2024-11-13,1019,Sunscreen,Beauty,Latin America,Website,2,106.12,0.0,212.24,112.64,99.6,0,C00475
502065,2024-08-17,1009,Vacuum Cleaner,Home & Kitchen,Europe,Marketplace,1,64.34,0.1,57.91,37.4,20.51,0,C01178
502066,2025-09-23,1020,Yoga Mat,Sports,Asia Pacific,Marketplace,1,27.52,0.0,27.52,14.15,13.37,0,C01051
502067,2025-02-05,1004,USB-C Hub,Electronics,Europe,Mobile App,3,109.12,0.0,327.36,150.24,177.12,0,C00613
502068,2025-11-12,1023,Water Bottle,Sports,Asia Pacific,Mobile App,2,55.97,0.0,111.94,56.76,55.18,0,C00934
502069,2024-11-28,1023,Water Bottle,Sports,Latin America,Website,1,55.97,0.0,55.97,28.38,27.59,0,C01239
502070,2024-03-07,1011,Jeans,Apparel,Latin America,Website,2,48.52,0.0,97.04,53.82,43.22,0,C00777
502071,2025-05-05,1004,USB-C Hub,Electronics,Latin America,Mobile App,1,109.12,0.1,98.21,50.08,48.13,0,C01493
502072,2024-10-16,1002,Bluetooth Speaker,Electronics,Asia Pacific,Mobile App,2,26.25,0.1,47.25,33.4,13.85,0,C00150
502073,2024-05-10,1010,T-Shirt,Apparel,Middle East,Website,2,79.05,0.0,158.1,101.78,56.32,0,C00828
502074,2024-04-19,1017,Moisturizer,Beauty,Asia Pacific,Mobile App,1,177.23,0.15,150.65,77.42,73.23,0,C00900
502075,2024-03-13,1022,Running Shoes,Sports,Asia Pacific,Mobile App,2,51.96,0.0,103.92,48.82,55.1,0,C01045
502076,2025-02-14,1004,USB-C Hub,Electronics,Middle East,Website,1,109.12,0.0,109.12,50.08,59.04,0,C00170
502077,2025-09-27,1002,Bluetooth Speaker,Electronics,Europe,Mobile App,1,26.25,0.1,23.62,16.7,6.92,0,C01139
502078,2025-05-08,1005,Air Fryer,Home & Kitchen,Latin America,Website,1,16.13,0.0,16.13,6.54,9.59,0,C00791
502079,2024-08-01,1010,T-Shirt,Apparel,Middle East,Website,1,79.05,0.1,71.14,50.89,20.25,0,C01236
502080,2025-03-21,1001,Smart Watch,Electronics,Middle East,Mobile App,1,123.31,0.15,104.81,59.9,44.91,0,C01422
502081,2025-07-11,1015,Face Serum,Beauty,Europe,Website,1,80.28,0.0,80.28,50.57,29.71,0,C00700
502082,2025-11-16,1023,Water Bottle,Sports,North America,Mobile App,3,55.97,0.0,167.91,85.14,82.77,0,C00036
502083,2025-12-29,1000,Wireless Earbuds,Electronics,Middle East,Mobile App,1,80.93,0.15,68.79,33.09,35.7,0,C00572
502084,2024-04-27,1019,Sunscreen,Beauty,Middle East,Mobile App,1,106.12,0.0,106.12,56.32,49.8,0,C01110
502085,2024-11-29,1016,Shampoo,Beauty,Middle East,Website,1,24.14,0.0,24.14,9.88,14.26,0,C00293
502086,2025-03-31,1006,Coffee Maker,Home & Kitchen,Europe,Website,2,110.15,0.0,220.3,134.86,85.44,0,C00705
502087,2025-02-19,1002,Bluetooth Speaker,Electronics,North America,Mobile App,1,26.25,0.0,26.25,16.7,9.55,0,C01307
502088,2025-12-02,1016,Shampoo,Beauty,Middle East,Mobile App,1,24.14,0.0,24.14,9.88,14.26,0,C01344
502089,2025-01-23,1009,Vacuum Cleaner,Home & Kitchen,Asia Pacific,Website,1,64.34,0.0,64.34,37.4,26.94,0,C00844
502090,2025-11-07,1016,Shampoo,Beauty,North America,Website,1,24.14,0.15,20.52,9.88,10.64,0,C00659
502091,2024-05-22,1007,Blender,Home & Kitchen,Middle East,Marketplace,1,29.86,0.0,29.86,18.64,11.22,0,C01125
502092,2025-10-13,1016,Shampoo,Beauty,North America,Mobile App,1,24.14,0.0,24.14,9.88,14.26,0,C00941
502093,2025-11-07,1004,USB-C Hub,Electronics,Europe,Website,2,109.12,0.0,218.24,100.16,118.08,0,C00955
502094,2024-10-25,1010,T-Shirt,Apparel,Latin America,Mobile App,1,79.05,0.1,71.14,50.89,20.25,0,C01497
502095,2025-04-02,1016,Shampoo,Beauty,Europe,Website,2,24.14,0.0,48.28,19.76,28.52,0,C01566
502096,2024-11-20,1018,Lipstick,Beauty,Asia Pacific,Mobile App,3,41.98,0.0,125.94,83.55,42.39,0,C01274
502097,2025-11-26,1020,Yoga Mat,Sports,Asia Pacific,Marketplace,3,27.52,0.0,82.56,42.45,40.11,0,C00757
502098,2025-03-21,1009,Vacuum Cleaner,Home & Kitchen,Asia Pacific,Marketplace,1,64.34,0.0,64.34,37.4,26.94,0,C00358
502099,2025-08-19,1021,Dumbbells,Sports,North America,Mobile App,1,18.19,0.0,18.19,7.58,10.61,0,C01397
502100,2025-06-06,1002,Bluetooth Speaker,Electronics,Latin America,Mobile App,1,26.25,0.0,26.25,16.7,9.55,1,C01567
502101,2024-10-28,1002,Bluetooth Speaker,Electronics,North America,Website,1,26.25,0.0,26.25,16.7,9.55,0,C00585
502102,2025-07-16,1009,Vacuum Cleaner,Home & Kitchen,North America,Website,1,64.34,0.0,64.34,37.4,26.94,0,C01338
502103,2025-07-27,1004,USB-C Hub,Electronics,Asia Pacific,Website,1,109.12,0.05,103.66,50.08,53.58,0,C00732
502104,2024-10-15,1009,Vacuum Cleaner,Home & Kitchen,North America,Website,1,64.34,0.1,57.91,37.4,20.51,0,C00961
502105,2025-12-20,1017,Moisturizer,Beauty,Middle East,Website,1,177.23,0.0,177.23,77.42,99.81,0,C00728
502106,2024-11-21,1007,Blender,Home & Kitchen,Latin America,Website,1,29.86,0.0,29.86,18.64,11.22,0,C01380
502107,2025-03-21,1002,Bluetooth Speaker,Electronics,Middle East,Website,1,26.25,0.0,26.25,16.7,9.55,1,C00062
502108,2024-06-26,1005,Air Fryer,Home & Kitchen,Latin America,Website,2,16.13,0.0,32.26,13.08,19.18,0,C01450
502109,2025-07-22,1024,Resistance Bands,Sports,Latin America,Mobile App,1,73.75,0.0,73.75,46.0,27.75,0,C00821
502110,2025-01-03,1023,Water Bottle,Sports,Latin America,Website,1,55.97,0.15,47.57,28.38,19.19,0,C00754
502111,2025-11-17,1024,Resistance Bands,Sports,Europe,Website,2,73.75,0.05,140.12,92.0,48.12,0,C01749
502112,2024-03-14,1017,Moisturizer,Beauty,North America,Website,1,177.23,0.0,177.23,77.42,99.81,0,C00909
502113,2025-05-13,1023,Water Bottle,Sports,Latin America,Marketplace,2,55.97,0.15,95.15,56.76,38.39,0,C00779
502114,2024-05-19,1020,Yoga Mat,Sports,North America,Website,1,27.52,0.0,27.52,14.15,13.37,0,C01591
502115,2025-03-01,1006,Coffee Maker,Home & Kitchen,Latin America,Marketplace,2,110.15,0.15,187.26,134.86,52.4,0,C00642
502116,2025-12-13,1019,Sunscreen,Beauty,Middle East,Marketplace,2,106.12,0.0,212.24,112.64,99.6,0,C01625
502117,2025-09-30,1004,USB-C Hub,Electronics,Europe,Website,1,109.12,0.1,98.21,50.08,48.13,0,C01413
502118,2025-03-10,1022,Running Shoes,Sports,Middle East,Mobile App,2,51.96,0.2,83.14,48.82,34.32,0,C00878
502119,2025-01-28,1018,Lipstick,Beauty,Asia Pacific,Website,2,41.98,0.2,67.17,55.7,11.47,0,C01156
502120,2025-03-10,1016,Shampoo,Beauty,Middle East,Website,2,24.14,0.05,45.87,19.76,26.11,0,C01238
502121,2025-05-25,1003,Laptop Stand,Electronics,Europe,Mobile App,1,22.02,0.0,22.02,9.36,12.66,0,C00474
502122,2024-10-02,1023,Water Bottle,Sports,Latin America,Marketplace,2,55.97,0.0,111.94,56.76,55.18,0,C01187
502123,2025-08-13,1007,Blender,Home & Kitchen,Asia Pacific,Website,2,29.86,0.0,59.72,37.28,22.44,0,C00155
502124,2024-02-08,1003,Laptop Stand,Electronics,Middle East,Website,1,22.02,0.05,20.92,9.36,11.56,0,C01471
502125,2025-01-12,1015,Face Serum,Beauty,North America,Mobile App,1,80.28,0.0,80.28,50.57,29.71,0,C00959
502126,2025-12-08,1000,Wireless Earbuds,Electronics,North America,Website,1,80.93,0.15,68.79,33.09,35.7,0,C01304
502127,2025-06-23,1016,Shampoo,Beauty,Asia Pacific,Website,2,24.14,0.05,45.87,19.76,26.11,0,C00707
502128,2024-03-21,1019,Sunscreen,Beauty,Middle East,Marketplace,1,106.12,0.0,106.12,56.32,49.8,1,C00645
502129,2024-03-31,1011,Jeans,Apparel,Europe,Website,2,48.52,0.05,92.19,53.82,38.37,0,C00673
502130,2025-11-10,1003,Laptop Stand,Electronics,North America,Mobile App,1,22.02,0.15,18.72,9.36,9.36,0,C00405
502131,2025-07-06,1018,Lipstick,Beauty,Middle East,Website,1,41.98,0.0,41.98,27.85,14.13,0,C00738
502132,2024-02-24,1023,Water Bottle,Sports,Asia Pacific,Mobile App,2,55.97,0.0,111.94,56.76,55.18,0,C00151
502133,2024-01-12,1011,Jeans,Apparel,Latin America,Website,1,48.52,0.0,48.52,26.91,21.61,0,C01293
502134,2025-04-25,1001,Smart Watch,Electronics,Middle East,Mobile App,2,123.31,0.0,246.62,119.8,126.82,0,C00046
502135,2025-03-07,1008,Cookware Set,Home & Kitchen,Asia Pacific,Marketplace,1,55.01,0.05,52.26,27.82,24.44,0,C01123
502136,2024-10-28,1006,Coffee Maker,Home & Kitchen,Asia Pacific,Website,1,110.15,0.0,110.15,67.43,42.72,0,C01745
502137,2025-12-12,1008,Cookware Set,Home & Kitchen,Middle East,Mobile App,1,55.01,0.05,52.26,27.82,24.44,0,C00544
502138,2025-07-31,1008,Cookware Set,Home & Kitchen,Asia Pacific,Website,1,55.01,0.05,52.26,27.82,24.44,0,C00242
502139,2025-04-29,1021,Dumbbells,Sports,Middle East,Website,1,18.19,0.0,18.19,7.58,10.61,0,C01158
502140,2024-02-22,1009,Vacuum Cleaner,Home & Kitchen,Asia Pacific,Mobile App,1,64.34,0.1,57.91,37.4,20.51,0,C00909
502141,2025-10-01,1021,Dumbbells,Sports,North America,Website,1,18.19,0.2,14.55,7.58,6.97,0,C00671
502142,2024-03-25,1009,Vacuum Cleaner,Home & Kitchen,Europe,Mobile App,1,64.34,0.15,54.69,37.4,17.29,0,C00951
502143,2024-10-11,1007,Blender,Home & Kitchen,Asia Pacific,Website,1,29.86,0.0,29.86,18.64,11.22,0,C01087
502144,2024-10-14,1015,Face Serum,Beauty,Asia Pacific,Marketplace,2,80.28,0.0,160.56,101.14,59.42,1,C01305
502145,2024-01-15,1000,Wireless Earbuds,Electronics,North America,Mobile App,1,80.93,0.05,76.88,33.09,43.79,0,C00510
502146,2025-08-28,1019,Sunscreen,Beauty,Europe,Mobile App,2,106.12,0.0,212.24,112.64,99.6,0,C00401
502147,2025-01-13,1017,Moisturizer,Beauty,Europe,Website,2,177.23,0.0,354.46,154.84,199.62,0,C00488
502148,2025-12-18,1003,Laptop Stand,Electronics,Europe,Website,1,22.02,0.1,19.82,9.36,10.46,0,C00276
502149,2025-06-24,1021,Dumbbells,Sports,North America,Website,2,18.19,0.05,34.56,15.16,19.4,1,C01558
502150,2024-03-27,1021,Dumbbells,Sports,Europe,Mobile App,1,18.19,0.0,18.19,7.58,10.61,0,C01157
502151,2024-06-06,1011,Jeans,Apparel,Latin America,Mobile App,1,48.52,0.05,46.09,26.91,19.18,0,C00002
502152,2025-02-26,1003,Laptop Stand,Electronics,Latin America,Website,2,22.02,0.0,44.04,18.72,25.32,0,C01533
502153,2025-03-26,1007,Blender,Home & Kitchen,Europe,Website,1,29.86,0.0,29.86,18.64,11.22,0,C00527
502154,2024-12-19,1009,Vacuum Cleaner,Home & Kitchen,North America,Mobile App,1,64.34,0.0,64.34,37.4,26.94,0,C01222
502155,2024-04-28,1022,Running Shoes,Sports,North America,Website,1,51.96,0.0,51.96,24.41,27.55,0,C01274
502156,2025-02-12,1018,Lipstick,Beauty,Latin America,Website,1,41.98,0.0,41.98,27.85,14.13,0,C00198
502157,2025-06-29,1000,Wireless Earbuds,Electronics,Europe,Website,2,80.93,0.0,161.86,66.18,95.68,0,C01620
502158,2025-12-23,1015,Face Serum,Beauty,Latin America,Website,1,80.28,0.0,80.28,50.57,29.71,0,C00504
502159,2024-05-28,1013,Sneakers,Apparel,Middle East,Marketplace,1,39.27,0.05,37.31,19.98,17.33,0,C01780
502160,2024-01-13,1022,Running Shoes,Sports,Asia Pacific,Marketplace,2,51.96,0.05,98.72,48.82,49.9,0,C00507
502161,2025-04-04,1019,Sunscreen,Beauty,Latin America,Mobile App,3,106.12,0.0,318.36,168.96,149.4,0,C00432
502162,2025-06-26,1012,Jacket,Apparel,North America,Website,2,88.76,0.0,177.52,78.42,99.1,0,C01203
502163,2025-06-28,1024,Resistance Bands,Sports,Asia Pacific,Marketplace,2,73.75,0.0,147.5,92.0,55.5,1,C01045
502164,2025-03-18,1016,Shampoo,Beauty,Middle East,Marketplace,1,24.14,0.0,24.14,9.88,14.26,0,C00758
502165,2024-10-06,1004,USB-C Hub,Electronics,Asia Pacific,Website,1,109.12,0.0,109.12,50.08,59.04,0,C00815
502166,2024-04-10,1005,Air Fryer,Home & Kitchen,Asia Pacific,Mobile App,1,16.13,0.05,15.32,6.54,8.78,0,C00763
502167,2025-02-04,1024,Resistance Bands,Sports,Latin America,Mobile App,1,73.75,0.0,73.75,46.0,27.75,0,C01253
502168,2024-09-04,1001,Smart Watch,Electronics,Middle East,Mobile App,1,123.31,0.0,123.31,59.9,63.41,0,C00112
502169,2025-06-16,1012,Jacket,Apparel,Asia Pacific,Mobile App,1,88.76,0.15,75.45,39.21,36.24,0,C01032
502170,2024-07-03,1021,Dumbbells,Sports,Asia Pacific,Mobile App,1,18.19,0.0,18.19,7.58,10.61,0,C00803
502171,2025-11-19,1022,Running Shoes,Sports,North America,Mobile App,1,51.96,0.0,51.96,24.41,27.55,0,C00291
502172,2024-01-13,1005,Air Fryer,Home & Kitchen,Latin America,Website,1,16.13,0.0,16.13,6.54,9.59,0,C00671
502173,2024-04-16,1013,Sneakers,Apparel,Latin America,Website,1,39.27,0.05,37.31,19.98,17.33,0,C00339
502174,2024-10-17,1022,Running Shoes,Sports,Asia Pacific,Website,1,51.96,0.05,49.36,24.41,24.95,1,C01420
502175,2024-01-25,1013,Sneakers,Apparel,Middle East,Website,1,39.27,0.0,39.27,19.98,19.29,0,C00969
502176,2025-08-31,1004,USB-C Hub,Electronics,Europe,Marketplace,2,109.12,0.0,218.24,100.16,118.08,0,C01296
502177,2025-10-15,1007,Blender,Home & Kitchen,North America,Mobile App,4,29.86,0.0,119.44,74.56,44.88,0,C01310
502178,2024-05-02,1011,Jeans,Apparel,North America,Marketplace,4,48.52,0.0,194.08,107.64,86.44,1,C00489
502179,2024-05-13,1017,Moisturizer,Beauty,Latin America,Mobile App,2,177.23,0.0,354.46,154.84,199.62,0,C00332
502180,2025-10-25,1008,Cookware Set,Home & Kitchen,Middle East,Mobile App,1,55.01,0.0,55.01,27.82,27.19,0,C01163
502181,2024-07-08,1018,Lipstick,Beauty,North America,Mobile App,1,41.98,0.0,41.98,27.85,14.13,0,C01179
502182,2024-09-16,1014,Hoodie,Apparel,Asia Pacific,Website,1,71.73,0.0,71.73,49.43,22.3,0,C00381
502183,2024-03-18,1003,Laptop Stand,Electronics,Latin America,Marketplace,1,22.02,0.2,17.62,9.36,8.26,0,C00384
502184,2024-10-10,1003,Laptop Stand,Electronics,Latin America,Mobile App,2,22.02,0.0,44.04,18.72,25.32,0,C01715
502185,2025-11-14,1004,USB-C Hub,Electronics,Asia Pacific,Website,2,109.12,0.0,218.24,100.16,118.08,0,C01518
502186,2024-03-16,1004,USB-C Hub,Electronics,Asia Pacific,Mobile App,2,109.12,0.0,218.24,100.16,118.08,0,C01495
502187,2025-01-26,1024,Resistance Bands,Sports,Latin America,Website,1,73.75,0.0,73.75,46.0,27.75,0,C01470
502188,2024-03-02,1017,Moisturizer,Beauty,Asia Pacific,Marketplace,2,177.23,0.2,283.57,154.84,128.73,0,C01063
502189,2024-09-28,1024,Resistance Bands,Sports,Europe,Website,1,73.75,0.0,73.75,46.0,27.75,0,C00510
502190,2025-05-18,1023,Water Bottle,Sports,Europe,Mobile App,2,55.97,0.0,111.94,56.76,55.18,0,C00363
502191,2024-07-01,1024,Resistance Bands,Sports,Latin America,Website,1,73.75,0.0,73.75,46.0,27.75,0,C00868
502192,2025-07-07,1003,Laptop Stand,Electronics,Latin America,Website,1,22.02,0.0,22.02,9.36,12.66,0,C01514
502193,2025-10-20,1014,Hoodie,Apparel,North America,Marketplace,1,71.73,0.0,71.73,49.43,22.3,0,C00643
502194,2024-09-22,1022,Running Shoes,Sports,North America,Website,2,51.96,0.0,103.92,48.82,55.1,0,C01644
502195,2024-03-13,1023,Water Bottle,Sports,Middle East,Mobile App,1,55.97,0.05,53.17,28.38,24.79,0,C00405
502196,2025-04-01,1009,Vacuum Cleaner,Home & Kitchen,North America,Marketplace,1,64.34,0.0,64.34,37.4,26.94,0,C01075
502197,2024-06-01,1013,Sneakers,Apparel,North America,Marketplace,2,39.27,0.0,78.54,39.96,38.58,1,C01357
502198,2025-11-11,1006,Coffee Maker,Home & Kitchen,Latin America,Website,2,110.15,0.2,176.24,134.86,41.38,0,C01196
502199,2025-12-17,1022,Running Shoes,Sports,Asia Pacific,Marketplace,1,51.96,0.0,51.96,24.41,27.55,0,C00517
502200,2025-08-11,1018,Lipstick,Beauty,North America,Mobile App,1,41.98,0.0,41.98,27.85,14.13,0,C00188
502201,2025-05-17,1024,Resistance Bands,Sports,Latin America,Website,1,73.75,0.05,70.06,46.0,24.06,0,C01400
502202,2024-03-12,1020,Yoga Mat,Sports,Middle East,Website,1,27.52,0.0,27.52,14.15,13.37,0,C00355
502203,2025-01-28,1004,USB-C Hub,Electronics,Latin America,Website,2,109.12,0.0,218.24,100.16,118.08,0,C00500
502204,2025-07-02,1004,USB-C Hub,Electronics,Asia Pacific,Website,1,109.12,0.1,98.21,50.08,48.13,0,C01033
502205,2024-11-06,1023,Water Bottle,Sports,Latin America,Website,1,55.97,0.0,55.97,28.38,27.59,0,C00424
502206,2025-10-24,1014,Hoodie,Apparel,North America,Website,3,71.73,0.1,193.67,148.29,45.38,0,C00006
502207,2024-12-14,1012,Jacket,Apparel,North America,Mobile App,2,88.76,0.0,177.52,78.42,99.1,0,C00662
502208,2024-10-23,1011,Jeans,Apparel,Europe,Website,1,48.52,0.2,38.82,26.91,11.91,0,C01028
502209,2024-02-10,1012,Jacket,Apparel,Latin America,Mobile App,1,88.76,0.0,88.76,39.21,49.55,0,C01558
502210,2024-11-02,1022,Running Shoes,Sports,Latin America,Marketplace,1,51.96,0.0,51.96,24.41,27.55,0,C00759
502211,2025-10-07,1019,Sunscreen,Beauty,Asia Pacific,Website,1,106.12,0.05,100.81,56.32,44.49,0,C01674
502212,2025-10-09,1001,Smart Watch,Electronics,Latin America,Mobile App,1,123.31,0.0,123.31,59.9,63.41,0,C00387
502213,2024-05-23,1013,Sneakers,Apparel,North America,Website,1,39.27,0.0,39.27,19.98,19.29,0,C00290
502214,2025-08-30,1004,USB-C Hub,Electronics,Europe,Website,1,109.12,0.0,109.12,50.08,59.04,0,C00897
502215,2024-03-05,1014,Hoodie,Apparel,Middle East,Mobile App,4,71.73,0.0,286.92,197.72,89.2,0,C00473
502216,2025-05-26,1000,Wireless Earbuds,Electronics,Middle East,Marketplace,1,80.93,0.0,80.93,33.09,47.84,1,C01285
502217,2025-04-05,1002,Bluetooth Speaker,Electronics,North America,Website,2,26.25,0.0,52.5,33.4,19.1,0,C00144
502218,2024-02-27,1004,USB-C Hub,Electronics,Asia Pacific,Mobile App,2,109.12,0.2,174.59,100.16,74.43,0,C00603
502219,2024-02-13,1013,Sneakers,Apparel,Latin America,Website,1,39.27,0.0,39.27,19.98,19.29,0,C01380
502220,2025-10-31,1004,USB-C Hub,Electronics,Middle East,Website,1,109.12,0.0,109.12,50.08,59.04,0,C00833
502221,2025-11-25,1006,Coffee Maker,Home & Kitchen,Middle East,Website,1,110.15,0.15,93.63,67.43,26.2,0,C01461
502222,2025-08-16,1016,Shampoo,Beauty,Europe,Marketplace,1,24.14,0.0,24.14,9.88,14.26,0,C00224
502223,2024-02-07,1006,Coffee Maker,Home & Kitchen,Europe,Website,4,110.15,0.05,418.57,269.72,148.85,0,C00171
502224,2024-01-20,1021,Dumbbells,Sports,Latin America,Marketplace,1,18.19,0.0,18.19,7.58,10.61,0,C00513
502225,2025-09-25,1012,Jacket,Apparel,North America,Website,2,88.76,0.05,168.64,78.42,90.22,0,C01350
502226,2025-10-26,1013,Sneakers,Apparel,Europe,Website,1,39.27,0.05,37.31,19.98,17.33,0,C00819
502227,2025-10-09,1012,Jacket,Apparel,North America,Marketplace,1,88.76,0.2,71.01,39.21,31.8,0,C01726
502228,2024-04-09,1003,Laptop Stand,Electronics,Latin America,Mobile App,1,22.02,0.0,22.02,9.36,12.66,0,C01248
502229,2025-08-28,1003,Laptop Stand,Electronics,North America,Mobile App,1,22.02,0.0,22.02,9.36,12.66,0,C01442
502230,2024-04-18,1020,Yoga Mat,Sports,North America,Website,2,27.52,0.1,49.54,28.3,21.24,0,C01125
502231,2025-09-22,1001,Smart Watch,Electronics,Europe,Website,1,123.31,0.05,117.14,59.9,57.24,0,C01760
502232,2024-07-26,1018,Lipstick,Beauty,Latin America,Website,2,41.98,0.05,79.76,55.7,24.06,0,C01486
502233,2025-11-25,1006,Coffee Maker,Home & Kitchen,Latin America,Website,2,110.15,0.05,209.28,134.86,74.42,0,C00335
502234,2025-12-01,1014,Hoodie,Apparel,Middle East,Mobile App,1,71.73,0.0,71.73,49.43,22.3,0,C00119
502235,2024-11-25,1012,Jacket,Apparel,Europe,Mobile App,1,88.76,0.0,88.76,39.21,49.55,0,C00774
502236,2025-08-30,1013,Sneakers,Apparel,Europe,Website,1,39.27,0.0,39.27,19.98,19.29,0,C01005
502237,2024-05-03,1015,Face Serum,Beauty,Asia Pacific,Website,1,80.28,0.1,72.25,50.57,21.68,0,C00515
502238,2025-03-01,1012,Jacket,Apparel,Europe,Mobile App,1,88.76,0.0,88.76,39.21,49.55,0,C00078
502239,2025-07-20,1023,Water Bottle,Sports,Europe,Website,1,55.97,0.05,53.17,28.38,24.79,0,C01325
502240,2025-08-18,1011,Jeans,Apparel,North America,Website,2,48.52,0.0,97.04,53.82,43.22,0,C00686
502241,2025-10-09,1001,Smart Watch,Electronics,Middle East,Website,1,123.31,0.0,123.31,59.9,63.41,0,C00005
502242,2024-06-10,1014,Hoodie,Apparel,North America,Marketplace,2,71.73,0.0,143.46,98.86,44.6,0,C01596
502243,2024-03-23,1014,Hoodie,Apparel,North America,Website,1,71.73,0.0,71.73,49.43,22.3,0,C01104
502244,2024-04-01,1001,Smart Watch,Electronics,Middle East,Marketplace,1,123.31,0.0,123.31,59.9,63.41,0,C01618
502245,2025-03-02,1001,Smart Watch,Electronics,Latin America,Mobile App,2,123.31,0.05,234.29,119.8,114.49,0,C00850
502246,2024-07-30,1012,Jacket,Apparel,Europe,Mobile App,3,88.76,0.05,252.97,117.63,135.34,0,C01278
502247,2025-06-19,1012,Jacket,Apparel,Latin America,Website,1,88.76,0.05,84.32,39.21,45.11,0,C00024
502248,2024-06-27,1014,Hoodie,Apparel,Middle East,Mobile App,1,71.73,0.0,71.73,49.43,22.3,0,C01702
502249,2025-09-02,1002,Bluetooth Speaker,Electronics,Europe,Mobile App,3,26.25,0.05,74.81,50.1,24.71,0,C01528
502250,2025-09-18,1011,Jeans,Apparel,North America,Mobile App,1,48.52,0.0,48.52,26.91,21.61,0,C00825
502251,2024-11-04,1005,Air Fryer,Home & Kitchen,Asia Pacific,Website,1,16.13,0.05,15.32,6.54,8.78,0,C00329
502252,2025-07-25,1018,Lipstick,Beauty,Europe,Website,1,41.98,0.2,33.58,27.85,5.73,0,C00969
502253,2025-06-26,1001,Smart Watch,Electronics,North America,Mobile App,1,123.31,0.0,123.31,59.9,63.41,0,C00696
502254,2025-07-06,1022,Running Shoes,Sports,Middle East,Website,3,51.96,0.0,155.88,73.23,82.65,0,C01602
502255,2025-10-03,1007,Blender,Home & Kitchen,Europe,Website,1,29.86,0.0,29.86,18.64,11.22,0,C00076
502256,2024-07-17,1019,Sunscreen,Beauty,North America,Mobile App,1,106.12,0.0,106.12,56.32,49.8,0,C00844
502257,2025-12-02,1021,Dumbbells,Sports,Latin America,Website,1,18.19,0.0,18.19,7.58,10.61,0,C00659
502258,2024-06-12,1013,Sneakers,Apparel,North America,Website,2,39.27,0.0,78.54,39.96,38.58,0,C01154
502259,2025-01-07,1015,Face Serum,Beauty,Asia Pacific,Website,2,80.28,0.0,160.56,101.14,59.42,0,C00293
502260,2024-09-14,1005,Air Fryer,Home & Kitchen,Asia Pacific,Mobile App,1,16.13,0.0,16.13,6.54,9.59,0,C00072
502261,2025-04-09,1008,Cookware Set,Home & Kitchen,North America,Website,1,55.01,0.0,55.01,27.82,27.19,0,C00303
502262,2024-02-23,1005,Air Fryer,Home & Kitchen,Middle East,Website,1,16.13,0.0,16.13,6.54,9.59,0,C00628
502263,2024-01-30,1024,Resistance Bands,Sports,Latin America,Mobile App,1,73.75,0.05,70.06,46.0,24.06,0,C00901
502264,2024-03-13,1002,Bluetooth Speaker,Electronics,Europe,Mobile App,1,26.25,0.0,26.25,16.7,9.55,0,C01576
502265,2025-08-29,1000,Wireless Earbuds,Electronics,Middle East,Website,1,80.93,0.05,76.88,33.09,43.79,0,C00780
502266,2024-07-22,1018,Lipstick,Beauty,Asia Pacific,Website,1,41.98,0.0,41.98,27.85,14.13,0,C00608
502267,2024-04-22,1009,Vacuum Cleaner,Home & Kitchen,Asia Pacific,Website,2,64.34,0.0,128.68,74.8,53.88,0,C01198
502268,2024-08-30,1007,Blender,Home & Kitchen,Latin America,Marketplace,2,29.86,0.0,59.72,37.28,22.44,0,C01369
502269,2025-01-19,1014,Hoodie,Apparel,Europe,Website,2,71.73,0.05,136.29,98.86,37.43,0,C00984
502270,2025-08-22,1022,Running Shoes,Sports,Latin America,Website,1,51.96,0.0,51.96,24.41,27.55,0,C00933
502271,2025-03-22,1003,Laptop Stand,Electronics,Europe,Website,1,22.02,0.0,22.02,9.36,12.66,0,C00703
502272,2025-09-16,1001,Smart Watch,Electronics,Latin America,Website,1,123.31,0.05,117.14,59.9,57.24,0,C00877
502273,2025-01-17,1022,Running Shoes,Sports,Europe,Website,1,51.96,0.0,51.96,24.41,27.55,0,C00409
502274,2024-07-17,1024,Resistance Bands,Sports,Asia Pacific,Marketplace,1,73.75,0.0,73.75,46.0,27.75,0,C01677
502275,2024-07-26,1017,Moisturizer,Beauty,Asia Pacific,Website,1,177.23,0.0,177.23,77.42,99.81,1,C00277
502276,2025-12-09,1002,Bluetooth Speaker,Electronics,Middle East,Website,1,26.25,0.0,26.25,16.7,9.55,0,C01034
502277,2024-05-19,1009,Vacuum Cleaner,Home & Kitchen,North America,Marketplace,1,64.34,0.0,64.34,37.4,26.94,0,C01709
502278,2025-04-14,1003,Laptop Stand,Electronics,Latin America,Website,1,22.02,0.0,22.02,9.36,12.66,0,C00475
502279,2024-12-17,1018,Lipstick,Beauty,Europe,Marketplace,1,41.98,0.05,39.88,27.85,12.03,0,C00964
502280,2025-09-10,1019,Sunscreen,Beauty,Europe,Mobile App,1,106.12,0.05,100.81,56.32,44.49,0,C01017
502281,2025-10-15,1022,Running Shoes,Sports,Middle East,Marketplace,4,51.96,0.0,207.84,97.64,110.2,0,C01187
502282,2025-08-14,1013,Sneakers,Apparel,Middle East,Marketplace,2,39.27,0.0,78.54,39.96,38.58,0,C00356
502283,2024-03-29,1023,Water Bottle,Sports,Latin America,Marketplace,1,55.97,0.0,55.97,28.38,27.59,0,C00259
502284,2025-05-15,1000,Wireless Earbuds,Electronics,Europe,Mobile App,1,80.93,0.0,80.93,33.09,47.84,0,C01705
502285,2025-04-18,1020,Yoga Mat,Sports,Asia Pacific,Website,1,27.52,0.05,26.14,14.15,11.99,0,C00234
502286,2025-03-14,1003,Laptop Stand,Electronics,Europe,Website,1,22.02,0.0,22.02,9.36,12.66,0,C00038
502287,2025-03-20,1024,Resistance Bands,Sports,Middle East,Website,2,73.75,0.0,147.5,92.0,55.5,0,C00344
502288,2025-08-28,1011,Jeans,Apparel,Europe,Marketplace,2,48.52,0.05,92.19,53.82,38.37,0,C01608
502289,2024-01-06,1000,Wireless Earbuds,Electronics,Latin America,Marketplace,1,80.93,0.05,76.88,33.09,43.79,0,C00075
502290,2024-02-11,1020,Yoga Mat,Sports,Latin America,Mobile App,1,27.52,0.1,24.77,14.15,10.62,0,C00543
502291,2025-05-31,1008,Cookware Set,Home & Kitchen,North America,Website,1,55.01,0.0,55.01,27.82,27.19,0,C01027
502292,2025-02-07,1018,Lipstick,Beauty,Latin America,Mobile App,1,41.98,0.0,41.98,27.85,14.13,0,C00210
502293,2025-12-14,1021,Dumbbells,Sports,North America,Website,1,18.19,0.0,18.19,7.58,10.61,0,C00839
502294,2024-09-03,1024,Resistance Bands,Sports,North America,Mobile App,1,73.75,0.0,73.75,46.0,27.75,0,C00408
502295,2024-01-13,1007,Blender,Home & Kitchen,Latin America,Marketplace,1,29.86,0.0,29.86,18.64,11.22,0,C01569
502296,2024-05-15,1014,Hoodie,Apparel,Asia Pacific,Website,1,71.73,0.0,71.73,49.43,22.3,0,C01007
502297,2025-10-25,1024,Resistance Bands,Sports,North America,Website,1,73.75,0.0,73.75,46.0,27.75,0,C00425
502298,2025-11-16,1020,Yoga Mat,Sports,Asia Pacific,Website,2,27.52,0.0,55.04,28.3,26.74,0,C01613
502299,2025-04-15,1008,Cookware Set,Home & Kitchen,Middle East,Mobile App,1,55.01,0.0,55.01,27.82,27.19,0,C00423
502300,2024-01-25,1014,Hoodie,Apparel,Latin America,Website,1,71.73,0.0,71.73,49.43,22.3,0,C01420
502301,2024-05-21,1000,Wireless Earbuds,Electronics,Latin America,Website,1,80.93,0.1,72.84,33.09,39.75,0,C01316
502302,2025-01-14,1011,Jeans,Apparel,Latin America,Mobile App,1,48.52,0.0,48.52,26.91,21.61,1,C01544
502303,2024-01-02,1005,Air Fryer,Home & Kitchen,North America,Website,1,16.13,0.0,16.13,6.54,9.59,0,C01303
502304,2025-12-08,1008,Cookware Set,Home & Kitchen,Asia Pacific,Mobile App,1,55.01,0.0,55.01,27.82,27.19,0,C00461
502305,2024-10-30,1000,Wireless Earbuds,Electronics,Latin America,Mobile App,3,80.93,0.2,194.23,99.27,94.96,1,C00314
502306,2025-12-15,1004,USB-C Hub,Electronics,Middle East,Mobile App,1,109.12,0.05,103.66,50.08,53.58,1,C01660
502307,2024-07-31,1011,Jeans,Apparel,North America,Mobile App,2,48.52,0.0,97.04,53.82,43.22,0,C00501
502308,2024-12-09,1000,Wireless Earbuds,Electronics,North America,Mobile App,1,80.93,0.0,80.93,33.09,47.84,0,C00421
502309,2025-11-21,1016,Shampoo,Beauty,Asia Pacific,Marketplace,1,24.14,0.0,24.14,9.88,14.26,0,C01154
502310,2024-04-23,1006,Coffee Maker,Home & Kitchen,Latin America,Website,2,110.15,0.05,209.28,134.86,74.42,0,C01323
502311,2025-09-25,1005,Air Fryer,Home & Kitchen,North America,Website,1,16.13,0.0,16.13,6.54,9.59,0,C01186
502312,2024-06-28,1001,Smart Watch,Electronics,Middle East,Mobile App,2,123.31,0.0,246.62,119.8,126.82,0,C01785
502313,2025-07-28,1012,Jacket,Apparel,Europe,Website,1,88.76,0.1,79.88,39.21,40.67,0,C01006
502314,2024-12-08,1022,Running Shoes,Sports,Europe,Mobile App,2,51.96,0.0,103.92,48.82,55.1,0,C00319
502315,2025-10-26,1000,Wireless Earbuds,Electronics,Latin America,Mobile App,1,80.93,0.0,80.93,33.09,47.84,0,C01545
502316,2025-08-17,1005,Air Fryer,Home & Kitchen,Europe,Mobile App,1,16.13,0.0,16.13,6.54,9.59,0,C01354
502317,2024-08-18,1013,Sneakers,Apparel,Asia Pacific,Website,1,39.27,0.15,33.38,19.98,13.4,0,C00805
502318,2024-09-30,1020,Yoga Mat,Sports,Middle East,Mobile App,2,27.52,0.0,55.04,28.3,26.74,0,C00480
502319,2024-10-10,1002,Bluetooth Speaker,Electronics,North America,Website,1,26.25,0.0,26.25,16.7,9.55,0,C01304
502320,2024-12-19,1010,T-Shirt,Apparel,Latin America,Website,1,79.05,0.0,79.05,50.89,28.16,0,C00551
502321,2025-06-23,1007,Blender,Home & Kitchen,North America,Website,1,29.86,0.0,29.86,18.64,11.22,0,C01626
502322,2025-06-28,1007,Blender,Home & Kitchen,Middle East,Marketplace,2,29.86,0.1,53.75,37.28,16.47,0,C01503
502323,2025-04-07,1024,Resistance Bands,Sports,Middle East,Website,1,73.75,0.0,73.75,46.0,27.75,0,C00594
502324,2025-11-20,1016,Shampoo,Beauty,North America,Website,1,24.14,0.1,21.73,9.88,11.85,0,C00269
502325,2025-04-13,1001,Smart Watch,Electronics,North America,Website,2,123.31,0.1,221.96,119.8,102.16,0,C00896
502326,2024-07-02,1009,Vacuum Cleaner,Home & Kitchen,Asia Pacific,Marketplace,2,64.34,0.0,128.68,74.8,53.88,0,C01791
502327,2024-03-19,1018,Lipstick,Beauty,North America,Website,2,41.98,0.05,79.76,55.7,24.06,0,C00194
502328,2024-04-24,1004,USB-C Hub,Electronics,Europe,Website,1,109.12,0.0,109.12,50.08,59.04,0,C01425
502329,2024-07-28,1019,Sunscreen,Beauty,Middle East,Marketplace,3,106.12,0.0,318.36,168.96,149.4,0,C01485
502330,2024-01-24,1019,Sunscreen,Beauty,Asia Pacific,Website,1,106.12,0.05,100.81,56.32,44.49,0,C00189
502331,2025-11-29,1017,Moisturizer,Beauty,Middle East,Marketplace,1,177.23,0.0,177.23,77.42,99.81,0,C01081
502332,2025-04-30,1011,Jeans,Apparel,Asia Pacific,Website,1,48.52,0.0,48.52,26.91,21.61,0,C01325
502333,2025-10-22,1001,Smart Watch,Electronics,North America,Website,2,123.31,0.15,209.63,119.8,89.83,0,C01532
502334,2024-03-05,1015,Face Serum,Beauty,North America,Marketplace,4,80.28,0.05,305.06,202.28,102.78,0,C00482
502335,2024-08-25,1018,Lipstick,Beauty,Middle East,Mobile App,2,41.98,0.0,83.96,55.7,28.26,0,C00441
502336,2025-02-25,1000,Wireless Earbuds,Electronics,Middle East,Website,1,80.93,0.05,76.88,33.09,43.79,0,C00054
502337,2025-10-23,1021,Dumbbells,Sports,Asia Pacific,Website,1,18.19,0.15,15.46,7.58,7.88,1,C00574
502338,2025-11-12,1015,Face Serum,Beauty,Middle East,Mobile App,1,80.28,0.0,80.28,50.57,29.71,0,C01579
502339,2025-03-31,1021,Dumbbells,Sports,Latin America,Website,1,18.19,0.0,18.19,7.58,10.61,0,C01153
502340,2024-05-15,1001,Smart Watch,Electronics,Asia Pacific,Website,2,123.31,0.1,221.96,119.8,102.16,0,C00878
502341,2024-09-23,1022,Running Shoes,Sports,Europe,Website,2,51.96,0.0,103.92,48.82,55.1,0,C01266
502342,2024-10-22,1001,Smart Watch,Electronics,North America,Website,1,123.31,0.0,123.31,59.9,63.41,0,C01676
502343,2024-10-18,1006,Coffee Maker,Home & Kitchen,Latin America,Marketplace,1,110.15,0.1,99.14,67.43,31.71,0,C01797
502344,2025-09-25,1002,Bluetooth Speaker,Electronics,Europe,Mobile App,1,26.25,0.15,22.31,16.7,5.61,0,C00196
502345,2024-10-19,1017,Moisturizer,Beauty,Europe,Marketplace,1,177.23,0.0,177.23,77.42,99.81,0,C00946
502346,2025-12-26,1004,USB-C Hub,Electronics,Europe,Website,1,109.12,0.0,109.12,50.08,59.04,0,C01748
502347,2024-04-29,1007,Blender,Home & Kitchen,North America,Marketplace,1,29.86,0.1,26.87,18.64,8.23,0,C01541
502348,2025-08-11,1008,Cookware Set,Home & Kitchen,Europe,Website,2,55.01,0.0,110.02,55.64,54.38,0,C00967
502349,2025-01-13,1019,Sunscreen,Beauty,Europe,Website,1,106.12,0.0,106.12,56.32,49.8,0,C01374
502350,2025-12-25,1006,Coffee Maker,Home & Kitchen,North America,Mobile App,1,110.15,0.0,110.15,67.43,42.72,1,C01147
502351,2024-12-18,1008,Cookware Set,Home & Kitchen,Europe,Website,2,55.01,0.15,93.52,55.64,37.88,0,C00004
502352,2025-07-06,1008,Cookware Set,Home & Kitchen,Europe,Mobile App,1,55.01,0.0,55.01,27.82,27.19,0,C00237
502353,2024-05-04,1002,Bluetooth Speaker,Electronics,North America,Website,1,26.25,0.2,21.0,16.7,4.3,0,C01538
502354,2025-05-26,1003,Laptop Stand,Electronics,Europe,Marketplace,2,22.02,0.0,44.04,18.72,25.32,0,C00948
502355,2024-11-23,1001,Smart Watch,Electronics,Europe,Website,4,123.31,0.1,443.92,239.6,204.32,0,C00143
502356,2025-07-13,1012,Jacket,Apparel,Middle East,Website,1,88.76,0.05,84.32,39.21,45.11,0,C00406
502357,2025-12-23,1004,USB-C Hub,Electronics,Asia Pacific,Website,3,109.12,0.0,327.36,150.24,177.12,0,C00105
502358,2024-10-23,1023,Water Bottle,Sports,Middle East,Mobile App,2,55.97,0.0,111.94,56.76,55.18,0,C00625
502359,2025-08-01,1011,Jeans,Apparel,Latin America,Website,1,48.52,0.05,46.09,26.91,19.18,0,C01742
502360,2024-04-25,1015,Face Serum,Beauty,Latin America,Marketplace,2,80.28,0.05,152.53,101.14,51.39,0,C00783
502361,2024-05-22,1002,Bluetooth Speaker,Electronics,Middle East,Website,1,26.25,0.1,23.62,16.7,6.92,0,C01758
502362,2024-01-26,1010,T-Shirt,Apparel,Latin America,Mobile App,2,79.05,0.0,158.1,101.78,56.32,0,C00997
502363,2024-08-13,1023,Water Bottle,Sports,Latin America,Website,2,55.97,0.0,111.94,56.76,55.18,0,C00332
502364,2024-11-30,1014,Hoodie,Apparel,North America,Mobile App,2,71.73,0.05,136.29,98.86,37.43,0,C00193
502365,2024-07-18,1013,Sneakers,Apparel,Middle East,Mobile App,1,39.27,0.0,39.27,19.98,19.29,0,C00847
502366,2024-10-11,1004,USB-C Hub,Electronics,Europe,Website,1,109.12,0.1,98.21,50.08,48.13,0,C00723
502367,2025-07-05,1013,Sneakers,Apparel,Latin America,Mobile App,1,39.27,0.0,39.27,19.98,19.29,0,C00325
502368,2024-03-30,1002,Bluetooth Speaker,Electronics,Middle East,Website,3,26.25,0.1,70.88,50.1,20.78,0,C01711
502369,2025-05-17,1001,Smart Watch,Electronics,Asia Pacific,Mobile App,1,123.31,0.0,123.31,59.9,63.41,0,C01137
502370,2025-06-07,1015,Face Serum,Beauty,North America,Marketplace,2,80.28,0.0,160.56,101.14,59.42,0,C01384
502371,2025-01-04,1002,Bluetooth Speaker,Electronics,Latin America,Website,1,26.25,0.1,23.62,16.7,6.92,0,C01013
502372,2025-03-13,1011,Jeans,Apparel,Asia Pacific,Website,4,48.52,0.0,194.08,107.64,86.44,0,C01387
502373,2024-01-13,1021,Dumbbells,Sports,Asia Pacific,Website,3,18.19,0.05,51.84,22.74,29.1,0,C01113
502374,2024-11-11,1017,Moisturizer,Beauty,Latin America,Marketplace,4,177.23,0.0,708.92,309.68,399.24,0,C01681
502375,2024-03-30,1019,Sunscreen,Beauty,Europe,Mobile App,4,106.12,0.1,382.03,225.28,156.75,1,C00465
502376,2025-03-30,1007,Blender,Home & Kitchen,Latin America,Mobile App,1,29.86,0.0,29.86,18.64,11.22,0,C01722
502377,2024-10-22,1019,Sunscreen,Beauty,Europe,Mobile App,1,106.12,0.0,106.12,56.32,49.8,0,C00779
502378,2025-03-10,1016,Shampoo,Beauty,Latin America,Website,1,24.14,0.0,24.14,9.88,14.26,0,C01579
502379,2025-08-24,1023,Water Bottle,Sports,Middle East,Website,1,55.97,0.0,55.97,28.38,27.59,0,C01460
502380,2024-07-31,1019,Sunscreen,Beauty,Asia Pacific,Website,1,106.12,0.0,106.12,56.32,49.8,0,C01791
502381,2025-06-21,1015,Face Serum,Beauty,Asia Pacific,Website,4,80.28,0.0,321.12,202.28,118.84,0,C01145
502382,2025-08-27,1024,Resistance Bands,Sports,Latin America,Website,2,73.75,0.05,140.12,92.0,48.12,0,C00653
502383,2025-02-23,1017,Moisturizer,Beauty,Asia Pacific,Website,1,177.23,0.1,159.51,77.42,82.09,0,C01418
502384,2025-07-23,1014,Hoodie,Apparel,Latin America,Mobile App,2,71.73,0.05,136.29,98.86,37.43,0,C00913
502385,2024-05-20,1006,Coffee Maker,Home & Kitchen,Europe,Website,1,110.15,0.0,110.15,67.43,42.72,0,C00195
502386,2025-01-25,1008,Cookware Set,Home & Kitchen,Asia Pacific,Mobile App,1,55.01,0.0,55.01,27.82,27.19,0,C00120
502387,2024-02-13,1003,Laptop Stand,Electronics,Asia Pacific,Mobile App,3,22.02,0.05,62.76,28.08,34.68,1,C01786
502388,2024-11-07,1014,Hoodie,Apparel,Latin America,Mobile App,2,71.73,0.1,129.11,98.86,30.25,0,C01473
502389,2025-04-19,1007,Blender,Home & Kitchen,Europe,Website,1,29.86,0.0,29.86,18.64,11.22,0,C01701
502390,2024-01-03,1021,Dumbbells,Sports,Europe,Website,4,18.19,0.05,69.12,30.32,38.8,0,C01066
502391,2025-10-17,1012,Jacket,Apparel,Latin America,Website,1,88.76,0.0,88.76,39.21,49.55,0,C01741
502392,2025-11-12,1013,Sneakers,Apparel,Asia Pacific,Website,1,39.27,0.0,39.27,19.98,19.29,0,C00022
502393,2025-05-18,1003,Laptop Stand,Electronics,Europe,Website,1,22.02,0.0,22.02,9.36,12.66,0,C01219
502394,2024-10-10,1013,Sneakers,Apparel,Latin America,Marketplace,4,39.27,0.1,141.37,79.92,61.45,0,C00994
502395,2024-03-09,1005,Air Fryer,Home & Kitchen,Middle East,Mobile App,1,16.13,0.05,15.32,6.54,8.78,0,C00693
502396,2025-08-18,1005,Air Fryer,Home & Kitchen,Latin America,Mobile App,1,16.13,0.2,12.9,6.54,6.36,0,C01003
502397,2024-09-21,1006,Coffee Maker,Home & Kitchen,Latin America,Marketplace,2,110.15,0.0,220.3,134.86,85.44,0,C01517
502398,2024-05-02,1013,Sneakers,Apparel,Asia Pacific,Mobile App,4,39.27,0.0,157.08,79.92,77.16,0,C00556
502399,2025-08-12,1009,Vacuum Cleaner,Home & Kitchen,North America,Mobile App,1,64.34,0.05,61.12,37.4,23.72,0,C01022
502400,2024-06-15,1009,Vacuum Cleaner,Home & Kitchen,Middle East,Website,1,64.34,0.1,57.91,37.4,20.51,0,C01594
502401,2024-11-23,1018,Lipstick,Beauty,Latin America,Marketplace,1,41.98,0.0,41.98,27.85,14.13,0,C01791
502402,2024-05-18,1010,T-Shirt,Apparel,Asia Pacific,Website,2,79.05,0.05,150.2,101.78,48.42,0,C01329
502403,2024-10-06,1021,Dumbbells,Sports,Asia Pacific,Website,2,18.19,0.1,32.74,15.16,17.58,0,C00819
502404,2024-12-30,1003,Laptop Stand,Electronics,North America,Website,2,22.02,0.1,39.64,18.72,20.92,0,C01243
502405,2025-06-26,1021,Dumbbells,Sports,North America,Mobile App,1,18.19,0.0,18.19,7.58,10.61,0,C01454
502406,2025-10-05,1024,Resistance Bands,Sports,Europe,Mobile App,1,73.75,0.0,73.75,46.0,27.75,0,C00412
502407,2025-09-05,1020,Yoga Mat,Sports,Europe,Mobile App,1,27.52,0.05,26.14,14.15,11.99,0,C00184
502408,2024-11-19,1004,USB-C Hub,Electronics,Asia Pacific,Website,2,109.12,0.0,218.24,100.16,118.08,1,C00989
502409,2025-12-15,1020,Yoga Mat,Sports,Asia Pacific,Website,1,27.52,0.1,24.77,14.15,10.62,0,C00684
502410,2025-08-16,1014,Hoodie,Apparel,Asia Pacific,Mobile App,1,71.73,0.05,68.14,49.43,18.71,1,C01175
502411,2024-01-14,1015,Face Serum,Beauty,Europe,Mobile App,1,80.28,0.05,76.27,50.57,25.7,0,C01463
502412,2025-01-16,1002,Bluetooth Speaker,Electronics,Latin America,Website,2,26.25,0.15,44.62,33.4,11.22,0,C01072
502413,2024-06-15,1022,Running Shoes,Sports,North America,Website,2,51.96,0.0,103.92,48.82,55.1,0,C01007
502414,2025-05-30,1021,Dumbbells,Sports,Europe,Mobile App,1,18.19,0.0,18.19,7.58,10.61,0,C01205
502415,2025-07-26,1012,Jacket,Apparel,Middle East,Mobile App,1,88.76,0.05,84.32,39.21,45.11,1,C00298
502416,2025-06-22,1009,Vacuum Cleaner,Home & Kitchen,Middle East,Mobile App,2,64.34,0.2,102.94,74.8,28.14,0,C00850
502417,2025-12-20,1004,USB-C Hub,Electronics,North America,Website,3,109.12,0.0,327.36,150.24,177.12,0,C00593
502418,2024-03-19,1010,T-Shirt,Apparel,North America,Mobile App,1,79.05,0.15,67.19,50.89,16.3,0,C00439
502419,2024-01-18,1005,Air Fryer,Home & Kitchen,Latin America,Website,1,16.13,0.0,16.13,6.54,9.59,0,C01208
502420,2025-12-08,1004,USB-C Hub,Electronics,Asia Pacific,Website,2,109.12,0.05,207.33,100.16,107.17,0,C00296
502421,2025-03-28,1014,Hoodie,Apparel,Middle East,Mobile App,1,71.73,0.0,71.73,49.43,22.3,1,C00429
502422,2024-12-16,1020,Yoga Mat,Sports,Europe,Mobile App,2,27.52,0.0,55.04,28.3,26.74,0,C01789
502423,2024-01-30,1013,Sneakers,Apparel,North America,Website,1,39.27,0.0,39.27,19.98,19.29,0,C00990
502424,2025-12-11,1024,Resistance Bands,Sports,Europe,Mobile App,1,73.75,0.0,73.75,46.0,27.75,0,C00270
502425,2024-11-10,1009,Vacuum Cleaner,Home & Kitchen,Europe,Website,1,64.34,0.1,57.91,37.4,20.51,0,C01278
502426,2024-03-21,1020,Yoga Mat,Sports,Latin America,Mobile App,1,27.52,0.05,26.14,14.15,11.99,0,C00749
502427,2024-04-24,1017,Moisturizer,Beauty,North America,Website,2,177.23,0.0,354.46,154.84,199.62,0,C00562
502428,2025-05-10,1017,Moisturizer,Beauty,Latin America,Website,1,177.23,0.15,150.65,77.42,73.23,0,C01033
502429,2024-04-20,1000,Wireless Earbuds,Electronics,North America,Mobile App,2,80.93,0.0,161.86,66.18,95.68,0,C01447
502430,2025-06-09,1013,Sneakers,Apparel,Middle East,Website,2,39.27,0.0,78.54,39.96,38.58,0,C00016
502431,2024-05-01,1002,Bluetooth Speaker,Electronics,Asia Pacific,Website,2,26.25,0.0,52.5,33.4,19.1,0,C00987
502432,2024-11-04,1001,Smart Watch,Electronics,North America,Mobile App,1,123.31,0.05,117.14,59.9,57.24,0,C00515
502433,2024-05-06,1014,Hoodie,Apparel,Middle East,Website,1,71.73,0.0,71.73,49.43,22.3,0,C00125
502434,2024-07-23,1000,Wireless Earbuds,Electronics,Europe,Mobile App,1,80.93,0.05,76.88,33.09,43.79,0,C00849
502435,2024-01-30,1018,Lipstick,Beauty,North America,Website,1,41.98,0.0,41.98,27.85,14.13,0,C00919
502436,2024-10-11,1002,Bluetooth Speaker,Electronics,Middle East,Website,1,26.25,0.0,26.25,16.7,9.55,0,C01771
502437,2024-06-13,1023,Water Bottle,Sports,Middle East,Mobile App,1,55.97,0.0,55.97,28.38,27.59,0,C01520
502438,2025-09-19,1013,Sneakers,Apparel,Europe,Mobile App,1,39.27,0.0,39.27,19.98,19.29,0,C01152
502439,2024-03-10,1024,Resistance Bands,Sports,North America,Mobile App,3,73.75,0.0,221.25,138.0,83.25,0,C00442
502440,2024-01-15,1013,Sneakers,Apparel,Middle East,Website,2,39.27,0.1,70.69,39.96,30.73,0,C00961
502441,2024-07-15,1020,Yoga Mat,Sports,Asia Pacific,Website,1,27.52,0.0,27.52,14.15,13.37,0,C00184
502442,2025-07-04,1022,Running Shoes,Sports,North America,Marketplace,2,51.96,0.0,103.92,48.82,55.1,0,C00711
502443,2024-04-11,1005,Air Fryer,Home & Kitchen,Europe,Marketplace,1,16.13,0.0,16.13,6.54,9.59,0,C00771
502444,2025-12-25,1018,Lipstick,Beauty,Latin America,Website,1,41.98,0.0,41.98,27.85,14.13,1,C00167
502445,2025-08-26,1006,Coffee Maker,Home & Kitchen,Europe,Website,1,110.15,0.1,99.14,67.43,31.71,0,C01174
502446,2024-04-19,1006,Coffee Maker,Home & Kitchen,Europe,Mobile App,2,110.15,0.1,198.27,134.86,63.41,0,C00536
502447,2025-01-23,1015,Face Serum,Beauty,Latin America,Website,2,80.28,0.0,160.56,101.14,59.42,0,C00885
502448,2024-08-21,1011,Jeans,Apparel,Latin America,Website,1,48.52,0.0,48.52,26.91,21.61,0,C01348
502449,2024-11-17,1024,Resistance Bands,Sports,North America,Website,1,73.75,0.05,70.06,46.0,24.06,0,C00540
502450,2025-06-16,1021,Dumbbells,Sports,Europe,Website,1,18.19,0.0,18.19,7.58,10.61,0,C01394
502451,2025-01-04,1011,Jeans,Apparel,Asia Pacific,Mobile App,1,48.52,0.0,48.52,26.91,21.61,0,C01744
502452,2024-02-11,1006,Coffee Maker,Home & Kitchen,North America,Website,2,110.15,0.15,187.26,134.86,52.4,0,C01410
502453,2024-04-28,1014,Hoodie,Apparel,Latin America,Website,1,71.73,0.0,71.73,49.43,22.3,0,C00894
502454,2025-09-06,1021,Dumbbells,Sports,Asia Pacific,Mobile App,1,18.19,0.05,17.28,7.58,9.7,0,C01234
502455,2025-03-30,1022,Running Shoes,Sports,Europe,Mobile App,2,51.96,0.05,98.72,48.82,49.9,0,C01575
502456,2024-10-24,1022,Running Shoes,Sports,Latin America,Website,1,51.96,0.15,44.17,24.41,19.76,0,C00273
502457,2024-03-12,1020,Yoga Mat,Sports,Latin America,Marketplace,1,27.52,0.0,27.52,14.15,13.37,0,C00960
502458,2025-01-11,1003,Laptop Stand,Electronics,Europe,Website,1,22.02,0.0,22.02,9.36,12.66,0,C00901
502459,2025-11-21,1006,Coffee Maker,Home & Kitchen,Latin America,Mobile App,1,110.15,0.2,88.12,67.43,20.69,1,C00971
502460,2025-02-09,1016,Shampoo,Beauty,Latin America,Mobile App,1,24.14,0.05,22.93,9.88,13.05,0,C00316
502461,2025-11-23,1012,Jacket,Apparel,North America,Website,1,88.76,0.05,84.32,39.21,45.11,0,C00122
502462,2025-02-08,1009,Vacuum Cleaner,Home & Kitchen,Latin America,Mobile App,1,64.34,0.1,57.91,37.4,20.51,0,C00308
502463,2024-04-14,1013,Sneakers,Apparel,Europe,Website,2,39.27,0.0,78.54,39.96,38.58,0,C00328
502464,2024-07-22,1003,Laptop Stand,Electronics,Asia Pacific,Website,1,22.02,0.2,17.62,9.36,8.26,0,C00029
502465,2025-02-17,1003,Laptop Stand,Electronics,North America,Website,1,22.02,0.0,22.02,9.36,12.66,0,C00227
502466,2025-03-10,1007,Blender,Home & Kitchen,Latin America,Website,1,29.86,0.15,25.38,18.64,6.74,0,C00001
502467,2025-08-18,1003,Laptop Stand,Electronics,Middle East,Website,1,22.02,0.1,19.82,9.36,10.46,0,C00108
502468,2025-10-21,1000,Wireless Earbuds,Electronics,Latin America,Website,1,80.93,0.0,80.93,33.09,47.84,0,C01354
502469,2025-11-13,1000,Wireless Earbuds,Electronics,Middle East,Marketplace,1,80.93,0.1,72.84,33.09,39.75,0,C00966
502470,2025-05-11,1013,Sneakers,Apparel,Middle East,Website,1,39.27,0.0,39.27,19.98,19.29,0,C00793
502471,2025-04-10,1000,Wireless Earbuds,Electronics,North America,Website,1,80.93,0.1,72.84,33.09,39.75,0,C01594
502472,2025-05-16,1004,USB-C Hub,Electronics,Latin America,Website,1,109.12,0.05,103.66,50.08,53.58,0,C01738
502473,2024-05-17,1023,Water Bottle,Sports,North America,Website,2,55.97,0.0,111.94,56.76,55.18,0,C00176
502474,2024-02-24,1003,Laptop Stand,Electronics,North America,Website,1,22.02,0.0,22.02,9.36,12.66,0,C00303
502475,2024-01-28,1003,Laptop Stand,Electronics,Europe,Website,1,22.02,0.05,20.92,9.36,11.56,0,C00044
502476,2025-11-26,1011,Jeans,Apparel,Asia Pacific,Website,1,48.52,0.05,46.09,26.91,19.18,0,C00966
502477,2025-09-28,1016,Shampoo,Beauty,Middle East,Website,1,24.14,0.0,24.14,9.88,14.26,0,C00568
502478,2024-03-19,1016,Shampoo,Beauty,Middle East,Mobile App,1,24.14,0.0,24.14,9.88,14.26,0,C01139
502479,2025-04-22,1001,Smart Watch,Electronics,Europe,Website,1,123.31,0.05,117.14,59.9,57.24,1,C01283
502480,2025-05-24,1004,USB-C Hub,Electronics,Latin America,Mobile App,3,109.12,0.0,327.36,150.24,177.12,0,C00358
502481,2025-07-09,1014,Hoodie,Apparel,Asia Pacific,Mobile App,1,71.73,0.0,71.73,49.43,22.3,0,C01424
502482,2025-07-07,1011,Jeans,Apparel,Middle East,Website,1,48.52,0.0,48.52,26.91,21.61,0,C00654
502483,2024-02-02,1018,Lipstick,Beauty,Latin America,Marketplace,1,41.98,0.0,41.98,27.85,14.13,0,C01630
502484,2024-05-01,1010,T-Shirt,Apparel,Latin America,Website,1,79.05,0.0,79.05,50.89,28.16,0,C00444
502485,2025-01-20,1015,Face Serum,Beauty,Latin America,Website,2,80.28,0.0,160.56,101.14,59.42,0,C00759
502486,2024-02-03,1020,Yoga Mat,Sports,Europe,Mobile App,1,27.52,0.0,27.52,14.15,13.37,0,C00608
502487,2024-11-06,1007,Blender,Home & Kitchen,Europe,Website,3,29.86,0.0,89.58,55.92,33.66,0,C01427
502488,2024-05-17,1008,Cookware Set,Home & Kitchen,Asia Pacific,Mobile App,1,55.01,0.0,55.01,27.82,27.19,0,C01249
502489,2025-05-14,1023,Water Bottle,Sports,North America,Mobile App,1,55.97,0.05,53.17,28.38,24.79,0,C01131
502490,2025-05-17,1002,Bluetooth Speaker,Electronics,Middle East,Mobile App,1,26.25,0.0,26.25,16.7,9.55,0,C01275
502491,2025-08-08,1002,Bluetooth Speaker,Electronics,Latin America,Website,1,26.25,0.0,26.25,16.7,9.55,0,C00206
502492,2024-06-09,1024,Resistance Bands,Sports,Middle East,Website,3,73.75,0.0,221.25,138.0,83.25,0,C00481
502493,2024-09-26,1021,Dumbbells,Sports,Latin America,Mobile App,2,18.19,0.0,36.38,15.16,21.22,1,C00258
502494,2025-01-21,1015,Face Serum,Beauty,Middle East,Mobile App,1,80.28,0.0,80.28,50.57,29.71,0,C00135
502495,2024-10-18,1017,Moisturizer,Beauty,Asia Pacific,Website,2,177.23,0.05,336.74,154.84,181.9,0,C00132
502496,2025-08-27,1024,Resistance Bands,Sports,North America,Website,2,73.75,0.0,147.5,92.0,55.5,0,C00698
502497,2025-01-10,1017,Moisturizer,Beauty,Asia Pacific,Mobile App,1,177.23,0.0,177.23,77.42,99.81,0,C01265
502498,2025-08-20,1019,Sunscreen,Beauty,North America,Mobile App,1,106.12,0.0,106.12,56.32,49.8,0,C00782
502499,2025-10-02,1018,Lipstick,Beauty,Asia Pacific,Website,1,41.98,0.0,41.98,27.85,14.13,0,C01221
502500,2025-03-14,1002,Bluetooth Speaker,Electronics,Asia Pacific,Marketplace,1,26.25,0.2,21.0,16.7,4.3,0,C00853
502501,2025-02-25,1012,Jacket,Apparel,Asia Pacific,Website,1,88.76,0.0,88.76,39.21,49.55,0,C01093
502502,2024-09-07,1017,Moisturizer,Beauty,Europe,Website,1,177.23,0.05,168.37,77.42,90.95,0,C01280
502503,2024-11-15,1023,Water Bottle,Sports,Middle East,Website,1,55.97,0.05,53.17,28.38,24.79,0,C00519
502504,2025-12-05,1014,Hoodie,Apparel,North America,Marketplace,1,71.73,0.2,57.38,49.43,7.95,0,C01081
502505,2024-04-27,1017,Moisturizer,Beauty,Asia Pacific,Website,1,177.23,0.1,159.51,77.42,82.09,0,C00752
502506,2025-07-05,1018,Lipstick,Beauty,Asia Pacific,Website,2,41.98,0.0,83.96,55.7,28.26,0,C01102
502507,2025-11-04,1010,T-Shirt,Apparel,Latin America,Mobile App,1,79.05,0.0,79.05,50.89,28.16,0,C01364
502508,2025-03-07,1004,USB-C Hub,Electronics,Asia Pacific,Website,1,109.12,0.0,109.12,50.08,59.04,0,C01533
502509,2025-04-25,1016,Shampoo,Beauty,Middle East,Website,1,24.14,0.0,24.14,9.88,14.26,0,C00522
502510,2024-11-20,1002,Bluetooth Speaker,Electronics,Latin America,Mobile App,1,26.25,0.15,22.31,16.7,5.61,0,C01475
502511,2024-11-26,1002,Bluetooth Speaker,Electronics,Middle East,Website,2,26.25,0.0,52.5,33.4,19.1,0,C00500
502512,2025-05-15,1004,USB-C Hub,Electronics,North America,Mobile App,1,109.12,0.0,109.12,50.08,59.04,0,C00857
502513,2024-07-29,1024,Resistance Bands,Sports,Asia Pacific,Website,2,73.75,0.0,147.5,92.0,55.5,0,C00031
502514,2025-11-14,1011,Jeans,Apparel,Asia Pacific,Website,1,48.52,0.0,48.52,26.91,21.61,0,C00934
502515,2024-11-02,1019,Sunscreen,Beauty,Asia Pacific,Marketplace,2,106.12,0.0,212.24,112.64,99.6,0,C00284
502516,2024-07-25,1021,Dumbbells,Sports,Latin America,Mobile App,2,18.19,0.0,36.38,15.16,21.22,0,C01398
502517,2024-03-18,1006,Coffee Maker,Home & Kitchen,Middle East,Website,3,110.15,0.0,330.45,202.29,128.16,0,C00274
502518,2024-09-28,1022,Running Shoes,Sports,North America,Website,3,51.96,0.15,132.5,73.23,59.27,0,C01177
502519,2025-08-10,1008,Cookware Set,Home & Kitchen,Latin America,Mobile App,1,55.01,0.0,55.01,27.82,27.19,0,C01112
502520,2025-10-01,1020,Yoga Mat,Sports,North America,Mobile App,1,27.52,0.0,27.52,14.15,13.37,0,C00624
502521,2025-08-15,1019,Sunscreen,Beauty,North America,Mobile App,2,106.12,0.05,201.63,112.64,88.99,1,C01635
502522,2024-10-06,1010,T-Shirt,Apparel,North America,Mobile App,1,79.05,0.2,63.24,50.89,12.35,0,C00336
502523,2025-06-27,1011,Jeans,Apparel,Latin America,Website,2,48.52,0.05,92.19,53.82,38.37,0,C01730
502524,2024-12-21,1005,Air Fryer,Home & Kitchen,North America,Mobile App,2,16.13,0.1,29.03,13.08,15.95,0,C01249
502525,2024-11-05,1010,T-Shirt,Apparel,Middle East,Mobile App,2,79.05,0.0,158.1,101.78,56.32,0,C00247
502526,2025-03-19,1022,Running Shoes,Sports,Middle East,Website,1,51.96,0.15,44.17,24.41,19.76,0,C01006
502527,2025-02-28,1009,Vacuum Cleaner,Home & Kitchen,Latin America,Website,1,64.34,0.1,57.91,37.4,20.51,0,C00598
502528,2025-06-11,1001,Smart Watch,Electronics,Latin America,Mobile App,2,123.31,0.05,234.29,119.8,114.49,0,C00755
502529,2025-07-14,1017,Moisturizer,Beauty,Europe,Marketplace,1,177.23,0.0,177.23,77.42,99.81,0,C00951
502530,2025-10-04,1018,Lipstick,Beauty,Middle East,Marketplace,1,41.98,0.0,41.98,27.85,14.13,0,C00612
502531,2025-08-13,1006,Coffee Maker,Home & Kitchen,Latin America,Website,1,110.15,0.0,110.15,67.43,42.72,0,C01152
502532,2025-04-23,1005,Air Fryer,Home & Kitchen,Asia Pacific,Marketplace,1,16.13,0.1,14.52,6.54,7.98,0,C01472
502533,2025-06-29,1009,Vacuum Cleaner,Home & Kitchen,Middle East,Marketplace,1,64.34,0.2,51.47,37.4,14.07,0,C01385
502534,2025-03-20,1015,Face Serum,Beauty,Middle East,Mobile App,1,80.28,0.05,76.27,50.57,25.7,0,C00309
502535,2024-03-02,1018,Lipstick,Beauty,Middle East,Website,1,41.98,0.1,37.78,27.85,9.93,0,C00371
502536,2025-04-18,1002,Bluetooth Speaker,Electronics,Europe,Website,1,26.25,0.0,26.25,16.7,9.55,0,C00084
502537,2025-12-02,1015,Face Serum,Beauty,Asia Pacific,Mobile App,1,80.28,0.15,68.24,50.57,17.67,1,C00437
502538,2025-02-24,1024,Resistance Bands,Sports,Asia Pacific,Marketplace,1,73.75,0.0,73.75,46.0,27.75,0,C01333
502539,2024-03-06,1022,Running Shoes,Sports,Europe,Mobile App,1,51.96,0.0,51.96,24.41,27.55,0,C00349
502540,2024-09-30,1017,Moisturizer,Beauty,Asia Pacific,Mobile App,1,177.23,0.0,177.23,77.42,99.81,0,C00652
502541,2024-09-19,1024,Resistance Bands,Sports,Middle East,Website,2,73.75,0.05,140.12,92.0,48.12,0,C01239
502542,2024-09-01,1003,Laptop Stand,Electronics,North America,Website,1,22.02,0.2,17.62,9.36,8.26,0,C00914
502543,2024-01-29,1005,Air Fryer,Home & Kitchen,Europe,Mobile App,2,16.13,0.0,32.26,13.08,19.18,0,C00149
502544,2024-11-13,1016,Shampoo,Beauty,Latin America,Website,1,24.14,0.0,24.14,9.88,14.26,0,C00959
502545,2025-03-22,1012,Jacket,Apparel,Latin America,Mobile App,2,88.76,0.0,177.52,78.42,99.1,0,C01072
502546,2024-02-07,1006,Coffee Maker,Home & Kitchen,Europe,Website,2,110.15,0.0,220.3,134.86,85.44,0,C01207
502547,2024-05-19,1006,Coffee Maker,Home & Kitchen,North America,Website,2,110.15,0.0,220.3,134.86,85.44,0,C01026
502548,2024-10-11,1005,Air Fryer,Home & Kitchen,Middle East,Website,2,16.13,0.1,29.03,13.08,15.95,0,C01182
502549,2024-02-13,1024,Resistance Bands,Sports,Latin America,Mobile App,1,73.75,0.15,62.69,46.0,16.69,0,C00052
502550,2024-02-26,1017,Moisturizer,Beauty,North America,Website,1,177.23,0.05,168.37,77.42,90.95,0,C00758
502551,2024-11-01,1001,Smart Watch,Electronics,North America,Marketplace,1,123.31,0.1,110.98,59.9,51.08,0,C01657
502552,2025-02-20,1015,Face Serum,Beauty,Asia Pacific,Mobile App,1,80.28,0.0,80.28,50.57,29.71,0,C00831
502553,2024-04-02,1012,Jacket,Apparel,Latin America,Marketplace,2,88.76,0.1,159.77,78.42,81.35,0,C01447
502554,2024-05-23,1018,Lipstick,Beauty,Europe,Website,1,41.98,0.0,41.98,27.85,14.13,0,C00091
502555,2025-05-27,1008,Cookware Set,Home & Kitchen,North America,Mobile App,1,55.01,0.0,55.01,27.82,27.19,0,C00350
502556,2025-08-17,1023,Water Bottle,Sports,Middle East,Website,1,55.97,0.05,53.17,28.38,24.79,0,C00704
502557,2024-04-02,1004,USB-C Hub,Electronics,Europe,Mobile App,1,109.12,0.0,109.12,50.08,59.04,0,C01089
502558,2024-11-16,1005,Air Fryer,Home & Kitchen,Asia Pacific,Mobile App,1,16.13,0.05,15.32,6.54,8.78,0,C01049
502559,2025-02-03,1019,Sunscreen,Beauty,Europe,Marketplace,1,106.12,0.0,106.12,56.32,49.8,0,C00368
502560,2024-08-11,1006,Coffee Maker,Home & Kitchen,Europe,Website,4,110.15,0.0,440.6,269.72,170.88,0,C01065
502561,2024-08-07,1024,Resistance Bands,Sports,Asia Pacific,Website,1,73.75,0.1,66.38,46.0,20.38,0,C01589
502562,2024-09-17,1004,USB-C Hub,Electronics,Middle East,Website,1,109.12,0.1,98.21,50.08,48.13,0,C00849
502563,2025-06-30,1020,Yoga Mat,Sports,Asia Pacific,Mobile App,1,27.52,0.0,27.52,14.15,13.37,0,C01131
502564,2024-04-25,1017,Moisturizer,Beauty,Asia Pacific,Mobile App,1,177.23,0.15,150.65,77.42,73.23,0,C00062
502565,2025-05-01,1019,Sunscreen,Beauty,Europe,Marketplace,2,106.12,0.0,212.24,112.64,99.6,0,C00395
502566,2024-05-28,1001,Smart Watch,Electronics,Asia Pacific,Website,3,123.31,0.0,369.93,179.7,190.23,0,C00380
502567,2025-01-11,1015,Face Serum,Beauty,Asia Pacific,Website,1,80.28,0.15,68.24,50.57,17.67,0,C00230
502568,2025-09-12,1003,Laptop Stand,Electronics,North America,Mobile App,2,22.02,0.0,44.04,18.72,25.32,0,C00820
502569,2025-11-09,1002,Bluetooth Speaker,Electronics,North America,Mobile App,3,26.25,0.15,66.94,50.1,16.84,0,C00493
502570,2025-11-18,1017,Moisturizer,Beauty,Europe,Website,1,177.23,0.0,177.23,77.42,99.81,0,C00413
502571,2025-01-28,1006,Coffee Maker,Home & Kitchen,Asia Pacific,Mobile App,1,110.15,0.05,104.64,67.43,37.21,0,C01669
502572,2025-12-18,1017,Moisturizer,Beauty,Asia Pacific,Marketplace,1,177.23,0.0,177.23,77.42,99.81,0,C01106
502573,2025-12-02,1022,Running Shoes,Sports,North America,Mobile App,1,51.96,0.05,49.36,24.41,24.95,0,C01048
502574,2024-08-30,1015,Face Serum,Beauty,Latin America,Website,2,80.28,0.0,160.56,101.14,59.42,0,C01622
502575,2025-02-06,1020,Yoga Mat,Sports,Asia Pacific,Website,1,27.52,0.0,27.52,14.15,13.37,0,C01318
502576,2024-08-29,1009,Vacuum Cleaner,Home & Kitchen,Asia Pacific,Website,1,64.34,0.0,64.34,37.4,26.94,0,C01684
502577,2024-06-13,1022,Running Shoes,Sports,Latin America,Mobile App,1,51.96,0.0,51.96,24.41,27.55,0,C00153
502578,2025-10-21,1019,Sunscreen,Beauty,Latin America,Mobile App,1,106.12,0.0,106.12,56.32,49.8,0,C00998
502579,2024-10-07,1007,Blender,Home & Kitchen,North America,Mobile App,1,29.86,0.0,29.86,18.64,11.22,0,C00839
502580,2025-05-18,1013,Sneakers,Apparel,Latin America,Mobile App,3,39.27,0.1,106.03,59.94,46.09,0,C00342
502581,2024-12-06,1005,Air Fryer,Home & Kitchen,Latin America,Marketplace,1,16.13,0.0,16.13,6.54,9.59,0,C00210
502582,2024-04-12,1021,Dumbbells,Sports,Europe,Mobile App,1,18.19,0.0,18.19,7.58,10.61,0,C01777
502583,2025-06-02,1008,Cookware Set,Home & Kitchen,North America,Website,1,55.01,0.2,44.01,27.82,16.19,0,C00062
502584,2025-09-08,1006,Coffee Maker,Home & Kitchen,Middle East,Mobile App,1,110.15,0.0,110.15,67.43,42.72,0,C01169
502585,2025-04-09,1007,Blender,Home & Kitchen,North America,Mobile App,1,29.86,0.1,26.87,18.64,8.23,0,C01573
502586,2025-10-18,1008,Cookware Set,Home & Kitchen,Europe,Mobile App,2,55.01,0.0,110.02,55.64,54.38,0,C01036
502587,2025-10-18,1014,Hoodie,Apparel,Europe,Website,1,71.73,0.0,71.73,49.43,22.3,0,C01003
502588,2024-07-23,1006,Coffee Maker,Home & Kitchen,Asia Pacific,Website,2,110.15,0.05,209.28,134.86,74.42,0,C00986
502589,2024-03-25,1006,Coffee Maker,Home & Kitchen,North America,Website,1,110.15,0.0,110.15,67.43,42.72,0,C00731
502590,2025-06-12,1008,Cookware Set,Home & Kitchen,Europe,Mobile App,1,55.01,0.0,55.01,27.82,27.19,0,C01157
502591,2025-12-03,1019,Sunscreen,Beauty,Latin America,Mobile App,1,106.12,0.0,106.12,56.32,49.8,0,C01279
502592,2024-11-23,1024,Resistance Bands,Sports,Latin America,Website,1,73.75,0.0,73.75,46.0,27.75,0,C00278
502593,2024-05-16,1019,Sunscreen,Beauty,Asia Pacific,Website,1,106.12,0.2,84.9,56.32,28.58,0,C01741
502594,2025-08-30,1023,Water Bottle,Sports,Asia Pacific,Mobile App,1,55.97,0.0,55.97,28.38,27.59,0,C01170
502595,2024-07-22,1021,Dumbbells,Sports,North America,Website,1,18.19,0.1,16.37,7.58,8.79,0,C01648
502596,2024-07-05,1019,Sunscreen,Beauty,Latin America,Marketplace,1,106.12,0.0,106.12,56.32,49.8,0,C01537
502597,2025-08-07,1021,Dumbbells,Sports,Europe,Website,1,18.19,0.0,18.19,7.58,10.61,0,C00641
502598,2024-01-24,1015,Face Serum,Beauty,Middle East,Mobile App,1,80.28,0.0,80.28,50.57,29.71,0,C01442
502599,2025-10-03,1014,Hoodie,Apparel,Europe,Marketplace,1,71.73,0.0,71.73,49.43,22.3,0,C00857
502600,2025-04-18,1009,Vacuum Cleaner,Home & Kitchen,Europe,Website,1,64.34,0.05,61.12,37.4,23.72,0,C00202
502601,2024-06-21,1007,Blender,Home & Kitchen,North America,Website,2,29.86,0.0,59.72,37.28,22.44,0,C00985
502602,2025-03-15,1019,Sunscreen,Beauty,Middle East,Website,2,106.12,0.05,201.63,112.64,88.99,0,C00812
502603,2024-04-01,1008,Cookware Set,Home & Kitchen,Asia Pacific,Website,2,55.01,0.05,104.52,55.64,48.88,0,C00747
502604,2025-08-03,1020,Yoga Mat,Sports,North America,Website,1,27.52,0.15,23.39,14.15,9.24,0,C00478
502605,2025-06-22,1005,Air Fryer,Home & Kitchen,Latin America,Mobile App,1,16.13,0.1,14.52,6.54,7.98,0,C01403
502606,2025-04-09,1017,Moisturizer,Beauty,Latin America,Website,1,177.23,0.0,177.23,77.42,99.81,0,C00173
502607,2024-07-27,1014,Hoodie,Apparel,Europe,Marketplace,1,71.73,0.05,68.14,49.43,18.71,0,C00064
502608,2024-09-29,1005,Air Fryer,Home & Kitchen,Asia Pacific,Mobile App,1,16.13,0.05,15.32,6.54,8.78,0,C01211
502609,2025-01-26,1004,USB-C Hub,Electronics,Europe,Website,2,109.12,0.15,185.5,100.16,85.34,0,C00234
502610,2024-07-30,1020,Yoga Mat,Sports,Middle East,Website,1,27.52,0.2,22.02,14.15,7.87,0,C00490
502611,2024-10-16,1014,Hoodie,Apparel,Europe,Website,1,71.73,0.0,71.73,49.43,22.3,0,C01726
502612,2025-02-22,1019,Sunscreen,Beauty,Europe,Website,1,106.12,0.05,100.81,56.32,44.49,0,C00944
502613,2024-09-25,1013,Sneakers,Apparel,Europe,Mobile App,1,39.27,0.05,37.31,19.98,17.33,0,C00922
502614,2024-09-11,1011,Jeans,Apparel,Asia Pacific,Mobile App,1,48.52,0.0,48.52,26.91,21.61,0,C01178
502615,2025-10-24,1009,Vacuum Cleaner,Home & Kitchen,Latin America,Website,1,64.34,0.0,64.34,37.4,26.94,0,C01070
502616,2025-04-25,1005,Air Fryer,Home & Kitchen,Europe,Marketplace,2,16.13,0.0,32.26,13.08,19.18,0,C00922
502617,2025-12-10,1014,Hoodie,Apparel,Latin America,Mobile App,1,71.73,0.0,71.73,49.43,22.3,0,C01722
502618,2025-01-27,1006,Coffee Maker,Home & Kitchen,Latin America,Mobile App,1,110.15,0.0,110.15,67.43,42.72,0,C01453
502619,2024-09-19,1015,Face Serum,Beauty,North America,Website,1,80.28,0.1,72.25,50.57,21.68,0,C00474
502620,2024-03-01,1016,Shampoo,Beauty,North America,Website,1,24.14,0.1,21.73,9.88,11.85,0,C00556
502621,2024-08-28,1012,Jacket,Apparel,Latin America,Marketplace,2,88.76,0.0,177.52,78.42,99.1,0,C00551
502622,2025-09-12,1018,Lipstick,Beauty,Middle East,Mobile App,1,41.98,0.1,37.78,27.85,9.93,0,C00873
502623,2024-02-16,1022,Running Shoes,Sports,North America,Website,1,51.96,0.1,46.76,24.41,22.35,0,C00168
502624,2025-09-26,1001,Smart Watch,Electronics,Latin America,Website,1,123.31,0.0,123.31,59.9,63.41,0,C00786
502625,2025-02-08,1002,Bluetooth Speaker,Electronics,Asia Pacific,Website,1,26.25,0.1,23.62,16.7,6.92,0,C00127
502626,2025-07-26,1011,Jeans,Apparel,North America,Mobile App,1,48.52,0.0,48.52,26.91,21.61,0,C00215
502627,2024-09-23,1003,Laptop Stand,Electronics,Europe,Mobile App,1,22.02,0.0,22.02,9.36,12.66,0,C01144
502628,2024-12-13,1022,Running Shoes,Sports,Latin America,Website,1,51.96,0.0,51.96,24.41,27.55,0,C00387
502629,2024-11-20,1019,Sunscreen,Beauty,Middle East,Website,1,106.12,0.0,106.12,56.32,49.8,0,C00458
502630,2024-09-23,1005,Air Fryer,Home & Kitchen,North America,Website,2,16.13,0.15,27.42,13.08,14.34,0,C00199
502631,2024-05-10,1010,T-Shirt,Apparel,Latin America,Marketplace,1,79.05,0.0,79.05,50.89,28.16,0,C00123
502632,2024-10-14,1024,Resistance Bands,Sports,Asia Pacific,Marketplace,1,73.75,0.15,62.69,46.0,16.69,0,C01227
502633,2024-10-16,1007,Blender,Home & Kitchen,Asia Pacific,Mobile App,1,29.86,0.0,29.86,18.64,11.22,0,C01684
502634,2024-09-27,1010,T-Shirt,Apparel,Middle East,Website,2,79.05,0.0,158.1,101.78,56.32,0,C01562
502635,2024-06-17,1000,Wireless Earbuds,Electronics,Asia Pacific,Mobile App,1,80.93,0.0,80.93,33.09,47.84,0,C00268
502636,2025-05-18,1012,Jacket,Apparel,Europe,Mobile App,1,88.76,0.0,88.76,39.21,49.55,0,C01311
502637,2025-11-04,1002,Bluetooth Speaker,Electronics,Latin America,Website,2,26.25,0.0,52.5,33.4,19.1,0,C00689
502638,2024-06-01,1008,Cookware Set,Home & Kitchen,North America,Website,1,55.01,0.0,55.01,27.82,27.19,1,C00524
502639,2024-02-06,1001,Smart Watch,Electronics,Latin America,Website,2,123.31,0.0,246.62,119.8,126.82,0,C01106
502640,2025-12-23,1007,Blender,Home & Kitchen,Latin America,Website,1,29.86,0.0,29.86,18.64,11.22,0,C00048
502641,2025-05-21,1003,Laptop Stand,Electronics,North America,Website,1,22.02,0.0,22.02,9.36,12.66,0,C00076
502642,2025-12-27,1014,Hoodie,Apparel,Middle East,Website,2,71.73,0.0,143.46,98.86,44.6,0,C00080
502643,2025-05-19,1013,Sneakers,Apparel,North America,Mobile App,1,39.27,0.0,39.27,19.98,19.29,0,C01120
502644,2024-05-31,1019,Sunscreen,Beauty,North America,Website,1,106.12,0.0,106.12,56.32,49.8,0,C00564
502645,2024-07-27,1010,T-Shirt,Apparel,Asia Pacific,Website,1,79.05,0.05,75.1,50.89,24.21,0,C01182
502646,2024-06-21,1011,Jeans,Apparel,Middle East,Mobile App,1,48.52,0.2,38.82,26.91,11.91,0,C00770
502647,2025-07-30,1020,Yoga Mat,Sports,Middle East,Website,2,27.52,0.0,55.04,28.3,26.74,0,C01125
502648,2024-01-05,1022,Running Shoes,Sports,Middle East,Mobile App,1,51.96,0.0,51.96,24.41,27.55,0,C00367
502649,2024-07-03,1018,Lipstick,Beauty,Latin America,Marketplace,2,41.98,0.15,71.37,55.7,15.67,0,C01657
502650,2024-09-09,1014,Hoodie,Apparel,Latin America,Mobile App,1,71.73,0.1,64.56,49.43,15.13,0,C01782
502651,2024-12-02,1003,Laptop Stand,Electronics,North America,Website,1,22.02,0.0,22.02,9.36,12.66,0,C00890
502652,2025-11-27,1018,Lipstick,Beauty,North America,Website,2,41.98,0.0,83.96,55.7,28.26,0,C01646
502653,2025-08-27,1008,Cookware Set,Home & Kitchen,North America,Mobile App,1,55.01,0.0,55.01,27.82,27.19,0,C00576
502654,2024-06-06,1006,Coffee Maker,Home & Kitchen,North America,Website,1,110.15,0.05,104.64,67.43,37.21,0,C00554
502655,2025-12-25,1009,Vacuum Cleaner,Home & Kitchen,Latin America,Website,1,64.34,0.2,51.47,37.4,14.07,0,C01212
502656,2024-10-02,1003,Laptop Stand,Electronics,Middle East,Mobile App,1,22.02,0.15,18.72,9.36,9.36,0,C00310
502657,2024-12-03,1020,Yoga Mat,Sports,North America,Mobile App,1,27.52,0.0,27.52,14.15,13.37,0,C00926
502658,2025-04-08,1005,Air Fryer,Home & Kitchen,Asia Pacific,Marketplace,1,16.13,0.0,16.13,6.54,9.59,0,C00466
502659,2025-08-05,1021,Dumbbells,Sports,Europe,Website,1,18.19,0.0,18.19,7.58,10.61,0,C00260
502660,2024-02-19,1022,Running Shoes,Sports,Asia Pacific,Website,2,51.96,0.0,103.92,48.82,55.1,0,C01066
502661,2024-02-26,1009,Vacuum Cleaner,Home & Kitchen,North America,Mobile App,1,64.34,0.15,54.69,37.4,17.29,0,C00405
502662,2025-09-08,1009,Vacuum Cleaner,Home & Kitchen,Latin America,Website,1,64.34,0.05,61.12,37.4,23.72,0,C00192
502663,2024-09-18,1005,Air Fryer,Home & Kitchen,Europe,Website,1,16.13,0.0,16.13,6.54,9.59,0,C01169
502664,2025-02-12,1009,Vacuum Cleaner,Home & Kitchen,North America,Website,1,64.34,0.15,54.69,37.4,17.29,1,C00947
502665,2024-08-01,1002,Bluetooth Speaker,Electronics,Europe,Website,1,26.25,0.0,26.25,16.7,9.55,1,C00760
502666,2025-02-16,1016,Shampoo,Beauty,Asia Pacific,Mobile App,2,24.14,0.05,45.87,19.76,26.11,0,C00911
502667,2025-10-31,1010,T-Shirt,Apparel,Europe,Website,1,79.05,0.05,75.1,50.89,24.21,0,C00400
502668,2025-05-17,1008,Cookware Set,Home & Kitchen,Latin America,Mobile App,2,55.01,0.0,110.02,55.64,54.38,0,C01105
502669,2024-11-13,1013,Sneakers,Apparel,Middle East,Website,1,39.27,0.0,39.27,19.98,19.29,0,C00657
502670,2025-11-12,1014,Hoodie,Apparel,North America,Mobile App,1,71.73,0.15,60.97,49.43,11.54,0,C01678
502671,2025-06-08,1001,Smart Watch,Electronics,Europe,Website,1,123.31,0.0,123.31,59.9,63.41,0,C01725
502672,2025-02-01,1008,Cookware Set,Home & Kitchen,Latin America,Website,1,55.01,0.0,55.01,27.82,27.19,0,C00654
502673,2025-09-06,1015,Face Serum,Beauty,Latin America,Website,1,80.28,0.0,80.28,50.57,29.71,0,C00376
502674,2025-03-08,1024,Resistance Bands,Sports,Asia Pacific,Mobile App,1,73.75,0.0,73.75,46.0,27.75,0,C01060
502675,2025-03-20,1017,Moisturizer,Beauty,Latin America,Website,2,177.23,0.0,354.46,154.84,199.62,0,C00265
502676,2025-06-09,1017,Moisturizer,Beauty,Asia Pacific,Marketplace,2,177.23,0.05,336.74,154.84,181.9,0,C00318
502677,2025-11-23,1009,Vacuum Cleaner,Home & Kitchen,Europe,Mobile App,1,64.34,0.15,54.69,37.4,17.29,0,C01098
502678,2024-06-07,1010,T-Shirt,Apparel,Latin America,Mobile App,3,79.05,0.05,225.29,152.67,72.62,0,C01477
502679,2025-10-24,1010,T-Shirt,Apparel,Middle East,Website,3,79.05,0.0,237.15,152.67,84.48,0,C01331
502680,2025-04-24,1014,Hoodie,Apparel,Latin America,Website,1,71.73,0.0,71.73,49.43,22.3,0,C00422
502681,2025-05-04,1008,Cookware Set,Home & Kitchen,Asia Pacific,Website,2,55.01,0.1,99.02,55.64,43.38,0,C01534
502682,2024-05-10,1014,Hoodie,Apparel,Asia Pacific,Mobile App,1,71.73,0.05,68.14,49.43,18.71,0,C00468
502683,2025-06-19,1023,Water Bottle,Sports,Latin America,Website,1,55.97,0.1,50.37,28.38,21.99,1,C01066
502684,2024-02-18,1014,Hoodie,Apparel,Middle East,Website,1,71.73,0.05,68.14,49.43,18.71,0,C01507
502685,2024-02-16,1014,Hoodie,Apparel,Middle East,Website,1,71.73,0.0,71.73,49.43,22.3,0,C00649
502686,2025-03-11,1012,Jacket,Apparel,Latin America,Website,1,88.76,0.0,88.76,39.21,49.55,0,C00885
502687,2025-11-07,1002,Bluetooth Speaker,Electronics,Middle East,Mobile App,1,26.25,0.0,26.25,16.7,9.55,0,C00111
502688,2024-12-29,1022,Running Shoes,Sports,Asia Pacific,Mobile App,1,51.96,0.2,41.57,24.41,17.16,0,C01551
502689,2025-05-30,1019,Sunscreen,Beauty,North America,Website,2,106.12,0.0,212.24,112.64,99.6,0,C00350
502690,2025-11-08,1016,Shampoo,Beauty,Latin America,Website,1,24.14,0.05,22.93,9.88,13.05,0,C01516
502691,2024-07-05,1024,Resistance Bands,Sports,Latin America,Website,2,73.75,0.1,132.75,92.0,40.75,0,C00950
502692,2025-03-02,1024,Resistance Bands,Sports,Asia Pacific,Website,1,73.75,0.2,59.0,46.0,13.0,0,C00174
502693,2025-04-10,1006,Coffee Maker,Home & Kitchen,Latin America,Mobile App,1,110.15,0.0,110.15,67.43,42.72,0,C00457
502694,2024-09-28,1008,Cookware Set,Home & Kitchen,Asia Pacific,Marketplace,1,55.01,0.05,52.26,27.82,24.44,0,C01716
502695,2024-07-10,1022,Running Shoes,Sports,Europe,Website,1,51.96,0.0,51.96,24.41,27.55,0,C00412
502696,2025-09-10,1007,Blender,Home & Kitchen,Asia Pacific,Marketplace,2,29.86,0.1,53.75,37.28,16.47,0,C00015
502697,2024-04-18,1021,Dumbbells,Sports,Latin America,Mobile App,1,18.19,0.1,16.37,7.58,8.79,0,C01675
502698,2024-01-06,1004,USB-C Hub,Electronics,Latin America,Website,1,109.12,0.0,109.12,50.08,59.04,0,C01762
502699,2024-06-24,1018,Lipstick,Beauty,Latin America,Website,1,41.98,0.1,37.78,27.85,9.93,0,C00288
502700,2025-02-18,1007,Blender,Home & Kitchen,Middle East,Mobile App,3,29.86,0.0,89.58,55.92,33.66,0,C01006
502701,2024-11-06,1016,Shampoo,Beauty,Middle East,Mobile App,1,24.14,0.2,19.31,9.88,9.43,0,C00484
502702,2025-09-23,1018,Lipstick,Beauty,Asia Pacific,Mobile App,2,41.98,0.1,75.56,55.7,19.86,1,C01058
502703,2025-12-07,1023,Water Bottle,Sports,Latin America,Mobile App,2,55.97,0.1,100.75,56.76,43.99,0,C00015
502704,2024-03-30,1006,Coffee Maker,Home & Kitchen,Europe,Website,3,110.15,0.2,264.36,202.29,62.07,0,C00685
502705,2024-07-14,1003,Laptop Stand,Electronics,North America,Mobile App,1,22.02,0.0,22.02,9.36,12.66,0,C01322
502706,2025-12-13,1016,Shampoo,Beauty,Europe,Marketplace,2,24.14,0.15,41.04,19.76,21.28,0,C00381
502707,2024-08-02,1002,Bluetooth Speaker,Electronics,Latin America,Mobile App,2,26.25,0.0,52.5,33.4,19.1,0,C00082
502708,2025-10-27,1019,Sunscreen,Beauty,Europe,Website,1,106.12,0.0,106.12,56.32,49.8,0,C01539
502709,2025-10-03,1002,Bluetooth Speaker,Electronics,Middle East,Website,1,26.25,0.05,24.94,16.7,8.24,0,C00559
502710,2024-11-04,1015,Face Serum,Beauty,Latin America,Website,1,80.28,0.1,72.25,50.57,21.68,0,C01128
502711,2025-03-08,1011,Jeans,Apparel,North America,Website,1,48.52,0.0,48.52,26.91,21.61,0,C01761
502712,2024-06-05,1002,Bluetooth Speaker,Electronics,Latin America,Marketplace,2,26.25,0.0,52.5,33.4,19.1,0,C01653
502713,2025-04-27,1011,Jeans,Apparel,North America,Marketplace,1,48.52,0.0,48.52,26.91,21.61,0,C00571
502714,2025-08-22,1020,Yoga Mat,Sports,Europe,Website,1,27.52,0.0,27.52,14.15,13.37,0,C01734
502715,2025-08-06,1018,Lipstick,Beauty,Latin America,Website,3,41.98,0.1,113.35,83.55,29.8,0,C00859
502716,2024-01-09,1014,Hoodie,Apparel,North America,Mobile App,1,71.73,0.1,64.56,49.43,15.13,0,C01080
502717,2025-03-18,1001,Smart Watch,Electronics,Latin America,Mobile App,1,123.31,0.0,123.31,59.9,63.41,0,C00990
502718,2025-08-15,1008,Cookware Set,Home & Kitchen,Middle East,Mobile App,1,55.01,0.1,49.51,27.82,21.69,0,C00337
502719,2024-10-24,1011,Jeans,Apparel,North America,Website,1,48.52,0.05,46.09,26.91,19.18,0,C01690
502720,2025-05-12,1001,Smart Watch,Electronics,Middle East,Mobile App,1,123.31,0.15,104.81,59.9,44.91,0,C01047
502721,2025-09-18,1018,Lipstick,Beauty,Latin America,Website,2,41.98,0.0,83.96,55.7,28.26,0,C01148
502722,2024-03-03,1014,Hoodie,Apparel,Middle East,Website,1,71.73,0.05,68.14,49.43,18.71,0,C00952
502723,2025-08-13,1012,Jacket,Apparel,Asia Pacific,Mobile App,3,88.76,0.05,252.97,117.63,135.34,0,C00507
502724,2024-10-01,1007,Blender,Home & Kitchen,Latin America,Marketplace,1,29.86,0.0,29.86,18.64,11.22,0,C00726
502725,2024-04-29,1023,Water Bottle,Sports,Latin America,Mobile App,1,55.97,0.05,53.17,28.38,24.79,0,C01441
502726,2025-10-23,1005,Air Fryer,Home & Kitchen,Asia Pacific,Website,1,16.13,0.05,15.32,6.54,8.78,0,C00500
502727,2025-03-22,1004,USB-C Hub,Electronics,North America,Website,1,109.12,0.0,109.12,50.08,59.04,0,C00744
502728,2024-07-15,1022,Running Shoes,Sports,Latin America,Website,1,51.96,0.0,51.96,24.41,27.55,0,C00335
502729,2024-08-25,1006,Coffee Maker,Home & Kitchen,Middle East,Website,1,110.15,0.1,99.14,67.43,31.71,0,C01333
502730,2025-12-02,1024,Resistance Bands,Sports,Asia Pacific,Marketplace,1,73.75,0.1,66.38,46.0,20.38,0,C00328
502731,2025-11-03,1020,Yoga Mat,Sports,Latin America,Website,1,27.52,0.0,27.52,14.15,13.37,0,C00369
502732,2024-10-27,1004,USB-C Hub,Electronics,Latin America,Marketplace,1,109.12,0.0,109.12,50.08,59.04,0,C00713
502733,2025-11-20,1003,Laptop Stand,Electronics,Asia Pacific,Mobile App,2,22.02,0.1,39.64,18.72,20.92,0,C00596
502734,2024-06-14,1017,Moisturizer,Beauty,Middle East,Website,1,177.23,0.1,159.51,77.42,82.09,0,C00110
502735,2025-12-08,1014,Hoodie,Apparel,North America,Mobile App,1,71.73,0.0,71.73,49.43,22.3,0,C01527
502736,2024-05-12,1013,Sneakers,Apparel,Europe,Website,3,39.27,0.0,117.81,59.94,57.87,0,C01082
502737,2025-09-12,1018,Lipstick,Beauty,Latin America,Website,2,41.98,0.2,67.17,55.7,11.47,0,C00522
502738,2025-03-01,1002,Bluetooth Speaker,Electronics,Latin America,Website,1,26.25,0.15,22.31,16.7,5.61,0,C00612
502739,2024-08-02,1018,Lipstick,Beauty,Middle East,Website,2,41.98,0.0,83.96,55.7,28.26,0,C01101
502740,2024-01-19,1002,Bluetooth Speaker,Electronics,Asia Pacific,Marketplace,2,26.25,0.0,52.5,33.4,19.1,0,C01294
502741,2024-12-31,1005,Air Fryer,Home & Kitchen,Europe,Website,1,16.13,0.0,16.13,6.54,9.59,0,C01290
502742,2025-05-30,1010,T-Shirt,Apparel,North America,Mobile App,1,79.05,0.1,71.14,50.89,20.25,0,C01097
502743,2024-12-11,1007,Blender,Home & Kitchen,Latin America,Website,2,29.86,0.0,59.72,37.28,22.44,0,C01669
502744,2024-08-20,1021,Dumbbells,Sports,North America,Mobile App,1,18.19,0.15,15.46,7.58,7.88,0,C00676
502745,2025-05-13,1018,Lipstick,Beauty,Asia Pacific,Marketplace,2,41.98,0.0,83.96,55.7,28.26,0,C00757
502746,2024-12-29,1001,Smart Watch,Electronics,North America,Mobile App,2,123.31,0.0,246.62,119.8,126.82,0,C01678
502747,2025-07-24,1021,Dumbbells,Sports,Asia Pacific,Marketplace,1,18.19,0.0,18.19,7.58,10.61,1,C01062
502748,2025-12-07,1017,Moisturizer,Beauty,Middle East,Mobile App,2,177.23,0.15,301.29,154.84,146.45,0,C01367
502749,2024-04-16,1004,USB-C Hub,Electronics,North America,Marketplace,1,109.12,0.0,109.12,50.08,59.04,0,C00637
502750,2025-03-24,1004,USB-C Hub,Electronics,Latin America,Marketplace,2,109.12,0.0,218.24,100.16,118.08,0,C01362
502751,2024-04-23,1007,Blender,Home & Kitchen,North America,Mobile App,1,29.86,0.0,29.86,18.64,11.22,0,C00935
502752,2025-09-16,1017,Moisturizer,Beauty,North America,Mobile App,1,177.23,0.0,177.23,77.42,99.81,0,C01698
502753,2024-02-12,1001,Smart Watch,Electronics,Middle East,Website,1,123.31,0.1,110.98,59.9,51.08,0,C01279
502754,2025-10-07,1023,Water Bottle,Sports,North America,Marketplace,2,55.97,0.0,111.94,56.76,55.18,0,C00419
502755,2025-01-05,1004,USB-C Hub,Electronics,Europe,Mobile App,1,109.12,0.1,98.21,50.08,48.13,0,C01631
502756,2025-12-26,1019,Sunscreen,Beauty,Latin America,Mobile App,1,106.12,0.05,100.81,56.32,44.49,0,C00672
502757,2025-05-25,1010,T-Shirt,Apparel,North America,Website,1,79.05,0.2,63.24,50.89,12.35,0,C00762
502758,2025-01-07,1017,Moisturizer,Beauty,Asia Pacific,Mobile App,1,177.23,0.0,177.23,77.42,99.81,0,C00577
502759,2024-05-05,1003,Laptop Stand,Electronics,Europe,Website,1,22.02,0.15,18.72,9.36,9.36,0,C00262
502760,2025-03-01,1008,Cookware Set,Home & Kitchen,North America,Website,4,55.01,0.0,220.04,111.28,108.76,0,C00828
502761,2025-04-30,1021,Dumbbells,Sports,Asia Pacific,Website,1,18.19,0.0,18.19,7.58,10.61,0,C00706
502762,2024-06-24,1005,Air Fryer,Home & Kitchen,North America,Website,1,16.13,0.0,16.13,6.54,9.59,0,C01608
502763,2025-02-28,1000,Wireless Earbuds,Electronics,Asia Pacific,Mobile App,1,80.93,0.0,80.93,33.09,47.84,0,C00486
502764,2024-09-08,1014,Hoodie,Apparel,Europe,Mobile App,1,71.73,0.0,71.73,49.43,22.3,0,C01321
502765,2025-06-26,1012,Jacket,Apparel,Latin America,Mobile App,2,88.76,0.0,177.52,78.42,99.1,0,C00877
502766,2024-05-21,1004,USB-C Hub,Electronics,Latin America,Website,1,109.12,0.0,109.12,50.08,59.04,0,C00745
502767,2025-02-23,1017,Moisturizer,Beauty,Latin America,Marketplace,1,177.23,0.1,159.51,77.42,82.09,0,C01285
502768,2025-06-12,1007,Blender,Home & Kitchen,Asia Pacific,Marketplace,1,29.86,0.05,28.37,18.64,9.73,0,C00667
502769,2025-03-29,1010,T-Shirt,Apparel,Europe,Mobile App,1,79.05,0.05,75.1,50.89,24.21,0,C00777
502770,2025-06-13,1005,Air Fryer,Home & Kitchen,North America,Website,3,16.13,0.05,45.97,19.62,26.35,0,C01106
502771,2024-11-18,1015,Face Serum,Beauty,Latin America,Marketplace,1,80.28,0.0,80.28,50.57,29.71,0,C00003
502772,2024-06-17,1012,Jacket,Apparel,Latin America,Website,1,88.76,0.0,88.76,39.21,49.55,0,C00419
502773,2024-02-07,1018,Lipstick,Beauty,Europe,Marketplace,1,41.98,0.0,41.98,27.85,14.13,0,C01195
502774,2024-02-29,1009,Vacuum Cleaner,Home & Kitchen,Middle East,Marketplace,1,64.34,0.0,64.34,37.4,26.94,0,C00460
502775,2025-03-05,1007,Blender,Home & Kitchen,Latin America,Marketplace,1,29.86,0.1,26.87,18.64,8.23,0,C01483
502776,2025-12-18,1018,Lipstick,Beauty,Middle East,Marketplace,1,41.98,0.2,33.58,27.85,5.73,0,C01087
502777,2024-11-17,1011,Jeans,Apparel,Asia Pacific,Website,1,48.52,0.1,43.67,26.91,16.76,0,C00634
502778,2024-10-13,1001,Smart Watch,Electronics,Middle East,Mobile App,1,123.31,0.15,104.81,59.9,44.91,1,C00235
502779,2024-05-30,1007,Blender,Home & Kitchen,Latin America,Website,1,29.86,0.0,29.86,18.64,11.22,0,C01227
502780,2024-07-29,1009,Vacuum Cleaner,Home & Kitchen,Middle East,Mobile App,1,64.34,0.0,64.34,37.4,26.94,0,C01202
502781,2025-09-25,1023,Water Bottle,Sports,Latin America,Mobile App,2,55.97,0.0,111.94,56.76,55.18,0,C00216
502782,2025-10-26,1002,Bluetooth Speaker,Electronics,Latin America,Mobile App,1,26.25,0.0,26.25,16.7,9.55,0,C01674
502783,2024-11-04,1000,Wireless Earbuds,Electronics,North America,Website,1,80.93,0.0,80.93,33.09,47.84,0,C01012
502784,2024-12-08,1019,Sunscreen,Beauty,Latin America,Mobile App,1,106.12,0.1,95.51,56.32,39.19,0,C00732
502785,2024-05-09,1020,Yoga Mat,Sports,Middle East,Marketplace,2,27.52,0.05,52.29,28.3,23.99,0,C01486
502786,2024-10-17,1004,USB-C Hub,Electronics,Europe,Website,2,109.12,0.0,218.24,100.16,118.08,0,C01479
502787,2025-07-19,1020,Yoga Mat,Sports,Asia Pacific,Mobile App,1,27.52,0.0,27.52,14.15,13.37,0,C00723
502788,2025-10-12,1017,Moisturizer,Beauty,Europe,Website,1,177.23,0.05,168.37,77.42,90.95,0,C01620
502789,2025-07-06,1004,USB-C Hub,Electronics,Middle East,Website,1,109.12,0.05,103.66,50.08,53.58,1,C00735
502790,2024-11-07,1014,Hoodie,Apparel,Latin America,Marketplace,4,71.73,0.15,243.88,197.72,46.16,0,C00347
502791,2024-04-23,1015,Face Serum,Beauty,North America,Mobile App,1,80.28,0.0,80.28,50.57,29.71,0,C00701
502792,2024-09-22,1018,Lipstick,Beauty,Middle East,Website,1,41.98,0.05,39.88,27.85,12.03,0,C00138
502793,2024-02-18,1009,Vacuum Cleaner,Home & Kitchen,North America,Website,1,64.34,0.05,61.12,37.4,23.72,0,C00704
502794,2025-08-09,1020,Yoga Mat,Sports,North America,Website,1,27.52,0.0,27.52,14.15,13.37,0,C01529
502795,2024-08-29,1010,T-Shirt,Apparel,Middle East,Mobile App,1,79.05,0.05,75.1,50.89,24.21,0,C00052
502796,2025-10-04,1000,Wireless Earbuds,Electronics,Middle East,Mobile App,1,80.93,0.0,80.93,33.09,47.84,0,C00704
502797,2024-08-27,1009,Vacuum Cleaner,Home & Kitchen,Asia Pacific,Website,2,64.34,0.05,122.25,74.8,47.45,1,C00249
502798,2025-11-13,1024,Resistance Bands,Sports,Middle East,Mobile App,2,73.75,0.05,140.12,92.0,48.12,0,C00683
502799,2025-01-21,1024,Resistance Bands,Sports,Middle East,Mobile App,1,73.75,0.1,66.38,46.0,20.38,0,C01370
502800,2024-04-17,1002,Bluetooth Speaker,Electronics,Asia Pacific,Mobile App,1,26.25,0.05,24.94,16.7,8.24,0,C01515
502801,2024-07-16,1019,Sunscreen,Beauty,Asia Pacific,Website,1,106.12,0.0,106.12,56.32,49.8,0,C01149
502802,2024-05-30,1003,Laptop Stand,Electronics,Latin America,Mobile App,2,22.02,0.1,39.64,18.72,20.92,0,C01382
502803,2024-03-24,1007,Blender,Home & Kitchen,North America,Website,1,29.86,0.0,29.86,18.64,11.22,0,C01181
502804,2024-05-13,1016,Shampoo,Beauty,Latin America,Website,1,24.14,0.0,24.14,9.88,14.26,0,C01630
502805,2024-03-20,1005,Air Fryer,Home & Kitchen,Asia Pacific,Mobile App,2,16.13,0.0,32.26,13.08,19.18,0,C00516
502806,2025-02-16,1010,T-Shirt,Apparel,Middle East,Mobile App,1,79.05,0.0,79.05,50.89,28.16,0,C00140
502807,2025-02-08,1015,Face Serum,Beauty,Asia Pacific,Mobile App,1,80.28,0.05,76.27,50.57,25.7,0,C00776
502808,2025-10-13,1010,T-Shirt,Apparel,Latin America,Marketplace,1,79.05,0.0,79.05,50.89,28.16,1,C01776
502809,2025-12-06,1012,Jacket,Apparel,Latin America,Mobile App,4,88.76,0.05,337.29,156.84,180.45,0,C01509
502810,2025-03-02,1023,Water Bottle,Sports,Europe,Website,1,55.97,0.0,55.97,28.38,27.59,1,C00883
502811,2024-05-10,1020,Yoga Mat,Sports,Latin America,Mobile App,1,27.52,0.0,27.52,14.15,13.37,0,C01100
502812,2024-05-12,1006,Coffee Maker,Home & Kitchen,Middle East,Marketplace,1,110.15,0.05,104.64,67.43,37.21,0,C01018
502813,2024-04-30,1008,Cookware Set,Home & Kitchen,Europe,Website,1,55.01,0.0,55.01,27.82,27.19,0,C01494
502814,2024-02-03,1006,Coffee Maker,Home & Kitchen,Europe,Marketplace,1,110.15,0.0,110.15,67.43,42.72,0,C00126
502815,2025-01-13,1012,Jacket,Apparel,North America,Mobile App,1,88.76,0.0,88.76,39.21,49.55,0,C01461
502816,2025-02-22,1011,Jeans,Apparel,North America,Website,1,48.52,0.1,43.67,26.91,16.76,0,C00905
502817,2025-08-08,1001,Smart Watch,Electronics,Asia Pacific,Website,1,123.31,0.0,123.31,59.9,63.41,0,C00412
502818,2024-06-05,1023,Water Bottle,Sports,North America,Website,1,55.97,0.0,55.97,28.38,27.59,0,C00997
502819,2025-01-18,1010,T-Shirt,Apparel,Asia Pacific,Website,1,79.05,0.0,79.05,50.89,28.16,0,C01517
502820,2024-01-29,1019,Sunscreen,Beauty,Europe,Website,3,106.12,0.05,302.44,168.96,133.48,0,C00046
502821,2025-08-26,1019,Sunscreen,Beauty,Latin America,Website,1,106.12,0.0,106.12,56.32,49.8,1,C01246
502822,2024-11-08,1006,Coffee Maker,Home & Kitchen,Asia Pacific,Website,1,110.15,0.0,110.15,67.43,42.72,0,C01045
502823,2025-05-15,1007,Blender,Home & Kitchen,North America,Website,2,29.86,0.0,59.72,37.28,22.44,0,C01043
502824,2024-12-23,1000,Wireless Earbuds,Electronics,North America,Marketplace,1,80.93,0.0,80.93,33.09,47.84,0,C00948
502825,2025-03-03,1006,Coffee Maker,Home & Kitchen,Latin America,Mobile App,3,110.15,0.0,330.45,202.29,128.16,0,C00452
502826,2025-08-02,1019,Sunscreen,Beauty,Latin America,Marketplace,2,106.12,0.0,212.24,112.64,99.6,0,C01318
502827,2025-01-21,1016,Shampoo,Beauty,Latin America,Mobile App,1,24.14,0.05,22.93,9.88,13.05,0,C01331
502828,2025-09-12,1000,Wireless Earbuds,Electronics,Europe,Mobile App,3,80.93,0.0,242.79,99.27,143.52,0,C01686
502829,2025-05-31,1012,Jacket,Apparel,Latin America,Mobile App,1,88.76,0.1,79.88,39.21,40.67,0,C01009
502830,2025-11-14,1022,Running Shoes,Sports,Latin America,Website,1,51.96,0.0,51.96,24.41,27.55,0,C00295
502831,2024-11-29,1006,Coffee Maker,Home & Kitchen,North America,Mobile App,1,110.15,0.0,110.15,67.43,42.72,0,C00293
502832,2025-11-11,1005,Air Fryer,Home & Kitchen,Middle East,Website,1,16.13,0.05,15.32,6.54,8.78,0,C00277
502833,2024-08-26,1024,Resistance Bands,Sports,Latin America,Website,2,73.75,0.0,147.5,92.0,55.5,0,C00672
502834,2024-02-16,1020,Yoga Mat,Sports,Latin America,Mobile App,1,27.52,0.05,26.14,14.15,11.99,0,C00011
502835,2025-10-23,1009,Vacuum Cleaner,Home & Kitchen,North America,Marketplace,1,64.34,0.0,64.34,37.4,26.94,0,C01401
502836,2025-12-25,1010,T-Shirt,Apparel,North America,Mobile App,1,79.05,0.0,79.05,50.89,28.16,0,C01408
502837,2025-12-25,1008,Cookware Set,Home & Kitchen,Asia Pacific,Mobile App,1,55.01,0.05,52.26,27.82,24.44,0,C01397
502838,2024-05-06,1006,Coffee Maker,Home & Kitchen,Middle East,Website,2,110.15,0.1,198.27,134.86,63.41,0,C01420
502839,2025-09-25,1011,Jeans,Apparel,Middle East,Mobile App,3,48.52,0.0,145.56,80.73,64.83,0,C00592
502840,2024-02-24,1010,T-Shirt,Apparel,Middle East,Mobile App,2,79.05,0.0,158.1,101.78,56.32,0,C00011
502841,2025-05-02,1018,Lipstick,Beauty,Middle East,Marketplace,1,41.98,0.0,41.98,27.85,14.13,0,C01400
502842,2024-05-03,1015,Face Serum,Beauty,Middle East,Website,2,80.28,0.1,144.5,101.14,43.36,0,C01517
502843,2024-01-20,1009,Vacuum Cleaner,Home & Kitchen,Asia Pacific,Mobile App,1,64.34,0.0,64.34,37.4,26.94,0,C01076
502844,2024-09-08,1023,Water Bottle,Sports,Middle East,Website,1,55.97,0.0,55.97,28.38,27.59,0,C00765
502845,2025-06-30,1018,Lipstick,Beauty,Middle East,Website,1,41.98,0.05,39.88,27.85,12.03,0,C00283
502846,2025-08-26,1011,Jeans,Apparel,North America,Website,1,48.52,0.0,48.52,26.91,21.61,0,C01719
502847,2024-01-24,1011,Jeans,Apparel,Asia Pacific,Website,1,48.52,0.0,48.52,26.91,21.61,0,C01462
502848,2025-02-28,1004,USB-C Hub,Electronics,North America,Marketplace,1,109.12,0.0,109.12,50.08,59.04,0,C01253
502849,2024-11-20,1024,Resistance Bands,Sports,Latin America,Website,1,73.75,0.1,66.38,46.0,20.38,0,C00328
502850,2024-04-27,1006,Coffee Maker,Home & Kitchen,North America,Mobile App,2,110.15,0.0,220.3,134.86,85.44,1,C01734
502851,2024-10-19,1001,Smart Watch,Electronics,Europe,Website,1,123.31,0.05,117.14,59.9,57.24,0,C00205
502852,2024-04-01,1000,Wireless Earbuds,Electronics,Europe,Website,1,80.93,0.0,80.93,33.09,47.84,0,C00441
502853,2025-02-21,1000,Wireless Earbuds,Electronics,Europe,Website,2,80.93,0.0,161.86,66.18,95.68,0,C00117
502854,2024-11-29,1012,Jacket,Apparel,Europe,Website,1,88.76,0.0,88.76,39.21,49.55,0,C00682
502855,2024-02-29,1003,Laptop Stand,Electronics,Asia Pacific,Website,1,22.02,0.0,22.02,9.36,12.66,0,C01420
502856,2024-11-23,1018,Lipstick,Beauty,Europe,Website,1,41.98,0.0,41.98,27.85,14.13,0,C00217
502857,2024-11-27,1011,Jeans,Apparel,Asia Pacific,Website,2,48.52,0.1,87.34,53.82,33.52,0,C00018
502858,2024-05-03,1007,Blender,Home & Kitchen,North America,Website,1,29.86,0.0,29.86,18.64,11.22,0,C00415
502859,2025-09-03,1007,Blender,Home & Kitchen,Middle East,Website,1,29.86,0.0,29.86,18.64,11.22,0,C01410
502860,2025-06-04,1017,Moisturizer,Beauty,Middle East,Website,1,177.23,0.0,177.23,77.42,99.81,0,C01030
502861,2024-04-27,1018,Lipstick,Beauty,Asia Pacific,Website,2,41.98,0.0,83.96,55.7,28.26,0,C00661
502862,2025-04-20,1019,Sunscreen,Beauty,Middle East,Website,2,106.12,0.1,191.02,112.64,78.38,0,C00355
502863,2025-05-10,1006,Coffee Maker,Home & Kitchen,North America,Website,1,110.15,0.15,93.63,67.43,26.2,0,C01091
502864,2024-08-27,1015,Face Serum,Beauty,North America,Website,1,80.28,0.0,80.28,50.57,29.71,0,C01749
502865,2025-08-23,1024,Resistance Bands,Sports,North America,Website,1,73.75,0.0,73.75,46.0,27.75,0,C01112
502866,2025-07-22,1008,Cookware Set,Home & Kitchen,Europe,Website,1,55.01,0.05,52.26,27.82,24.44,0,C00180
502867,2025-02-20,1004,USB-C Hub,Electronics,Latin America,Website,2,109.12,0.0,218.24,100.16,118.08,1,C00172
502868,2025-10-13,1014,Hoodie,Apparel,Middle East,Website,1,71.73,0.15,60.97,49.43,11.54,0,C00190
502869,2024-05-25,1017,Moisturizer,Beauty,Asia Pacific,Mobile App,2,177.23,0.1,319.01,154.84,164.17,1,C01595
502870,2024-06-21,1011,Jeans,Apparel,Europe,Mobile App,2,48.52,0.0,97.04,53.82,43.22,0,C01372
502871,2025-03-09,1009,Vacuum Cleaner,Home & Kitchen,Middle East,Website,1,64.34,0.05,61.12,37.4,23.72,0,C00643
502872,2024-01-02,1002,Bluetooth Speaker,Electronics,Latin America,Marketplace,1,26.25,0.0,26.25,16.7,9.55,0,C00445
502873,2025-09-27,1006,Coffee Maker,Home & Kitchen,Asia Pacific,Mobile App,2,110.15,0.0,220.3,134.86,85.44,0,C00545
502874,2024-06-20,1007,Blender,Home & Kitchen,North America,Website,1,29.86,0.0,29.86,18.64,11.22,0,C00456
502875,2025-05-08,1001,Smart Watch,Electronics,Asia Pacific,Mobile App,1,123.31,0.1,110.98,59.9,51.08,0,C01647
502876,2025-11-27,1000,Wireless Earbuds,Electronics,Latin America,Marketplace,1,80.93,0.0,80.93,33.09,47.84,0,C00068
502877,2025-10-09,1001,Smart Watch,Electronics,Europe,Mobile App,1,123.31,0.2,98.65,59.9,38.75,0,C00399
502878,2025-06-06,1024,Resistance Bands,Sports,Asia Pacific,Website,1,73.75,0.05,70.06,46.0,24.06,0,C01128
502879,2025-06-30,1016,Shampoo,Beauty,Middle East,Website,1,24.14,0.0,24.14,9.88,14.26,0,C00202
502880,2024-04-01,1011,Jeans,Apparel,Latin America,Mobile App,1,48.52,0.0,48.52,26.91,21.61,0,C01671
502881,2024-05-23,1008,Cookware Set,Home & Kitchen,Middle East,Marketplace,1,55.01,0.2,44.01,27.82,16.19,0,C01126
502882,2025-03-18,1012,Jacket,Apparel,Europe,Mobile App,2,88.76,0.05,168.64,78.42,90.22,1,C00451
502883,2024-11-21,1000,Wireless Earbuds,Electronics,Asia Pacific,Mobile App,2,80.93,0.0,161.86,66.18,95.68,1,C00089
502884,2025-12-25,1011,Jeans,Apparel,Latin America,Website,1,48.52,0.05,46.09,26.91,19.18,0,C00035
502885,2025-11-09,1005,Air Fryer,Home & Kitchen,Asia Pacific,Website,1,16.13,0.1,14.52,6.54,7.98,0,C01307
502886,2025-04-15,1003,Laptop Stand,Electronics,Middle East,Website,1,22.02,0.0,22.02,9.36,12.66,0,C01420
502887,2025-12-09,1010,T-Shirt,Apparel,Europe,Mobile App,1,79.05,0.0,79.05,50.89,28.16,0,C00883
502888,2024-01-03,1019,Sunscreen,Beauty,Middle East,Website,2,106.12,0.05,201.63,112.64,88.99,0,C01764
502889,2024-01-10,1022,Running Shoes,Sports,Europe,Website,1,51.96,0.0,51.96,24.41,27.55,0,C00374
502890,2025-12-14,1004,USB-C Hub,Electronics,Latin America,Mobile App,3,109.12,0.0,327.36,150.24,177.12,0,C00709
502891,2025-07-05,1015,Face Serum,Beauty,North America,Mobile App,2,80.28,0.1,144.5,101.14,43.36,0,C01072
502892,2025-10-26,1007,Blender,Home & Kitchen,North America,Mobile App,1,29.86,0.0,29.86,18.64,11.22,0,C00056
502893,2025-11-18,1013,Sneakers,Apparel,Latin America,Mobile App,1,39.27,0.0,39.27,19.98,19.29,1,C01615
502894,2024-12-27,1021,Dumbbells,Sports,Latin America,Mobile App,1,18.19,0.0,18.19,7.58,10.61,0,C00551
502895,2025-01-01,1008,Cookware Set,Home & Kitchen,Latin America,Website,1,55.01,0.0,55.01,27.82,27.19,0,C01249
502896,2025-12-14,1018,Lipstick,Beauty,North America,Website,2,41.98,0.0,83.96,55.7,28.26,0,C01754
502897,2025-01-14,1024,Resistance Bands,Sports,Europe,Website,4,73.75,0.1,265.5,184.0,81.5,0,C00435
502898,2024-08-14,1008,Cookware Set,Home & Kitchen,North America,Mobile App,1,55.01,0.0,55.01,27.82,27.19,0,C00079
502899,2025-11-27,1023,Water Bottle,Sports,Asia Pacific,Website,1,55.97,0.0,55.97,28.38,27.59,0,C01044
502900,2025-09-20,1007,Blender,Home & Kitchen,Asia Pacific,Mobile App,2,29.86,0.0,59.72,37.28,22.44,0,C00031
502901,2024-08-14,1007,Blender,Home & Kitchen,Europe,Marketplace,1,29.86,0.0,29.86,18.64,11.22,0,C00947
502902,2025-01-06,1008,Cookware Set,Home & Kitchen,North America,Website,1,55.01,0.0,55.01,27.82,27.19,0,C01770
502903,2025-12-21,1003,Laptop Stand,Electronics,Middle East,Website,2,22.02,0.0,44.04,18.72,25.32,0,C00022
502904,2024-07-19,1007,Blender,Home & Kitchen,Latin America,Website,1,29.86,0.0,29.86,18.64,11.22,0,C01139
502905,2024-10-11,1007,Blender,Home & Kitchen,Middle East,Mobile App,2,29.86,0.15,50.76,37.28,13.48,0,C00833
502906,2024-06-23,1001,Smart Watch,Electronics,Middle East,Website,1,123.31,0.0,123.31,59.9,63.41,0,C00029
502907,2025-08-02,1012,Jacket,Apparel,Middle East,Mobile App,3,88.76,0.05,252.97,117.63,135.34,0,C01439
502908,2024-03-07,1011,Jeans,Apparel,Middle East,Website,1,48.52,0.05,46.09,26.91,19.18,0,C00640
502909,2024-03-07,1020,Yoga Mat,Sports,Europe,Website,1,27.52,0.05,26.14,14.15,11.99,0,C00710
502910,2025-08-06,1010,T-Shirt,Apparel,Europe,Marketplace,2,79.05,0.0,158.1,101.78,56.32,0,C01262
502911,2024-10-07,1018,Lipstick,Beauty,Europe,Mobile App,1,41.98,0.1,37.78,27.85,9.93,0,C01556
502912,2024-01-24,1001,Smart Watch,Electronics,Middle East,Mobile App,1,123.31,0.0,123.31,59.9,63.41,0,C01275
502913,2025-11-28,1018,Lipstick,Beauty,Middle East,Marketplace,1,41.98,0.0,41.98,27.85,14.13,1,C00688
502914,2024-01-03,1004,USB-C Hub,Electronics,Latin America,Mobile App,1,109.12,0.0,109.12,50.08,59.04,0,C00218
502915,2025-10-27,1002,Bluetooth Speaker,Electronics,North America,Marketplace,1,26.25,0.05,24.94,16.7,8.24,0,C01116
502916,2024-11-26,1024,Resistance Bands,Sports,Latin America,Mobile App,1,73.75,0.0,73.75,46.0,27.75,0,C00793
502917,2025-02-20,1001,Smart Watch,Electronics,Asia Pacific,Website,1,123.31,0.0,123.31,59.9,63.41,0,C00466
502918,2025-06-14,1013,Sneakers,Apparel,Latin America,Website,2,39.27,0.15,66.76,39.96,26.8,0,C01721
502919,2025-06-13,1005,Air Fryer,Home & Kitchen,North America,Marketplace,1,16.13,0.1,14.52,6.54,7.98,0,C01195
502920,2024-08-17,1017,Moisturizer,Beauty,North America,Website,2,177.23,0.0,354.46,154.84,199.62,0,C00139
502921,2025-03-06,1021,Dumbbells,Sports,Middle East,Website,1,18.19,0.0,18.19,7.58,10.61,0,C00922
502922,2024-01-06,1015,Face Serum,Beauty,Latin America,Website,1,80.28,0.0,80.28,50.57,29.71,0,C00429
502923,2024-03-24,1017,Moisturizer,Beauty,Middle East,Mobile App,1,177.23,0.0,177.23,77.42,99.81,0,C01339
502924,2024-08-19,1015,Face Serum,Beauty,Latin America,Marketplace,1,80.28,0.2,64.22,50.57,13.65,0,C00511
502925,2024-09-12,1006,Coffee Maker,Home & Kitchen,Europe,Website,1,110.15,0.0,110.15,67.43,42.72,0,C01198
502926,2024-11-14,1017,Moisturizer,Beauty,North America,Mobile App,1,177.23,0.0,177.23,77.42,99.81,0,C01416
502927,2024-04-09,1005,Air Fryer,Home & Kitchen,North America,Website,1,16.13,0.0,16.13,6.54,9.59,0,C01791
502928,2024-01-25,1007,Blender,Home & Kitchen,Middle East,Mobile App,1,29.86,0.0,29.86,18.64,11.22,1,C00709
502929,2024-12-08,1020,Yoga Mat,Sports,Asia Pacific,Website,3,27.52,0.0,82.56,42.45,40.11,1,C01294
502930,2025-04-29,1008,Cookware Set,Home & Kitchen,Europe,Marketplace,1,55.01,0.1,49.51,27.82,21.69,0,C00209
502931,2024-02-25,1021,Dumbbells,Sports,Asia Pacific,Mobile App,1,18.19,0.0,18.19,7.58,10.61,0,C00888
502932,2024-08-30,1011,Jeans,Apparel,North America,Mobile App,1,48.52,0.1,43.67,26.91,16.76,0,C00850
502933,2025-09-26,1002,Bluetooth Speaker,Electronics,Latin America,Mobile App,1,26.25,0.1,23.62,16.7,6.92,0,C01502
502934,2025-10-02,1016,Shampoo,Beauty,Latin America,Mobile App,1,24.14,0.0,24.14,9.88,14.26,0,C00234
502935,2024-03-28,1024,Resistance Bands,Sports,North America,Marketplace,2,73.75,0.1,132.75,92.0,40.75,0,C01279
502936,2025-01-21,1005,Air Fryer,Home & Kitchen,Asia Pacific,Marketplace,1,16.13,0.15,13.71,6.54,7.17,0,C01361
502937,2025-12-11,1022,Running Shoes,Sports,North America,Mobile App,2,51.96,0.0,103.92,48.82,55.1,0,C00755
502938,2024-03-04,1021,Dumbbells,Sports,Latin America,Website,1,18.19,0.05,17.28,7.58,9.7,0,C00127
502939,2025-09-17,1012,Jacket,Apparel,Latin America,Website,1,88.76,0.0,88.76,39.21,49.55,0,C01043
502940,2025-11-24,1010,T-Shirt,Apparel,North America,Mobile App,1,79.05,0.0,79.05,50.89,28.16,0,C00440
502941,2024-10-28,1022,Running Shoes,Sports,Latin America,Website,1,51.96,0.0,51.96,24.41,27.55,0,C00512
502942,2025-09-24,1012,Jacket,Apparel,Latin America,Website,2,88.76,0.1,159.77,78.42,81.35,0,C00866
502943,2025-09-05,1021,Dumbbells,Sports,Middle East,Website,2,18.19,0.0,36.38,15.16,21.22,0,C00260
502944,2025-01-28,1023,Water Bottle,Sports,Latin America,Mobile App,3,55.97,0.0,167.91,85.14,82.77,0,C01466
502945,2025-09-27,1022,Running Shoes,Sports,Middle East,Website,1,51.96,0.15,44.17,24.41,19.76,1,C01615
502946,2025-10-28,1013,Sneakers,Apparel,North America,Website,2,39.27,0.0,78.54,39.96,38.58,0,C00538
502947,2024-12-02,1019,Sunscreen,Beauty,Middle East,Website,1,106.12,0.0,106.12,56.32,49.8,0,C00961
502948,2024-04-15,1020,Yoga Mat,Sports,North America,Mobile App,2,27.52,0.0,55.04,28.3,26.74,0,C00582
502949,2024-03-10,1020,Yoga Mat,Sports,Middle East,Mobile App,2,27.52,0.0,55.04,28.3,26.74,0,C01746
502950,2024-07-17,1013,Sneakers,Apparel,Middle East,Website,1,39.27,0.0,39.27,19.98,19.29,0,C01790
502951,2025-06-05,1009,Vacuum Cleaner,Home & Kitchen,Asia Pacific,Website,1,64.34,0.2,51.47,37.4,14.07,0,C01245
502952,2025-05-07,1012,Jacket,Apparel,Middle East,Website,1,88.76,0.15,75.45,39.21,36.24,0,C00407
502953,2024-09-05,1016,Shampoo,Beauty,Europe,Mobile App,1,24.14,0.0,24.14,9.88,14.26,1,C00644
502954,2024-03-02,1000,Wireless Earbuds,Electronics,Europe,Website,1,80.93,0.0,80.93,33.09,47.84,0,C01325
502955,2025-03-22,1020,Yoga Mat,Sports,Middle East,Marketplace,1,27.52,0.0,27.52,14.15,13.37,0,C00974
502956,2025-01-01,1014,Hoodie,Apparel,Asia Pacific,Mobile App,1,71.73,0.1,64.56,49.43,15.13,0,C00614
502957,2025-07-08,1020,Yoga Mat,Sports,Europe,Website,2,27.52,0.05,52.29,28.3,23.99,0,C01196
502958,2024-11-12,1008,Cookware Set,Home & Kitchen,Middle East,Website,1,55.01,0.0,55.01,27.82,27.19,0,C00354
502959,2025-01-12,1010,T-Shirt,Apparel,North America,Mobile App,1,79.05,0.0,79.05,50.89,28.16,0,C00468
502960,2025-11-04,1002,Bluetooth Speaker,Electronics,Europe,Website,1,26.25,0.1,23.62,16.7,6.92,0,C01453
502961,2025-06-03,1003,Laptop Stand,Electronics,Middle East,Marketplace,1,22.02,0.0,22.02,9.36,12.66,0,C00805
502962,2025-03-08,1017,Moisturizer,Beauty,Asia Pacific,Website,1,177.23,0.0,177.23,77.42,99.81,1,C00526
502963,2024-07-24,1012,Jacket,Apparel,Europe,Mobile App,1,88.76,0.0,88.76,39.21,49.55,0,C00094
502964,2024-12-15,1023,Water Bottle,Sports,Europe,Mobile App,2,55.97,0.0,111.94,56.76,55.18,0,C00539
502965,2025-12-12,1013,Sneakers,Apparel,Latin America,Mobile App,1,39.27,0.0,39.27,19.98,19.29,0,C01508
502966,2024-12-05,1007,Blender,Home & Kitchen,Middle East,Mobile App,1,29.86,0.0,29.86,18.64,11.22,0,C00975
502967,2024-12-09,1000,Wireless Earbuds,Electronics,Middle East,Website,2,80.93,0.2,129.49,66.18,63.31,0,C00416
502968,2024-12-02,1015,Face Serum,Beauty,Europe,Website,2,80.28,0.0,160.56,101.14,59.42,0,C00829
502969,2024-02-13,1022,Running Shoes,Sports,Latin America,Website,1,51.96,0.0,51.96,24.41,27.55,0,C00939
502970,2024-01-04,1013,Sneakers,Apparel,Europe,Mobile App,1,39.27,0.0,39.27,19.98,19.29,0,C00503
502971,2025-04-22,1021,Dumbbells,Sports,Middle East,Website,2,18.19,0.1,32.74,15.16,17.58,0,C00549
502972,2025-05-07,1012,Jacket,Apparel,Asia Pacific,Mobile App,3,88.76,0.0,266.28,117.63,148.65,0,C01705
502973,2025-01-19,1022,Running Shoes,Sports,Europe,Website,1,51.96,0.0,51.96,24.41,27.55,0,C01082
502974,2024-01-07,1015,Face Serum,Beauty,Asia Pacific,Website,1,80.28,0.0,80.28,50.57,29.71,1,C01579
502975,2025-01-01,1008,Cookware Set,Home & Kitchen,North America,Mobile App,1,55.01,0.0,55.01,27.82,27.19,0,C01218
502976,2024-05-25,1015,Face Serum,Beauty,Asia Pacific,Website,1,80.28,0.0,80.28,50.57,29.71,0,C00105
502977,2025-10-08,1023,Water Bottle,Sports,Middle East,Marketplace,1,55.97,0.0,55.97,28.38,27.59,0,C00446
502978,2025-01-03,1008,Cookware Set,Home & Kitchen,North America,Marketplace,2,55.01,0.0,110.02,55.64,54.38,0,C00599
502979,2024-07-22,1013,Sneakers,Apparel,Europe,Website,1,39.27,0.0,39.27,19.98,19.29,0,C00719
502980,2024-08-12,1010,T-Shirt,Apparel,Asia Pacific,Mobile App,1,79.05,0.0,79.05,50.89,28.16,0,C00828
502981,2024-12-13,1015,Face Serum,Beauty,Middle East,Website,1,80.28,0.0,80.28,50.57,29.71,0,C00239
502982,2024-07-19,1017,Moisturizer,Beauty,North America,Website,2,177.23,0.0,354.46,154.84,199.62,0,C00291
502983,2024-09-25,1022,Running Shoes,Sports,North America,Website,2,51.96,0.0,103.92,48.82,55.1,0,C01351
502984,2025-11-24,1003,Laptop Stand,Electronics,Europe,Website,2,22.02,0.0,44.04,18.72,25.32,0,C00126
502985,2024-04-23,1005,Air Fryer,Home & Kitchen,Asia Pacific,Marketplace,1,16.13,0.0,16.13,6.54,9.59,0,C01464
502986,2024-11-08,1012,Jacket,Apparel,Latin America,Website,1,88.76,0.2,71.01,39.21,31.8,0,C01421
502987,2025-01-16,1024,Resistance Bands,Sports,Europe,Marketplace,2,73.75,0.0,147.5,92.0,55.5,0,C00832
502988,2025-09-30,1018,Lipstick,Beauty,Latin America,Marketplace,1,41.98,0.0,41.98,27.85,14.13,0,C00272
502989,2024-03-07,1008,Cookware Set,Home & Kitchen,North America,Website,1,55.01,0.2,44.01,27.82,16.19,0,C01434
502990,2024-05-13,1001,Smart Watch,Electronics,Europe,Website,1,123.31,0.0,123.31,59.9,63.41,0,C01118
502991,2025-01-22,1015,Face Serum,Beauty,Asia Pacific,Website,2,80.28,0.0,160.56,101.14,59.42,1,C00852
502992,2025-03-15,1009,Vacuum Cleaner,Home & Kitchen,Europe,Marketplace,1,64.34,0.1,57.91,37.4,20.51,0,C00705
502993,2025-09-22,1011,Jeans,Apparel,Middle East,Website,1,48.52,0.1,43.67,26.91,16.76,0,C00114
502994,2025-07-02,1018,Lipstick,Beauty,Asia Pacific,Mobile App,1,41.98,0.05,39.88,27.85,12.03,0,C01232
502995,2024-12-01,1022,Running Shoes,Sports,Europe,Website,4,51.96,0.05,197.45,97.64,99.81,0,C01143
502996,2024-10-13,1023,Water Bottle,Sports,Europe,Marketplace,1,55.97,0.0,55.97,28.38,27.59,0,C01381
502997,2025-08-21,1001,Smart Watch,Electronics,Latin America,Website,1,123.31,0.0,123.31,59.9,63.41,0,C01439
502998,2024-03-24,1002,Bluetooth Speaker,Electronics,Latin America,Mobile App,1,26.25,0.15,22.31,16.7,5.61,0,C01338
502999,2025-09-21,1021,Dumbbells,Sports,North America,Website,3,18.19,0.05,51.84,22.74,29.1,0,C01635
503000,2025-02-01,1005,Air Fryer,Home & Kitchen,Middle East,Website,1,16.13,0.05,15.32,6.54,8.78,0,C00123
503001,2025-06-15,1000,Wireless Earbuds,Electronics,Latin America,Website,3,80.93,0.0,242.79,99.27,143.52,1,C00291
503002,2025-12-30,1014,Hoodie,Apparel,Asia Pacific,Mobile App,1,71.73,0.1,64.56,49.43,15.13,0,C00945
503003,2025-05-09,1009,Vacuum Cleaner,Home & Kitchen,Latin America,Website,1,64.34,0.0,64.34,37.4,26.94,0,C00997
503004,2025-08-18,1001,Smart Watch,Electronics,Latin America,Mobile App,1,123.31,0.0,123.31,59.9,63.41,0,C01258
503005,2025-08-20,1007,Blender,Home & Kitchen,North America,Website,1,29.86,0.0,29.86,18.64,11.22,0,C01676
503006,2024-07-26,1013,Sneakers,Apparel,Latin America,Marketplace,1,39.27,0.0,39.27,19.98,19.29,0,C01334
503007,2025-02-09,1006,Coffee Maker,Home & Kitchen,Europe,Website,1,110.15,0.2,88.12,67.43,20.69,0,C01677
503008,2025-01-21,1016,Shampoo,Beauty,Middle East,Website,1,24.14,0.0,24.14,9.88,14.26,0,C01720
503009,2025-01-18,1015,Face Serum,Beauty,Asia Pacific,Mobile App,1,80.28,0.0,80.28,50.57,29.71,0,C00723
503010,2024-05-17,1018,Lipstick,Beauty,North America,Website,1,41.98,0.0,41.98,27.85,14.13,0,C01260
503011,2025-06-15,1012,Jacket,Apparel,Asia Pacific,Website,1,88.76,0.0,88.76,39.21,49.55,1,C00429
503012,2024-02-12,1012,Jacket,Apparel,Latin America,Mobile App,2,88.76,0.1,159.77,78.42,81.35,0,C01301
503013,2024-12-10,1012,Jacket,Apparel,Latin America,Website,1,88.76,0.0,88.76,39.21,49.55,1,C00071
503014,2025-03-18,1018,Lipstick,Beauty,Latin America,Website,1,41.98,0.0,41.98,27.85,14.13,0,C00948
503015,2025-05-24,1021,Dumbbells,Sports,Asia Pacific,Website,2,18.19,0.05,34.56,15.16,19.4,0,C01565
503016,2024-01-26,1019,Sunscreen,Beauty,Europe,Website,1,106.12,0.0,106.12,56.32,49.8,0,C00128
503017,2024-09-28,1023,Water Bottle,Sports,North America,Website,1,55.97,0.0,55.97,28.38,27.59,0,C00127
503018,2024-03-25,1011,Jeans,Apparel,Asia Pacific,Mobile App,1,48.52,0.1,43.67,26.91,16.76,0,C01388
503019,2025-06-09,1008,Cookware Set,Home & Kitchen,Middle East,Mobile App,2,55.01,0.0,110.02,55.64,54.38,0,C00136
503020,2024-10-10,1016,Shampoo,Beauty,Europe,Website,1,24.14,0.05,22.93,9.88,13.05,0,C00365
503021,2024-03-14,1003,Laptop Stand,Electronics,Asia Pacific,Website,2,22.02,0.05,41.84,18.72,23.12,0,C01118
503022,2024-07-24,1011,Jeans,Apparel,Asia Pacific,Website,1,48.52,0.0,48.52,26.91,21.61,0,C01170
503023,2024-12-03,1003,Laptop Stand,Electronics,Asia Pacific,Website,1,22.02,0.0,22.02,9.36,12.66,0,C01052
503024,2025-11-30,1012,Jacket,Apparel,Asia Pacific,Website,1,88.76,0.0,88.76,39.21,49.55,0,C01189
503025,2025-09-10,1000,Wireless Earbuds,Electronics,Europe,Marketplace,2,80.93,0.0,161.86,66.18,95.68,0,C00308
503026,2025-07-10,1000,Wireless Earbuds,Electronics,Asia Pacific,Website,1,80.93,0.05,76.88,33.09,43.79,0,C01145
503027,2024-11-02,1004,USB-C Hub,Electronics,Asia Pacific,Mobile App,1,109.12,0.0,109.12,50.08,59.04,0,C00753
503028,2025-02-17,1009,Vacuum Cleaner,Home & Kitchen,Latin America,Mobile App,1,64.34,0.05,61.12,37.4,23.72,0,C01470
503029,2025-11-02,1004,USB-C Hub,Electronics,North America,Website,1,109.12,0.0,109.12,50.08,59.04,0,C00278
503030,2025-06-08,1010,T-Shirt,Apparel,Europe,Marketplace,1,79.05,0.0,79.05,50.89,28.16,0,C00377
503031,2024-08-21,1012,Jacket,Apparel,Europe,Mobile App,1,88.76,0.0,88.76,39.21,49.55,0,C01437
503032,2024-08-02,1000,Wireless Earbuds,Electronics,Latin America,Website,1,80.93,0.0,80.93,33.09,47.84,0,C01782
503033,2025-08-24,1007,Blender,Home & Kitchen,Middle East,Mobile App,1,29.86,0.0,29.86,18.64,11.22,0,C01331
503034,2025-04-17,1011,Jeans,Apparel,Asia Pacific,Mobile App,1,48.52,0.0,48.52,26.91,21.61,0,C01201
503035,2024-11-16,1005,Air Fryer,Home & Kitchen,Europe,Website,1,16.13,0.05,15.32,6.54,8.78,0,C00085
503036,2025-12-15,1002,Bluetooth Speaker,Electronics,Latin America,Website,1,26.25,0.15,22.31,16.7,5.61,0,C00780
503037,2025-04-05,1014,Hoodie,Apparel,Middle East,Website,1,71.73,0.0,71.73,49.43,22.3,0,C00464
503038,2024-05-22,1015,Face Serum,Beauty,Middle East,Marketplace,1,80.28,0.0,80.28,50.57,29.71,0,C01109
503039,2024-11-08,1015,Face Serum,Beauty,North America,Website,1,80.28,0.1,72.25,50.57,21.68,1,C00437
503040,2025-11-05,1018,Lipstick,Beauty,Asia Pacific,Website,2,41.98,0.0,83.96,55.7,28.26,1,C00904
503041,2025-03-05,1009,Vacuum Cleaner,Home & Kitchen,Latin America,Mobile App,3,64.34,0.0,193.02,112.2,80.82,0,C01777
503042,2025-02-17,1013,Sneakers,Apparel,Middle East,Website,1,39.27,0.0,39.27,19.98,19.29,0,C00992
503043,2025-08-24,1019,Sunscreen,Beauty,North America,Mobile App,1,106.12,0.0,106.12,56.32,49.8,0,C00942
503044,2024-02-02,1021,Dumbbells,Sports,Europe,Website,2,18.19,0.0,36.38,15.16,21.22,0,C00233
503045,2024-12-04,1004,USB-C Hub,Electronics,Middle East,Mobile App,1,109.12,0.0,109.12,50.08,59.04,0,C00154
503046,2025-09-09,1014,Hoodie,Apparel,Middle East,Mobile App,1,71.73,0.0,71.73,49.43,22.3,0,C00740
503047,2025-02-04,1005,Air Fryer,Home & Kitchen,Latin America,Website,1,16.13,0.0,16.13,6.54,9.59,0,C01516
503048,2025-02-04,1016,Shampoo,Beauty,North America,Mobile App,1,24.14,0.05,22.93,9.88,13.05,1,C00550
503049,2024-07-11,1024,Resistance Bands,Sports,Latin America,Website,1,73.75,0.0,73.75,46.0,27.75,0,C00732
503050,2025-08-06,1005,Air Fryer,Home & Kitchen,Latin America,Mobile App,1,16.13,0.0,16.13,6.54,9.59,1,C00405
503051,2024-11-07,1003,Laptop Stand,Electronics,North America,Website,2,22.02,0.0,44.04,18.72,25.32,0,C00634
503052,2025-11-22,1012,Jacket,Apparel,Middle East,Website,1,88.76,0.0,88.76,39.21,49.55,0,C00515
503053,2025-12-06,1014,Hoodie,Apparel,Middle East,Website,1,71.73,0.0,71.73,49.43,22.3,0,C01270
503054,2024-07-10,1015,Face Serum,Beauty,Europe,Website,2,80.28,0.0,160.56,101.14,59.42,0,C00305
503055,2025-01-30,1016,Shampoo,Beauty,Asia Pacific,Website,1,24.14,0.0,24.14,9.88,14.26,0,C00809
503056,2024-10-25,1020,Yoga Mat,Sports,Middle East,Website,1,27.52,0.0,27.52,14.15,13.37,0,C00143
503057,2024-02-28,1010,T-Shirt,Apparel,Asia Pacific,Mobile App,1,79.05,0.0,79.05,50.89,28.16,0,C01202
503058,2024-06-24,1021,Dumbbells,Sports,Asia Pacific,Marketplace,2,18.19,0.0,36.38,15.16,21.22,0,C00684
503059,2025-02-24,1014,Hoodie,Apparel,Latin America,Website,1,71.73,0.0,71.73,49.43,22.3,0,C00105
503060,2024-04-23,1020,Yoga Mat,Sports,Europe,Mobile App,2,27.52,0.0,55.04,28.3,26.74,0,C00441
503061,2025-05-04,1004,USB-C Hub,Electronics,North America,Website,2,109.12,0.0,218.24,100.16,118.08,0,C00740
503062,2024-07-30,1008,Cookware Set,Home & Kitchen,Europe,Marketplace,1,55.01,0.0,55.01,27.82,27.19,0,C00053
503063,2024-11-13,1013,Sneakers,Apparel,Latin America,Mobile App,1,39.27,0.0,39.27,19.98,19.29,1,C00485
503064,2025-11-11,1015,Face Serum,Beauty,Latin America,Website,2,80.28,0.0,160.56,101.14,59.42,0,C01069
503065,2025-08-11,1006,Coffee Maker,Home & Kitchen,Asia Pacific,Mobile App,1,110.15,0.0,110.15,67.43,42.72,0,C01437
503066,2025-05-29,1022,Running Shoes,Sports,Latin America,Website,2,51.96,0.0,103.92,48.82,55.1,0,C01640
503067,2024-01-08,1015,Face Serum,Beauty,Europe,Website,1,80.28,0.0,80.28,50.57,29.71,0,C00036
503068,2025-02-12,1016,Shampoo,Beauty,Middle East,Mobile App,1,24.14,0.1,21.73,9.88,11.85,0,C01015
503069,2025-06-22,1010,T-Shirt,Apparel,Asia Pacific,Marketplace,1,79.05,0.05,75.1,50.89,24.21,1,C00770
503070,2025-05-17,1016,Shampoo,Beauty,Latin America,Website,1,24.14,0.0,24.14,9.88,14.26,0,C01469
503071,2024-02-10,1014,Hoodie,Apparel,North America,Website,1,71.73,0.0,71.73,49.43,22.3,0,C00959
503072,2025-04-12,1021,Dumbbells,Sports,Asia Pacific,Mobile App,1,18.19,0.0,18.19,7.58,10.61,0,C01782
503073,2025-12-29,1024,Resistance Bands,Sports,Asia Pacific,Website,2,73.75,0.1,132.75,92.0,40.75,0,C01580
503074,2024-06-28,1022,Running Shoes,Sports,Latin America,Website,1,51.96,0.0,51.96,24.41,27.55,0,C01498
503075,2025-09-24,1012,Jacket,Apparel,Latin America,Website,1,88.76,0.0,88.76,39.21,49.55,0,C01452
503076,2025-11-05,1001,Smart Watch,Electronics,Europe,Mobile App,2,123.31,0.0,246.62,119.8,126.82,0,C00865
503077,2024-04-07,1020,Yoga Mat,Sports,Latin America,Mobile App,1,27.52,0.05,26.14,14.15,11.99,0,C01376
503078,2024-02-14,1018,Lipstick,Beauty,Europe,Marketplace,1,41.98,0.0,41.98,27.85,14.13,0,C00397
503079,2024-06-10,1016,Shampoo,Beauty,Asia Pacific,Marketplace,2,24.14,0.0,48.28,19.76,28.52,0,C00176
503080,2025-07-04,1006,Coffee Maker,Home & Kitchen,Asia Pacific,Mobile App,1,110.15,0.0,110.15,67.43,42.72,0,C01053
503081,2024-03-09,1014,Hoodie,Apparel,Europe,Marketplace,1,71.73,0.0,71.73,49.43,22.3,0,C00974
503082,2025-02-25,1010,T-Shirt,Apparel,Middle East,Website,1,79.05,0.05,75.1,50.89,24.21,0,C00137
503083,2025-01-12,1018,Lipstick,Beauty,North America,Mobile App,1,41.98,0.05,39.88,27.85,12.03,0,C01151
503084,2025-05-31,1017,Moisturizer,Beauty,Asia Pacific,Website,2,177.23,0.0,354.46,154.84,199.62,0,C01558
503085,2024-06-17,1007,Blender,Home & Kitchen,Asia Pacific,Website,3,29.86,0.0,89.58,55.92,33.66,0,C00749
503086,2024-02-15,1003,Laptop Stand,Electronics,Latin America,Website,3,22.02,0.0,66.06,28.08,37.98,0,C00355
503087,2025-10-16,1008,Cookware Set,Home & Kitchen,Latin America,Website,1,55.01,0.0,55.01,27.82,27.19,0,C00957
503088,2025-02-12,1011,Jeans,Apparel,Europe,Website,1,48.52,0.0,48.52,26.91,21.61,0,C01501
503089,2024-01-11,1006,Coffee Maker,Home & Kitchen,Asia Pacific,Website,2,110.15,0.0,220.3,134.86,85.44,1,C01222
503090,2024-05-19,1010,T-Shirt,Apparel,Asia Pacific,Mobile App,1,79.05,0.0,79.05,50.89,28.16,0,C00522
503091,2025-04-20,1004,USB-C Hub,Electronics,Latin America,Website,1,109.12,0.15,92.75,50.08,42.67,0,C01420
503092,2024-03-25,1006,Coffee Maker,Home & Kitchen,Middle East,Mobile App,1,110.15,0.0,110.15,67.43,42.72,0,C00321
503093,2025-03-24,1005,Air Fryer,Home & Kitchen,Europe,Website,2,16.13,0.0,32.26,13.08,19.18,0,C00283
503094,2024-10-12,1008,Cookware Set,Home & Kitchen,Europe,Website,1,55.01,0.1,49.51,27.82,21.69,0,C01060
503095,2024-01-19,1002,Bluetooth Speaker,Electronics,Middle East,Website,2,26.25,0.0,52.5,33.4,19.1,0,C01289
503096,2024-10-28,1020,Yoga Mat,Sports,North America,Mobile App,2,27.52,0.1,49.54,28.3,21.24,0,C01312
503097,2025-02-04,1005,Air Fryer,Home & Kitchen,Europe,Website,2,16.13,0.0,32.26,13.08,19.18,0,C01637
503098,2024-01-12,1015,Face Serum,Beauty,Asia Pacific,Website,2,80.28,0.05,152.53,101.14,51.39,0,C01341
503099,2025-01-01,1024,Resistance Bands,Sports,Europe,Website,1,73.75,0.15,62.69,46.0,16.69,0,C01796
503100,2024-02-05,1000,Wireless Earbuds,Electronics,Middle East,Website,1,80.93,0.0,80.93,33.09,47.84,1,C00338
503101,2025-12-14,1004,USB-C Hub,Electronics,North America,Mobile App,2,109.12,0.1,196.42,100.16,96.26,0,C00976
503102,2025-06-19,1007,Blender,Home & Kitchen,North America,Website,1,29.86,0.0,29.86,18.64,11.22,0,C00579
503103,2024-11-11,1015,Face Serum,Beauty,Latin America,Website,1,80.28,0.05,76.27,50.57,25.7,1,C01247
503104,2024-01-05,1008,Cookware Set,Home & Kitchen,North America,Mobile App,2,55.01,0.0,110.02,55.64,54.38,0,C00589
503105,2024-07-25,1002,Bluetooth Speaker,Electronics,Europe,Website,1,26.25,0.15,22.31,16.7,5.61,0,C01657
503106,2024-09-01,1005,Air Fryer,Home & Kitchen,Europe,Website,2,16.13,0.0,32.26,13.08,19.18,0,C01422
503107,2025-03-07,1010,T-Shirt,Apparel,North America,Marketplace,1,79.05,0.0,79.05,50.89,28.16,0,C00394
503108,2024-12-11,1008,Cookware Set,Home & Kitchen,Europe,Mobile App,1,55.01,0.0,55.01,27.82,27.19,0,C01527
503109,2024-03-05,1007,Blender,Home & Kitchen,Europe,Marketplace,2,29.86,0.0,59.72,37.28,22.44,0,C00592
503110,2024-04-08,1003,Laptop Stand,Electronics,Europe,Mobile App,2,22.02,0.2,35.23,18.72,16.51,0,C00691
503111,2024-02-15,1004,USB-C Hub,Electronics,Latin America,Mobile App,1,109.12,0.0,109.12,50.08,59.04,1,C01180
503112,2024-11-30,1001,Smart Watch,Electronics,Asia Pacific,Mobile App,3,123.31,0.0,369.93,179.7,190.23,0,C01417
503113,2024-07-13,1005,Air Fryer,Home & Kitchen,Middle East,Website,1,16.13,0.05,15.32,6.54,8.78,0,C00376
503114,2025-07-08,1024,Resistance Bands,Sports,Latin America,Marketplace,3,73.75,0.1,199.12,138.0,61.12,0,C01083
503115,2024-05-03,1024,Resistance Bands,Sports,Europe,Website,1,73.75,0.05,70.06,46.0,24.06,0,C01442
503116,2024-12-31,1017,Moisturizer,Beauty,Asia Pacific,Website,2,177.23,0.0,354.46,154.84,199.62,0,C01607
503117,2025-02-15,1003,Laptop Stand,Electronics,Asia Pacific,Website,3,22.02,0.0,66.06,28.08,37.98,0,C00672
503118,2024-08-05,1022,Running Shoes,Sports,Latin America,Website,2,51.96,0.0,103.92,48.82,55.1,0,C01254
503119,2025-11-04,1022,Running Shoes,Sports,Asia Pacific,Mobile App,1,51.96,0.1,46.76,24.41,22.35,0,C00639
503120,2025-01-12,1011,Jeans,Apparel,North America,Website,1,48.52,0.05,46.09,26.91,19.18,0,C00552
503121,2024-08-11,1004,USB-C Hub,Electronics,Latin America,Website,2,109.12,0.1,196.42,100.16,96.26,0,C01380
503122,2025-09-05,1021,Dumbbells,Sports,Latin America,Marketplace,1,18.19,0.15,15.46,7.58,7.88,0,C00153
503123,2024-04-14,1001,Smart Watch,Electronics,Middle East,Mobile App,1,123.31,0.0,123.31,59.9,63.41,0,C01009
503124,2025-08-05,1022,Running Shoes,Sports,Europe,Website,1,51.96,0.0,51.96,24.41,27.55,0,C01517
503125,2024-04-07,1016,Shampoo,Beauty,Middle East,Website,1,24.14,0.1,21.73,9.88,11.85,0,C01383
503126,2025-10-08,1015,Face Serum,Beauty,Latin America,Mobile App,2,80.28,0.05,152.53,101.14,51.39,0,C00555
503127,2025-12-11,1022,Running Shoes,Sports,Europe,Website,2,51.96,0.0,103.92,48.82,55.1,0,C00332
503128,2025-10-12,1000,Wireless Earbuds,Electronics,Asia Pacific,Marketplace,1,80.93,0.0,80.93,33.09,47.84,0,C01343
503129,2025-11-13,1007,Blender,Home & Kitchen,Latin America,Website,1,29.86,0.0,29.86,18.64,11.22,0,C01344
503130,2024-01-19,1008,Cookware Set,Home & Kitchen,Middle East,Marketplace,1,55.01,0.0,55.01,27.82,27.19,0,C00861
503131,2025-04-04,1007,Blender,Home & Kitchen,Latin America,Mobile App,2,29.86,0.0,59.72,37.28,22.44,0,C00988
503132,2024-08-26,1021,Dumbbells,Sports,Middle East,Mobile App,1,18.19,0.0,18.19,7.58,10.61,0,C01158
503133,2024-01-14,1022,Running Shoes,Sports,Europe,Website,1,51.96,0.0,51.96,24.41,27.55,0,C00369
503134,2024-05-07,1020,Yoga Mat,Sports,Asia Pacific,Website,1,27.52,0.0,27.52,14.15,13.37,0,C00550
503135,2025-03-14,1000,Wireless Earbuds,Electronics,Europe,Mobile App,1,80.93,0.0,80.93,33.09,47.84,0,C01547
503136,2024-03-02,1011,Jeans,Apparel,Europe,Website,1,48.52,0.0,48.52,26.91,21.61,0,C00887
503137,2024-10-30,1016,Shampoo,Beauty,Europe,Website,1,24.14,0.05,22.93,9.88,13.05,0,C00248
503138,2024-07-28,1001,Smart Watch,Electronics,North America,Website,1,123.31,0.0,123.31,59.9,63.41,0,C00981
503139,2025-09-04,1008,Cookware Set,Home & Kitchen,Latin America,Mobile App,1,55.01,0.0,55.01,27.82,27.19,0,C01201
503140,2024-12-02,1008,Cookware Set,Home & Kitchen,Europe,Website,1,55.01,0.0,55.01,27.82,27.19,0,C00175
503141,2025-10-21,1022,Running Shoes,Sports,North America,Mobile App,3,51.96,0.0,155.88,73.23,82.65,0,C01645
503142,2025-02-28,1018,Lipstick,Beauty,Asia Pacific,Mobile App,1,41.98,0.05,39.88,27.85,12.03,0,C00535
503143,2024-08-22,1007,Blender,Home & Kitchen,Asia Pacific,Website,1,29.86,0.05,28.37,18.64,9.73,0,C01119
503144,2024-07-29,1008,Cookware Set,Home & Kitchen,Middle East,Website,1,55.01,0.0,55.01,27.82,27.19,0,C01708
503145,2025-11-11,1017,Moisturizer,Beauty,Europe,Mobile App,3,177.23,0.0,531.69,232.26,299.43,0,C01487
503146,2025-12-13,1023,Water Bottle,Sports,Europe,Mobile App,1,55.97,0.05,53.17,28.38,24.79,0,C01435
503147,2025-01-25,1001,Smart Watch,Electronics,Middle East,Website,1,123.31,0.0,123.31,59.9,63.41,0,C00097
503148,2025-03-28,1024,Resistance Bands,Sports,North America,Website,2,73.75,0.05,140.12,92.0,48.12,0,C00687
503149,2025-05-18,1021,Dumbbells,Sports,North America,Marketplace,2,18.19,0.05,34.56,15.16,19.4,0,C00565
503150,2024-02-23,1008,Cookware Set,Home & Kitchen,Europe,Marketplace,2,55.01,0.0,110.02,55.64,54.38,0,C01054
503151,2024-05-08,1007,Blender,Home & Kitchen,North America,Website,1,29.86,0.0,29.86,18.64,11.22,0,C00204
503152,2025-07-16,1006,Coffee Maker,Home & Kitchen,Europe,Website,1,110.15,0.0,110.15,67.43,42.72,0,C01462
503153,2024-03-21,1014,Hoodie,Apparel,Latin America,Mobile App,1,71.73,0.05,68.14,49.43,18.71,0,C00526
503154,2024-11-14,1022,Running Shoes,Sports,Europe,Mobile App,1,51.96,0.0,51.96,24.41,27.55,0,C01537
503155,2024-09-07,1019,Sunscreen,Beauty,Latin America,Website,1,106.12,0.05,100.81,56.32,44.49,0,C01796
503156,2024-09-11,1024,Resistance Bands,Sports,Asia Pacific,Website,2,73.75,0.05,140.12,92.0,48.12,0,C01030
503157,2025-04-04,1008,Cookware Set,Home & Kitchen,Europe,Website,1,55.01,0.0,55.01,27.82,27.19,0,C00936
503158,2025-05-07,1020,Yoga Mat,Sports,North America,Marketplace,1,27.52,0.0,27.52,14.15,13.37,0,C01129
503159,2025-01-03,1002,Bluetooth Speaker,Electronics,Latin America,Website,2,26.25,0.1,47.25,33.4,13.85,0,C00078
503160,2025-04-27,1022,Running Shoes,Sports,Latin America,Website,2,51.96,0.05,98.72,48.82,49.9,0,C01495
503161,2025-09-16,1017,Moisturizer,Beauty,Latin America,Mobile App,1,177.23,0.15,150.65,77.42,73.23,0,C01364
503162,2025-05-08,1000,Wireless Earbuds,Electronics,North America,Mobile App,1,80.93,0.0,80.93,33.09,47.84,0,C00030
503163,2025-03-13,1001,Smart Watch,Electronics,North America,Mobile App,1,123.31,0.15,104.81,59.9,44.91,0,C00934
503164,2024-11-03,1019,Sunscreen,Beauty,Middle East,Mobile App,1,106.12,0.0,106.12,56.32,49.8,0,C01661
503165,2025-07-20,1022,Running Shoes,Sports,Europe,Website,2,51.96,0.0,103.92,48.82,55.1,0,C00508
503166,2025-04-19,1021,Dumbbells,Sports,Asia Pacific,Website,3,18.19,0.0,54.57,22.74,31.83,0,C01298
503167,2025-01-19,1020,Yoga Mat,Sports,Middle East,Mobile App,1,27.52,0.0,27.52,14.15,13.37,0,C01492
503168,2024-03-14,1008,Cookware Set,Home & Kitchen,Asia Pacific,Website,1,55.01,0.0,55.01,27.82,27.19,0,C01242
503169,2025-04-25,1014,Hoodie,Apparel,Europe,Website,2,71.73,0.15,121.94,98.86,23.08,0,C01722
503170,2024-07-13,1002,Bluetooth Speaker,Electronics,North America,Website,1,26.25,0.15,22.31,16.7,5.61,0,C01025
503171,2025-05-27,1024,Resistance Bands,Sports,Asia Pacific,Website,2,73.75,0.0,147.5,92.0,55.5,0,C00467
503172,2025-03-01,1018,Lipstick,Beauty,Latin America,Marketplace,2,41.98,0.0,83.96,55.7,28.26,0,C01329
503173,2025-01-17,1023,Water Bottle,Sports,Latin America,Website,1,55.97,0.2,44.78,28.38,16.4,1,C00384
503174,2025-10-18,1009,Vacuum Cleaner,Home & Kitchen,Middle East,Website,2,64.34,0.0,128.68,74.8,53.88,0,C00160
503175,2024-02-09,1005,Air Fryer,Home & Kitchen,North America,Website,1,16.13,0.0,16.13,6.54,9.59,0,C00434
503176,2025-08-02,1010,T-Shirt,Apparel,Europe,Website,1,79.05,0.05,75.1,50.89,24.21,0,C00097
503177,2025-03-22,1003,Laptop Stand,Electronics,Asia Pacific,Mobile App,2,22.02,0.0,44.04,18.72,25.32,0,C01426
503178,2024-12-22,1017,Moisturizer,Beauty,Middle East,Mobile App,1,177.23,0.0,177.23,77.42,99.81,0,C01523
503179,2025-10-12,1009,Vacuum Cleaner,Home & Kitchen,Asia Pacific,Mobile App,1,64.34,0.0,64.34,37.4,26.94,0,C01740
503180,2025-10-28,1012,Jacket,Apparel,Latin America,Marketplace,2,88.76,0.0,177.52,78.42,99.1,0,C00577
503181,2024-09-09,1002,Bluetooth Speaker,Electronics,Europe,Website,1,26.25,0.05,24.94,16.7,8.24,0,C00605
503182,2025-01-05,1021,Dumbbells,Sports,North America,Mobile App,1,18.19,0.0,18.19,7.58,10.61,0,C00455
503183,2025-10-22,1005,Air Fryer,Home & Kitchen,Europe,Website,1,16.13,0.0,16.13,6.54,9.59,0,C00258
503184,2025-04-11,1010,T-Shirt,Apparel,Europe,Website,4,79.05,0.05,300.39,203.56,96.83,0,C00415
503185,2025-09-08,1003,Laptop Stand,Electronics,Middle East,Marketplace,1,22.02,0.0,22.02,9.36,12.66,0,C00445
503186,2024-06-14,1024,Resistance Bands,Sports,North America,Website,1,73.75,0.0,73.75,46.0,27.75,0,C01192
503187,2024-04-04,1002,Bluetooth Speaker,Electronics,Latin America,Website,1,26.25,0.0,26.25,16.7,9.55,0,C00657
503188,2025-08-23,1006,Coffee Maker,Home & Kitchen,North America,Mobile App,1,110.15,0.0,110.15,67.43,42.72,0,C00409
503189,2024-07-12,1013,Sneakers,Apparel,Latin America,Website,1,39.27,0.0,39.27,19.98,19.29,0,C01517
503190,2025-03-13,1015,Face Serum,Beauty,Asia Pacific,Mobile App,1,80.28,0.0,80.28,50.57,29.71,0,C01668
503191,2025-05-27,1021,Dumbbells,Sports,Middle East,Mobile App,1,18.19,0.2,14.55,7.58,6.97,0,C00739
503192,2025-01-26,1012,Jacket,Apparel,Middle East,Website,1,88.76,0.0,88.76,39.21,49.55,0,C00919
503193,2025-02-25,1020,Yoga Mat,Sports,North America,Website,1,27.52,0.0,27.52,14.15,13.37,0,C00098
503194,2025-08-09,1023,Water Bottle,Sports,Asia Pacific,Mobile App,1,55.97,0.0,55.97,28.38,27.59,0,C01509
503195,2024-10-02,1000,Wireless Earbuds,Electronics,Europe,Marketplace,1,80.93,0.0,80.93,33.09,47.84,0,C01031
503196,2025-02-11,1008,Cookware Set,Home & Kitchen,Asia Pacific,Website,1,55.01,0.1,49.51,27.82,21.69,0,C01720
503197,2024-06-21,1007,Blender,Home & Kitchen,Latin America,Website,1,29.86,0.0,29.86,18.64,11.22,0,C00563
503198,2024-03-12,1019,Sunscreen,Beauty,Latin America,Mobile App,1,106.12,0.0,106.12,56.32,49.8,0,C00869
503199,2025-11-01,1005,Air Fryer,Home & Kitchen,Asia Pacific,Mobile App,2,16.13,0.0,32.26,13.08,19.18,0,C01242
503200,2024-06-23,1022,Running Shoes,Sports,Europe,Website,1,51.96,0.0,51.96,24.41,27.55,0,C00612
503201,2025-12-21,1023,Water Bottle,Sports,Europe,Website,2,55.97,0.0,111.94,56.76,55.18,0,C00565
503202,2024-07-05,1016,Shampoo,Beauty,Middle East,Marketplace,1,24.14,0.0,24.14,9.88,14.26,0,C00212
503203,2025-04-06,1017,Moisturizer,Beauty,Middle East,Mobile App,1,177.23,0.0,177.23,77.42,99.81,0,C00668
503204,2024-07-09,1023,Water Bottle,Sports,Europe,Website,1,55.97,0.0,55.97,28.38,27.59,0,C01628
503205,2024-07-06,1008,Cookware Set,Home & Kitchen,Europe,Website,2,55.01,0.0,110.02,55.64,54.38,0,C00201
503206,2025-02-22,1022,Running Shoes,Sports,Latin America,Mobile App,1,51.96,0.0,51.96,24.41,27.55,0,C01337
503207,2025-10-01,1014,Hoodie,Apparel,North America,Marketplace,1,71.73,0.0,71.73,49.43,22.3,0,C01725
503208,2024-06-19,1017,Moisturizer,Beauty,North America,Website,2,177.23,0.0,354.46,154.84,199.62,0,C00899
503209,2025-01-21,1002,Bluetooth Speaker,Electronics,North America,Website,1,26.25,0.0,26.25,16.7,9.55,0,C00731
503210,2024-12-16,1005,Air Fryer,Home & Kitchen,North America,Mobile App,1,16.13,0.0,16.13,6.54,9.59,0,C01651
503211,2025-05-04,1007,Blender,Home & Kitchen,Latin America,Mobile App,1,29.86,0.0,29.86,18.64,11.22,0,C00683
503212,2024-04-13,1007,Blender,Home & Kitchen,North America,Website,1,29.86,0.05,28.37,18.64,9.73,0,C00119
503213,2024-01-08,1006,Coffee Maker,Home & Kitchen,Middle East,Mobile App,3,110.15,0.15,280.88,202.29,78.59,0,C00419
503214,2024-02-12,1006,Coffee Maker,Home & Kitchen,North America,Website,2,110.15,0.2,176.24,134.86,41.38,0,C01390
503215,2024-01-08,1007,Blender,Home & Kitchen,Latin America,Mobile App,3,29.86,0.0,89.58,55.92,33.66,0,C01289
503216,2024-09-29,1004,USB-C Hub,Electronics,Latin America,Website,1,109.12,0.0,109.12,50.08,59.04,1,C01669
503217,2024-12-11,1017,Moisturizer,Beauty,Middle East,Website,1,177.23,0.0,177.23,77.42,99.81,0,C00455
503218,2025-01-14,1019,Sunscreen,Beauty,Asia Pacific,Marketplace,1,106.12,0.15,90.2,56.32,33.88,0,C00412
503219,2024-09-02,1008,Cookware Set,Home & Kitchen,Asia Pacific,Mobile App,1,55.01,0.2,44.01,27.82,16.19,0,C01514
503220,2025-01-22,1022,Running Shoes,Sports,Middle East,Website,2,51.96,0.0,103.92,48.82,55.1,0,C00398
503221,2024-12-30,1012,Jacket,Apparel,Asia Pacific,Mobile App,1,88.76,0.0,88.76,39.21,49.55,0,C01022
503222,2024-01-04,1017,Moisturizer,Beauty,Latin America,Marketplace,1,177.23,0.0,177.23,77.42,99.81,0,C01043
503223,2025-02-15,1010,T-Shirt,Apparel,Europe,Website,2,79.05,0.0,158.1,101.78,56.32,0,C01295
503224,2024-05-05,1018,Lipstick,Beauty,Middle East,Website,1,41.98,0.0,41.98,27.85,14.13,0,C00324
503225,2025-12-17,1002,Bluetooth Speaker,Electronics,Europe,Website,3,26.25,0.0,78.75,50.1,28.65,0,C01313
503226,2025-09-25,1008,Cookware Set,Home & Kitchen,Latin America,Mobile App,1,55.01,0.0,55.01,27.82,27.19,1,C01162
503227,2025-11-07,1023,Water Bottle,Sports,Europe,Website,1,55.97,0.0,55.97,28.38,27.59,0,C01330
503228,2025-10-15,1001,Smart Watch,Electronics,Asia Pacific,Website,1,123.31,0.0,123.31,59.9,63.41,0,C00175
503229,2025-01-03,1014,Hoodie,Apparel,North America,Marketplace,2,71.73,0.0,143.46,98.86,44.6,0,C00146
503230,2024-11-29,1007,Blender,Home & Kitchen,Latin America,Website,1,29.86,0.1,26.87,18.64,8.23,0,C01254
503231,2025-05-11,1003,Laptop Stand,Electronics,Latin America,Mobile App,1,22.02,0.1,19.82,9.36,10.46,0,C01754
503232,2024-03-24,1010,T-Shirt,Apparel,Asia Pacific,Website,1,79.05,0.05,75.1,50.89,24.21,0,C00020
503233,2025-05-02,1007,Blender,Home & Kitchen,North America,Mobile App,1,29.86,0.0,29.86,18.64,11.22,0,C00720
503234,2024-10-27,1022,Running Shoes,Sports,Middle East,Website,1,51.96,0.1,46.76,24.41,22.35,0,C01683
503235,2024-05-26,1008,Cookware Set,Home & Kitchen,Middle East,Marketplace,1,55.01,0.0,55.01,27.82,27.19,0,C00537
503236,2025-05-31,1001,Smart Watch,Electronics,North America,Website,1,123.31,0.1,110.98,59.9,51.08,0,C00333
503237,2024-03-30,1007,Blender,Home & Kitchen,Asia Pacific,Mobile App,1,29.86,0.0,29.86,18.64,11.22,0,C01404
503238,2025-07-15,1018,Lipstick,Beauty,Latin America,Website,2,41.98,0.05,79.76,55.7,24.06,0,C00226
503239,2025-04-01,1011,Jeans,Apparel,North America,Website,1,48.52,0.15,41.24,26.91,14.33,0,C01106
503240,2025-07-07,1022,Running Shoes,Sports,Europe,Website,3,51.96,0.0,155.88,73.23,82.65,0,C00435
503241,2024-06-23,1019,Sunscreen,Beauty,North America,Website,2,106.12,0.2,169.79,112.64,57.15,0,C01637
503242,2024-01-30,1018,Lipstick,Beauty,Europe,Marketplace,1,41.98,0.0,41.98,27.85,14.13,0,C00127
503243,2024-11-30,1016,Shampoo,Beauty,Latin America,Mobile App,1,24.14,0.05,22.93,9.88,13.05,0,C01043
503244,2024-08-13,1014,Hoodie,Apparel,Asia Pacific,Mobile App,1,71.73,0.0,71.73,49.43,22.3,1,C01479
503245,2025-11-17,1022,Running Shoes,Sports,North America,Mobile App,1,51.96,0.0,51.96,24.41,27.55,0,C00274
503246,2025-07-01,1022,Running Shoes,Sports,Latin America,Website,1,51.96,0.2,41.57,24.41,17.16,1,C00116
503247,2025-12-09,1003,Laptop Stand,Electronics,Asia Pacific,Marketplace,1,22.02,0.0,22.02,9.36,12.66,0,C00315
503248,2025-08-12,1020,Yoga Mat,Sports,Middle East,Website,1,27.52,0.0,27.52,14.15,13.37,0,C00580
503249,2024-12-17,1023,Water Bottle,Sports,Latin America,Marketplace,1,55.97,0.0,55.97,28.38,27.59,0,C01018
503250,2025-01-25,1009,Vacuum Cleaner,Home & Kitchen,Middle East,Marketplace,1,64.34,0.05,61.12,37.4,23.72,0,C00783
503251,2025-03-23,1010,T-Shirt,Apparel,Europe,Website,2,79.05,0.0,158.1,101.78,56.32,1,C00420
503252,2024-04-28,1016,Shampoo,Beauty,Asia Pacific,Website,1,24.14,0.0,24.14,9.88,14.26,0,C01602
503253,2024-04-01,1014,Hoodie,Apparel,Asia Pacific,Mobile App,1,71.73,0.0,71.73,49.43,22.3,0,C00307
503254,2024-07-11,1005,Air Fryer,Home & Kitchen,North America,Mobile App,1,16.13,0.05,15.32,6.54,8.78,0,C00522
503255,2024-05-10,1020,Yoga Mat,Sports,Asia Pacific,Marketplace,2,27.52,0.0,55.04,28.3,26.74,0,C00769
503256,2025-08-13,1015,Face Serum,Beauty,North America,Website,2,80.28,0.0,160.56,101.14,59.42,0,C00003
503257,2025-08-27,1002,Bluetooth Speaker,Electronics,Middle East,Website,1,26.25,0.0,26.25,16.7,9.55,1,C00378
503258,2025-02-01,1017,Moisturizer,Beauty,Latin America,Website,2,177.23,0.0,354.46,154.84,199.62,0,C00911
503259,2025-01-08,1002,Bluetooth Speaker,Electronics,Europe,Mobile App,1,26.25,0.1,23.62,16.7,6.92,0,C00849
503260,2025-09-08,1013,Sneakers,Apparel,Middle East,Website,1,39.27,0.05,37.31,19.98,17.33,0,C01386
503261,2025-02-08,1005,Air Fryer,Home & Kitchen,North America,Mobile App,1,16.13,0.1,14.52,6.54,7.98,0,C01563
503262,2025-04-16,1000,Wireless Earbuds,Electronics,Asia Pacific,Website,2,80.93,0.0,161.86,66.18,95.68,0,C00774
503263,2024-10-30,1015,Face Serum,Beauty,Europe,Website,2,80.28,0.0,160.56,101.14,59.42,0,C00333
503264,2025-04-11,1008,Cookware Set,Home & Kitchen,Europe,Mobile App,1,55.01,0.0,55.01,27.82,27.19,0,C01553
503265,2024-05-29,1012,Jacket,Apparel,North America,Mobile App,2,88.76,0.0,177.52,78.42,99.1,0,C00244
503266,2024-11-12,1015,Face Serum,Beauty,Middle East,Marketplace,1,80.28,0.0,80.28,50.57,29.71,1,C00243
503267,2024-05-06,1014,Hoodie,Apparel,Asia Pacific,Marketplace,2,71.73,0.0,143.46,98.86,44.6,0,C00549
503268,2025-12-24,1017,Moisturizer,Beauty,Middle East,Website,1,177.23,0.0,177.23,77.42,99.81,0,C00434
503269,2024-08-08,1013,Sneakers,Apparel,Latin America,Website,1,39.27,0.0,39.27,19.98,19.29,0,C00462
503270,2025-01-20,1006,Coffee Maker,Home & Kitchen,North America,Marketplace,2,110.15,0.0,220.3,134.86,85.44,0,C00911
503271,2024-12-07,1004,USB-C Hub,Electronics,Europe,Mobile App,1,109.12,0.0,109.12,50.08,59.04,0,C01599
503272,2024-08-03,1007,Blender,Home & Kitchen,Europe,Mobile App,2,29.86,0.05,56.73,37.28,19.45,0,C01169
503273,2024-02-23,1003,Laptop Stand,Electronics,Europe,Marketplace,2,22.02,0.15,37.43,18.72,18.71,0,C00817
503274,2025-02-05,1002,Bluetooth Speaker,Electronics,Asia Pacific,Marketplace,1,26.25,0.1,23.62,16.7,6.92,0,C01396
503275,2025-11-06,1021,Dumbbells,Sports,Europe,Marketplace,1,18.19,0.05,17.28,7.58,9.7,0,C01475
503276,2025-07-15,1020,Yoga Mat,Sports,Latin America,Website,1,27.52,0.0,27.52,14.15,13.37,0,C01115
503277,2025-11-25,1001,Smart Watch,Electronics,Latin America,Marketplace,1,123.31,0.0,123.31,59.9,63.41,0,C01753
503278,2025-02-04,1024,Resistance Bands,Sports,Latin America,Website,2,73.75,0.0,147.5,92.0,55.5,0,C00532
503279,2024-10-16,1001,Smart Watch,Electronics,Asia Pacific,Mobile App,3,123.31,0.0,369.93,179.7,190.23,0,C01337
503280,2024-07-18,1007,Blender,Home & Kitchen,Middle East,Website,1,29.86,0.0,29.86,18.64,11.22,1,C00809
503281,2024-05-14,1021,Dumbbells,Sports,Asia Pacific,Mobile App,1,18.19,0.0,18.19,7.58,10.61,0,C00864
503282,2025-08-17,1009,Vacuum Cleaner,Home & Kitchen,North America,Mobile App,1,64.34,0.0,64.34,37.4,26.94,0,C00348
503283,2025-12-27,1024,Resistance Bands,Sports,Asia Pacific,Website,1,73.75,0.0,73.75,46.0,27.75,0,C00415
503284,2024-06-16,1014,Hoodie,Apparel,Middle East,Website,2,71.73,0.0,143.46,98.86,44.6,0,C01218
503285,2025-12-13,1007,Blender,Home & Kitchen,Latin America,Website,2,29.86,0.0,59.72,37.28,22.44,0,C00478
503286,2024-05-28,1006,Coffee Maker,Home & Kitchen,Europe,Website,1,110.15,0.0,110.15,67.43,42.72,0,C00776
503287,2024-07-19,1015,Face Serum,Beauty,North America,Website,1,80.28,0.0,80.28,50.57,29.71,0,C01394
503288,2025-08-12,1010,T-Shirt,Apparel,North America,Mobile App,1,79.05,0.0,79.05,50.89,28.16,0,C01771
503289,2024-05-31,1012,Jacket,Apparel,Latin America,Marketplace,2,88.76,0.05,168.64,78.42,90.22,0,C00694
503290,2025-03-13,1014,Hoodie,Apparel,Europe,Marketplace,2,71.73,0.15,121.94,98.86,23.08,0,C00246
503291,2024-04-08,1020,Yoga Mat,Sports,Asia Pacific,Marketplace,1,27.52,0.1,24.77,14.15,10.62,0,C00504
503292,2024-07-02,1000,Wireless Earbuds,Electronics,North America,Website,1,80.93,0.1,72.84,33.09,39.75,0,C01715
503293,2025-06-11,1004,USB-C Hub,Electronics,Asia Pacific,Mobile App,1,109.12,0.0,109.12,50.08,59.04,0,C01687
503294,2024-06-01,1018,Lipstick,Beauty,Latin America,Website,1,41.98,0.15,35.68,27.85,7.83,0,C00418
503295,2024-05-01,1015,Face Serum,Beauty,Europe,Website,1,80.28,0.0,80.28,50.57,29.71,0,C00139
503296,2024-11-05,1005,Air Fryer,Home & Kitchen,Middle East,Marketplace,2,16.13,0.0,32.26,13.08,19.18,0,C01197
503297,2025-10-30,1003,Laptop Stand,Electronics,Latin America,Mobile App,2,22.02,0.0,44.04,18.72,25.32,0,C01149
503298,2025-11-17,1019,Sunscreen,Beauty,North America,Mobile App,2,106.12,0.0,212.24,112.64,99.6,0,C01783
503299,2025-10-27,1021,Dumbbells,Sports,Latin America,Website,4,18.19,0.0,72.76,30.32,42.44,0,C01131
503300,2025-10-30,1001,Smart Watch,Electronics,Latin America,Website,1,123.31,0.05,117.14,59.9,57.24,0,C00745
503301,2024-05-02,1011,Jeans,Apparel,North America,Website,2,48.52,0.15,82.48,53.82,28.66,0,C01087
503302,2025-05-15,1007,Blender,Home & Kitchen,Middle East,Website,1,29.86,0.0,29.86,18.64,11.22,0,C00583
503303,2025-08-23,1023,Water Bottle,Sports,Middle East,Marketplace,1,55.97,0.05,53.17,28.38,24.79,0,C01479
503304,2025-05-06,1021,Dumbbells,Sports,Asia Pacific,Mobile App,3,18.19,0.1,49.11,22.74,26.37,0,C00577
503305,2024-04-06,1023,Water Bottle,Sports,Middle East,Website,2,55.97,0.05,106.34,56.76,49.58,0,C00445
503306,2025-05-10,1006,Coffee Maker,Home & Kitchen,Latin America,Website,1,110.15,0.15,93.63,67.43,26.2,0,C01248
503307,2024-05-08,1020,Yoga Mat,Sports,North America,Website,1,27.52,0.0,27.52,14.15,13.37,0,C00351
503308,2025-07-04,1007,Blender,Home & Kitchen,Europe,Website,1,29.86,0.05,28.37,18.64,9.73,0,C00295
503309,2025-12-18,1016,Shampoo,Beauty,North America,Website,1,24.14,0.0,24.14,9.88,14.26,0,C01256
503310,2025-07-03,1001,Smart Watch,Electronics,Middle East,Website,1,123.31,0.1,110.98,59.9,51.08,0,C00364
503311,2025-06-15,1018,Lipstick,Beauty,Middle East,Mobile App,2,41.98,0.05,79.76,55.7,24.06,0,C00739
503312,2025-10-29,1015,Face Serum,Beauty,North America,Mobile App,2,80.28,0.0,160.56,101.14,59.42,0,C00527
503313,2024-07-31,1018,Lipstick,Beauty,North America,Website,2,41.98,0.0,83.96,55.7,28.26,0,C00820
503314,2025-09-05,1016,Shampoo,Beauty,Europe,Website,2,24.14,0.0,48.28,19.76,28.52,0,C00880
503315,2025-04-02,1009,Vacuum Cleaner,Home & Kitchen,Asia Pacific,Website,1,64.34,0.0,64.34,37.4,26.94,0,C00575
503316,2024-05-11,1016,Shampoo,Beauty,Middle East,Website,1,24.14,0.2,19.31,9.88,9.43,0,C01461
503317,2024-06-14,1019,Sunscreen,Beauty,North America,Mobile App,1,106.12,0.15,90.2,56.32,33.88,0,C01524
503318,2024-02-05,1008,Cookware Set,Home & Kitchen,North America,Marketplace,1,55.01,0.05,52.26,27.82,24.44,0,C01536
503319,2025-06-02,1019,Sunscreen,Beauty,Asia Pacific,Website,1,106.12,0.0,106.12,56.32,49.8,0,C00569
503320,2025-07-11,1022,Running Shoes,Sports,Europe,Website,1,51.96,0.0,51.96,24.41,27.55,0,C00546
503321,2025-11-04,1015,Face Serum,Beauty,North America,Website,1,80.28,0.0,80.28,50.57,29.71,0,C00217
503322,2024-02-17,1003,Laptop Stand,Electronics,Middle East,Marketplace,1,22.02,0.0,22.02,9.36,12.66,0,C01022
503323,2024-10-27,1017,Moisturizer,Beauty,Middle East,Website,1,177.23,0.0,177.23,77.42,99.81,0,C00777
503324,2025-08-13,1008,Cookware Set,Home & Kitchen,Latin America,Mobile App,1,55.01,0.0,55.01,27.82,27.19,0,C01460
503325,2025-06-19,1004,USB-C Hub,Electronics,Asia Pacific,Mobile App,1,109.12,0.0,109.12,50.08,59.04,0,C00530
503326,2025-06-06,1006,Coffee Maker,Home & Kitchen,Europe,Mobile App,1,110.15,0.0,110.15,67.43,42.72,0,C00955
503327,2025-11-09,1005,Air Fryer,Home & Kitchen,North America,Website,1,16.13,0.05,15.32,6.54,8.78,0,C01165
503328,2024-07-11,1002,Bluetooth Speaker,Electronics,Europe,Website,1,26.25,0.0,26.25,16.7,9.55,0,C01443
503329,2024-08-08,1002,Bluetooth Speaker,Electronics,Europe,Mobile App,1,26.25,0.15,22.31,16.7,5.61,0,C00249
503330,2024-08-09,1019,Sunscreen,Beauty,Middle East,Website,1,106.12,0.1,95.51,56.32,39.19,0,C00785
503331,2024-05-11,1024,Resistance Bands,Sports,Middle East,Website,1,73.75,0.0,73.75,46.0,27.75,0,C00689
503332,2025-07-17,1007,Blender,Home & Kitchen,Asia Pacific,Website,1,29.86,0.05,28.37,18.64,9.73,0,C00839
503333,2025-10-27,1003,Laptop Stand,Electronics,Europe,Website,2,22.02,0.0,44.04,18.72,25.32,0,C00527
503334,2024-03-26,1013,Sneakers,Apparel,Asia Pacific,Mobile App,1,39.27,0.0,39.27,19.98,19.29,0,C00835
503335,2025-12-12,1021,Dumbbells,Sports,Europe,Mobile App,1,18.19,0.0,18.19,7.58,10.61,0,C00769
503336,2024-03-13,1018,Lipstick,Beauty,Asia Pacific,Marketplace,1,41.98,0.1,37.78,27.85,9.93,0,C00592
503337,2025-12-14,1018,Lipstick,Beauty,Europe,Mobile App,1,41.98,0.05,39.88,27.85,12.03,0,C01116
503338,2025-07-31,1014,Hoodie,Apparel,Middle East,Mobile App,1,71.73,0.15,60.97,49.43,11.54,0,C00417
503339,2025-03-05,1001,Smart Watch,Electronics,Europe,Website,1,123.31,0.0,123.31,59.9,63.41,0,C01506
503340,2025-03-20,1003,Laptop Stand,Electronics,Latin America,Website,2,22.02,0.1,39.64,18.72,20.92,0,C00694
503341,2025-09-10,1024,Resistance Bands,Sports,Europe,Website,1,73.75,0.05,70.06,46.0,24.06,0,C00786
503342,2024-05-07,1000,Wireless Earbuds,Electronics,Middle East,Website,1,80.93,0.0,80.93,33.09,47.84,0,C00453
503343,2025-07-15,1012,Jacket,Apparel,Latin America,Website,2,88.76,0.0,177.52,78.42,99.1,0,C01719
503344,2025-10-17,1001,Smart Watch,Electronics,North America,Website,1,123.31,0.0,123.31,59.9,63.41,0,C00309
503345,2024-12-07,1001,Smart Watch,Electronics,Asia Pacific,Website,3,123.31,0.05,351.43,179.7,171.73,0,C01015
503346,2024-08-19,1021,Dumbbells,Sports,Asia Pacific,Website,1,18.19,0.05,17.28,7.58,9.7,0,C01561
503347,2025-01-21,1018,Lipstick,Beauty,Europe,Website,1,41.98,0.0,41.98,27.85,14.13,0,C00198
503348,2024-04-17,1009,Vacuum Cleaner,Home & Kitchen,North America,Website,1,64.34,0.05,61.12,37.4,23.72,0,C01628
503349,2024-11-09,1001,Smart Watch,Electronics,Middle East,Mobile App,1,123.31,0.0,123.31,59.9,63.41,0,C01627
503350,2025-05-16,1001,Smart Watch,Electronics,North America,Mobile App,1,123.31,0.0,123.31,59.9,63.41,0,C00886
503351,2025-12-18,1020,Yoga Mat,Sports,Middle East,Marketplace,1,27.52,0.0,27.52,14.15,13.37,1,C01241
503352,2025-07-18,1002,Bluetooth Speaker,Electronics,Asia Pacific,Mobile App,1,26.25,0.0,26.25,16.7,9.55,0,C00930
503353,2024-02-19,1015,Face Serum,Beauty,Europe,Website,1,80.28,0.0,80.28,50.57,29.71,0,C01051
503354,2025-02-02,1014,Hoodie,Apparel,Europe,Website,1,71.73,0.0,71.73,49.43,22.3,0,C01545
503355,2025-11-25,1014,Hoodie,Apparel,Middle East,Mobile App,2,71.73,0.0,143.46,98.86,44.6,0,C00163
503356,2025-02-16,1009,Vacuum Cleaner,Home & Kitchen,Latin America,Mobile App,1,64.34,0.0,64.34,37.4,26.94,0,C00434
503357,2024-09-22,1003,Laptop Stand,Electronics,North America,Mobile App,1,22.02,0.0,22.02,9.36,12.66,0,C01261
503358,2024-06-08,1024,Resistance Bands,Sports,Europe,Website,1,73.75,0.1,66.38,46.0,20.38,0,C00881
503359,2025-08-04,1007,Blender,Home & Kitchen,Asia Pacific,Website,2,29.86,0.0,59.72,37.28,22.44,0,C01678
503360,2025-10-16,1015,Face Serum,Beauty,Asia Pacific,Mobile App,1,80.28,0.0,80.28,50.57,29.71,0,C01009
503361,2024-09-12,1021,Dumbbells,Sports,Middle East,Website,1,18.19,0.0,18.19,7.58,10.61,0,C01392
503362,2025-04-13,1008,Cookware Set,Home & Kitchen,Europe,Website,1,55.01,0.0,55.01,27.82,27.19,0,C01524
503363,2024-12-28,1018,Lipstick,Beauty,Latin America,Mobile App,2,41.98,0.0,83.96,55.7,28.26,0,C01135
503364,2024-10-09,1015,Face Serum,Beauty,Latin America,Mobile App,1,80.28,0.05,76.27,50.57,25.7,0,C01663
503365,2024-08-22,1003,Laptop Stand,Electronics,Asia Pacific,Mobile App,1,22.02,0.15,18.72,9.36,9.36,0,C00169
503366,2024-03-30,1023,Water Bottle,Sports,Asia Pacific,Website,1,55.97,0.0,55.97,28.38,27.59,0,C00651
503367,2024-11-16,1018,Lipstick,Beauty,North America,Mobile App,2,41.98,0.05,79.76,55.7,24.06,0,C00152
503368,2024-03-19,1008,Cookware Set,Home & Kitchen,Europe,Marketplace,2,55.01,0.0,110.02,55.64,54.38,0,C00190
503369,2024-06-18,1005,Air Fryer,Home & Kitchen,Middle East,Website,1,16.13,0.0,16.13,6.54,9.59,0,C01132
503370,2024-10-19,1020,Yoga Mat,Sports,Middle East,Marketplace,1,27.52,0.0,27.52,14.15,13.37,0,C00656
503371,2024-01-11,1008,Cookware Set,Home & Kitchen,Latin America,Mobile App,1,55.01,0.0,55.01,27.82,27.19,1,C00335
503372,2024-05-19,1020,Yoga Mat,Sports,Latin America,Website,1,27.52,0.05,26.14,14.15,11.99,0,C01443
503373,2025-12-02,1003,Laptop Stand,Electronics,Middle East,Mobile App,2,22.02,0.0,44.04,18.72,25.32,0,C00239
503374,2025-02-19,1006,Coffee Maker,Home & Kitchen,North America,Mobile App,1,110.15,0.0,110.15,67.43,42.72,0,C00547
503375,2024-01-08,1019,Sunscreen,Beauty,Latin America,Mobile App,1,106.12,0.1,95.51,56.32,39.19,0,C00868
503376,2024-12-19,1009,Vacuum Cleaner,Home & Kitchen,Europe,Marketplace,2,64.34,0.1,115.81,74.8,41.01,0,C01206
503377,2025-11-08,1019,Sunscreen,Beauty,Middle East,Mobile App,1,106.12,0.0,106.12,56.32,49.8,0,C00720
503378,2024-02-13,1002,Bluetooth Speaker,Electronics,Middle East,Website,1,26.25,0.1,23.62,16.7,6.92,1,C01246
503379,2024-06-21,1016,Shampoo,Beauty,Middle East,Marketplace,1,24.14,0.05,22.93,9.88,13.05,0,C00140
503380,2024-06-28,1001,Smart Watch,Electronics,North America,Website,4,123.31,0.0,493.24,239.6,253.64,1,C00982
503381,2024-05-16,1001,Smart Watch,Electronics,Middle East,Website,2,123.31,0.0,246.62,119.8,126.82,0,C00004
503382,2024-02-22,1014,Hoodie,Apparel,Latin America,Website,1,71.73,0.0,71.73,49.43,22.3,0,C01185
503383,2024-06-23,1024,Resistance Bands,Sports,Asia Pacific,Marketplace,2,73.75,0.0,147.5,92.0,55.5,0,C00471
503384,2024-12-12,1011,Jeans,Apparel,Europe,Mobile App,1,48.52,0.0,48.52,26.91,21.61,0,C01103
503385,2024-04-30,1007,Blender,Home & Kitchen,Asia Pacific,Website,1,29.86,0.0,29.86,18.64,11.22,0,C01527
503386,2024-10-27,1000,Wireless Earbuds,Electronics,Asia Pacific,Website,1,80.93,0.0,80.93,33.09,47.84,0,C01340
503387,2025-10-08,1001,Smart Watch,Electronics,Middle East,Website,1,123.31,0.1,110.98,59.9,51.08,0,C01453
503388,2024-11-08,1024,Resistance Bands,Sports,Middle East,Mobile App,1,73.75,0.1,66.38,46.0,20.38,0,C01428
503389,2024-02-06,1003,Laptop Stand,Electronics,Latin America,Marketplace,1,22.02,0.2,17.62,9.36,8.26,0,C01674
503390,2025-05-14,1008,Cookware Set,Home & Kitchen,North America,Website,2,55.01,0.0,110.02,55.64,54.38,0,C01522
503391,2025-09-22,1004,USB-C Hub,Electronics,Latin America,Website,1,109.12,0.0,109.12,50.08,59.04,0,C01693
503392,2024-12-28,1003,Laptop Stand,Electronics,North America,Website,1,22.02,0.1,19.82,9.36,10.46,0,C00363
503393,2024-07-09,1022,Running Shoes,Sports,Latin America,Website,1,51.96,0.0,51.96,24.41,27.55,0,C00242
503394,2024-04-13,1004,USB-C Hub,Electronics,Latin America,Website,1,109.12,0.0,109.12,50.08,59.04,0,C01111
503395,2024-03-27,1022,Running Shoes,Sports,Middle East,Mobile App,1,51.96,0.0,51.96,24.41,27.55,0,C00641
503396,2024-06-06,1021,Dumbbells,Sports,Latin America,Website,1,18.19,0.0,18.19,7.58,10.61,0,C00803
503397,2025-05-14,1001,Smart Watch,Electronics,North America,Website,2,123.31,0.1,221.96,119.8,102.16,0,C01570
503398,2025-11-03,1016,Shampoo,Beauty,Asia Pacific,Website,4,24.14,0.15,82.08,39.52,42.56,0,C01650
503399,2025-02-08,1013,Sneakers,Apparel,Asia Pacific,Website,1,39.27,0.0,39.27,19.98,19.29,0,C00912
503400,2025-03-14,1022,Running Shoes,Sports,Europe,Mobile App,1,51.96,0.0,51.96,24.41,27.55,0,C01520
503401,2024-10-02,1017,Moisturizer,Beauty,North America,Marketplace,2,177.23,0.15,301.29,154.84,146.45,0,C01087
503402,2025-11-03,1015,Face Serum,Beauty,Latin America,Website,2,80.28,0.1,144.5,101.14,43.36,0,C01087
503403,2024-12-28,1017,Moisturizer,Beauty,Latin America,Website,3,177.23,0.1,478.52,232.26,246.26,0,C00176
503404,2025-12-27,1014,Hoodie,Apparel,Europe,Website,1,71.73,0.05,68.14,49.43,18.71,0,C01071
503405,2024-10-18,1011,Jeans,Apparel,North America,Website,1,48.52,0.05,46.09,26.91,19.18,1,C01189
503406,2025-03-07,1016,Shampoo,Beauty,Asia Pacific,Marketplace,1,24.14,0.0,24.14,9.88,14.26,0,C01097
503407,2024-06-13,1018,Lipstick,Beauty,Europe,Marketplace,1,41.98,0.0,41.98,27.85,14.13,0,C00337
503408,2025-11-12,1001,Smart Watch,Electronics,Asia Pacific,Website,2,123.31,0.0,246.62,119.8,126.82,0,C01598
503409,2025-05-15,1014,Hoodie,Apparel,Middle East,Website,2,71.73,0.0,143.46,98.86,44.6,0,C00045
503410,2025-11-29,1019,Sunscreen,Beauty,Europe,Website,1,106.12,0.0,106.12,56.32,49.8,0,C01041
503411,2025-02-13,1024,Resistance Bands,Sports,Middle East,Mobile App,1,73.75,0.1,66.38,46.0,20.38,0,C01046
503412,2025-02-02,1001,Smart Watch,Electronics,Europe,Website,1,123.31,0.0,123.31,59.9,63.41,0,C01434
503413,2024-04-20,1012,Jacket,Apparel,North America,Website,2,88.76,0.1,159.77,78.42,81.35,0,C01107
503414,2024-12-18,1008,Cookware Set,Home & Kitchen,Middle East,Website,1,55.01,0.05,52.26,27.82,24.44,0,C01183
503415,2025-12-01,1006,Coffee Maker,Home & Kitchen,Europe,Website,1,110.15,0.0,110.15,67.43,42.72,0,C01716
503416,2024-12-16,1003,Laptop Stand,Electronics,Latin America,Marketplace,1,22.02,0.1,19.82,9.36,10.46,0,C01238
503417,2024-01-09,1008,Cookware Set,Home & Kitchen,Latin America,Website,1,55.01,0.0,55.01,27.82,27.19,0,C01635
503418,2024-10-15,1009,Vacuum Cleaner,Home & Kitchen,Latin America,Website,2,64.34,0.05,122.25,74.8,47.45,0,C00962
503419,2025-03-15,1011,Jeans,Apparel,Europe,Mobile App,1,48.52,0.0,48.52,26.91,21.61,0,C01611
503420,2025-06-07,1005,Air Fryer,Home & Kitchen,Europe,Website,3,16.13,0.05,45.97,19.62,26.35,0,C00968
503421,2024-04-27,1017,Moisturizer,Beauty,Asia Pacific,Marketplace,1,177.23,0.05,168.37,77.42,90.95,0,C00752
503422,2024-09-10,1023,Water Bottle,Sports,Latin America,Website,2,55.97,0.0,111.94,56.76,55.18,0,C01019
503423,2025-12-24,1012,Jacket,Apparel,North America,Mobile App,1,88.76,0.1,79.88,39.21,40.67,0,C01061
503424,2025-05-29,1016,Shampoo,Beauty,Middle East,Website,2,24.14,0.15,41.04,19.76,21.28,0,C00911
503425,2025-08-28,1008,Cookware Set,Home & Kitchen,Europe,Website,1,55.01,0.0,55.01,27.82,27.19,0,C00554
503426,2024-05-15,1003,Laptop Stand,Electronics,Latin America,Website,2,22.02,0.05,41.84,18.72,23.12,0,C00568
503427,2024-07-15,1002,Bluetooth Speaker,Electronics,Europe,Website,1,26.25,0.0,26.25,16.7,9.55,0,C01696
503428,2025-09-23,1004,USB-C Hub,Electronics,Europe,Website,2,109.12,0.0,218.24,100.16,118.08,0,C01200
503429,2024-02-22,1013,Sneakers,Apparel,Latin America,Website,1,39.27,0.0,39.27,19.98,19.29,0,C00017
503430,2024-11-09,1019,Sunscreen,Beauty,Europe,Website,1,106.12,0.05,100.81,56.32,44.49,0,C01004
503431,2025-03-12,1023,Water Bottle,Sports,Latin America,Website,2,55.97,0.0,111.94,56.76,55.18,0,C01349
503432,2025-03-13,1024,Resistance Bands,Sports,North America,Website,2,73.75,0.0,147.5,92.0,55.5,0,C00677
503433,2024-10-02,1019,Sunscreen,Beauty,Asia Pacific,Website,1,106.12,0.0,106.12,56.32,49.8,0,C01174
503434,2024-12-25,1001,Smart Watch,Electronics,Latin America,Website,1,123.31,0.1,110.98,59.9,51.08,0,C01210
503435,2024-02-18,1007,Blender,Home & Kitchen,Europe,Website,1,29.86,0.0,29.86,18.64,11.22,0,C01753
503436,2024-02-23,1020,Yoga Mat,Sports,Asia Pacific,Website,1,27.52,0.1,24.77,14.15,10.62,0,C01562
503437,2025-04-28,1018,Lipstick,Beauty,Asia Pacific,Marketplace,2,41.98,0.0,83.96,55.7,28.26,0,C01683
503438,2024-04-13,1017,Moisturizer,Beauty,Latin America,Website,2,177.23,0.1,319.01,154.84,164.17,1,C00416
503439,2025-05-18,1017,Moisturizer,Beauty,Asia Pacific,Website,1,177.23,0.1,159.51,77.42,82.09,0,C00640
503440,2024-04-24,1002,Bluetooth Speaker,Electronics,North America,Mobile App,1,26.25,0.05,24.94,16.7,8.24,0,C00503
503441,2025-11-30,1023,Water Bottle,Sports,Middle East,Mobile App,1,55.97,0.0,55.97,28.38,27.59,0,C01675
503442,2024-05-13,1019,Sunscreen,Beauty,Asia Pacific,Website,1,106.12,0.0,106.12,56.32,49.8,0,C01730
503443,2025-01-05,1012,Jacket,Apparel,Middle East,Mobile App,1,88.76,0.05,84.32,39.21,45.11,0,C01254
503444,2025-01-15,1022,Running Shoes,Sports,Europe,Mobile App,1,51.96,0.0,51.96,24.41,27.55,0,C00691
503445,2024-08-03,1003,Laptop Stand,Electronics,Middle East,Website,1,22.02,0.0,22.02,9.36,12.66,0,C00486
503446,2024-04-18,1008,Cookware Set,Home & Kitchen,Europe,Mobile App,1,55.01,0.1,49.51,27.82,21.69,0,C01501
503447,2025-09-08,1009,Vacuum Cleaner,Home & Kitchen,North America,Website,2,64.34,0.2,102.94,74.8,28.14,0,C01625
503448,2025-11-01,1019,Sunscreen,Beauty,Europe,Website,1,106.12,0.2,84.9,56.32,28.58,0,C01432
503449,2025-04-01,1010,T-Shirt,Apparel,North America,Website,1,79.05,0.0,79.05,50.89,28.16,0,C00117
503450,2025-07-13,1022,Running Shoes,Sports,Middle East,Website,2,51.96,0.05,98.72,48.82,49.9,0,C00146
503451,2025-04-30,1013,Sneakers,Apparel,Europe,Mobile App,1,39.27,0.05,37.31,19.98,17.33,0,C00202
503452,2024-06-06,1009,Vacuum Cleaner,Home & Kitchen,North America,Website,1,64.34,0.0,64.34,37.4,26.94,0,C00422
503453,2025-03-04,1012,Jacket,Apparel,Middle East,Mobile App,1,88.76,0.2,71.01,39.21,31.8,0,C01761
503454,2025-07-27,1024,Resistance Bands,Sports,Asia Pacific,Marketplace,1,73.75,0.0,73.75,46.0,27.75,0,C01269
503455,2025-04-04,1020,Yoga Mat,Sports,North America,Marketplace,1,27.52,0.0,27.52,14.15,13.37,0,C01509
503456,2024-03-10,1008,Cookware Set,Home & Kitchen,Latin America,Website,2,55.01,0.0,110.02,55.64,54.38,0,C01229
503457,2025-05-30,1010,T-Shirt,Apparel,North America,Website,1,79.05,0.0,79.05,50.89,28.16,1,C01193
503458,2024-10-07,1005,Air Fryer,Home & Kitchen,Europe,Website,2,16.13,0.2,25.81,13.08,12.73,0,C00807
503459,2025-08-02,1024,Resistance Bands,Sports,North America,Mobile App,2,73.75,0.0,147.5,92.0,55.5,0,C00078
503460,2025-12-11,1013,Sneakers,Apparel,Europe,Mobile App,1,39.27,0.0,39.27,19.98,19.29,0,C01563
503461,2025-02-11,1020,Yoga Mat,Sports,Latin America,Mobile App,2,27.52,0.0,55.04,28.3,26.74,1,C01202
503462,2025-06-09,1003,Laptop Stand,Electronics,North America,Website,1,22.02,0.05,20.92,9.36,11.56,0,C01523
503463,2025-06-05,1021,Dumbbells,Sports,Latin America,Mobile App,3,18.19,0.0,54.57,22.74,31.83,0,C00425
503464,2025-02-03,1003,Laptop Stand,Electronics,Latin America,Mobile App,2,22.02,0.0,44.04,18.72,25.32,0,C00886
503465,2024-07-30,1013,Sneakers,Apparel,Europe,Website,1,39.27,0.0,39.27,19.98,19.29,0,C01420
503466,2025-08-08,1005,Air Fryer,Home & Kitchen,Europe,Mobile App,3,16.13,0.05,45.97,19.62,26.35,0,C00258
503467,2024-01-10,1014,Hoodie,Apparel,Middle East,Website,2,71.73,0.0,143.46,98.86,44.6,0,C01102
503468,2025-12-25,1005,Air Fryer,Home & Kitchen,Middle East,Website,2,16.13,0.0,32.26,13.08,19.18,0,C00178
503469,2024-08-13,1023,Water Bottle,Sports,Asia Pacific,Mobile App,1,55.97,0.1,50.37,28.38,21.99,0,C00585
503470,2025-07-19,1018,Lipstick,Beauty,North America,Website,1,41.98,0.05,39.88,27.85,12.03,1,C01532
503471,2024-02-16,1013,Sneakers,Apparel,Middle East,Website,1,39.27,0.2,31.42,19.98,11.44,1,C00393
503472,2024-02-10,1022,Running Shoes,Sports,Europe,Marketplace,2,51.96,0.0,103.92,48.82,55.1,0,C00661
503473,2024-10-11,1004,USB-C Hub,Electronics,Europe,Website,1,109.12,0.2,87.3,50.08,37.22,0,C01640
503474,2024-02-22,1022,Running Shoes,Sports,Europe,Marketplace,2,51.96,0.1,93.53,48.82,44.71,0,C01091
503475,2024-08-03,1020,Yoga Mat,Sports,Middle East,Website,1,27.52,0.0,27.52,14.15,13.37,0,C00214
503476,2025-10-26,1002,Bluetooth Speaker,Electronics,Asia Pacific,Mobile App,2,26.25,0.0,52.5,33.4,19.1,0,C01469
503477,2025-01-12,1021,Dumbbells,Sports,Asia Pacific,Website,1,18.19,0.0,18.19,7.58,10.61,0,C01413
503478,2025-12-23,1012,Jacket,Apparel,Middle East,Website,1,88.76,0.05,84.32,39.21,45.11,0,C01469
503479,2024-05-16,1021,Dumbbells,Sports,Latin America,Marketplace,1,18.19,0.0,18.19,7.58,10.61,0,C01103
503480,2024-10-28,1023,Water Bottle,Sports,Asia Pacific,Marketplace,2,55.97,0.05,106.34,56.76,49.58,0,C01176
503481,2025-10-02,1018,Lipstick,Beauty,North America,Mobile App,4,41.98,0.0,167.92,111.4,56.52,0,C00980
503482,2024-08-12,1010,T-Shirt,Apparel,Asia Pacific,Website,1,79.05,0.0,79.05,50.89,28.16,0,C00606
503483,2024-01-17,1020,Yoga Mat,Sports,Middle East,Mobile App,1,27.52,0.05,26.14,14.15,11.99,0,C01293
503484,2025-08-20,1012,Jacket,Apparel,North America,Mobile App,1,88.76,0.05,84.32,39.21,45.11,0,C01637
503485,2025-12-05,1022,Running Shoes,Sports,Latin America,Marketplace,2,51.96,0.0,103.92,48.82,55.1,0,C01458
503486,2024-09-20,1007,Blender,Home & Kitchen,Middle East,Mobile App,1,29.86,0.0,29.86,18.64,11.22,0,C00926
503487,2025-03-28,1016,Shampoo,Beauty,Europe,Website,1,24.14,0.0,24.14,9.88,14.26,0,C00563
503488,2024-07-27,1009,Vacuum Cleaner,Home & Kitchen,Middle East,Mobile App,1,64.34,0.05,61.12,37.4,23.72,0,C01314
503489,2025-02-08,1006,Coffee Maker,Home & Kitchen,Europe,Website,1,110.15,0.0,110.15,67.43,42.72,0,C00728
503490,2025-03-20,1007,Blender,Home & Kitchen,Asia Pacific,Website,2,29.86,0.0,59.72,37.28,22.44,0,C00795
503491,2025-05-05,1008,Cookware Set,Home & Kitchen,North America,Website,1,55.01,0.05,52.26,27.82,24.44,0,C01139
503492,2025-04-15,1010,T-Shirt,Apparel,Europe,Mobile App,3,79.05,0.0,237.15,152.67,84.48,0,C01113
503493,2024-06-29,1024,Resistance Bands,Sports,Europe,Mobile App,1,73.75,0.0,73.75,46.0,27.75,1,C01681
503494,2024-07-03,1001,Smart Watch,Electronics,Asia Pacific,Website,1,123.31,0.05,117.14,59.9,57.24,0,C01279
503495,2024-06-15,1013,Sneakers,Apparel,Europe,Mobile App,1,39.27,0.15,33.38,19.98,13.4,0,C00493
503496,2025-12-04,1005,Air Fryer,Home & Kitchen,Middle East,Website,1,16.13,0.0,16.13,6.54,9.59,0,C01173
503497,2024-05-26,1006,Coffee Maker,Home & Kitchen,North America,Website,1,110.15,0.0,110.15,67.43,42.72,0,C00112
503498,2025-04-10,1016,Shampoo,Beauty,Latin America,Website,1,24.14,0.0,24.14,9.88,14.26,0,C00805
503499,2025-06-23,1021,Dumbbells,Sports,Europe,Mobile App,1,18.19,0.0,18.19,7.58,10.61,0,C01600
503500,2024-01-13,1024,Resistance Bands,Sports,Middle East,Website,1,73.75,0.0,73.75,46.0,27.75,0,C01196
503501,2025-01-28,1019,Sunscreen,Beauty,North America,Website,2,106.12,0.0,212.24,112.64,99.6,0,C01014
503502,2024-01-14,1004,USB-C Hub,Electronics,North America,Website,1,109.12,0.1,98.21,50.08,48.13,0,C01222
503503,2024-03-26,1016,Shampoo,Beauty,Asia Pacific,Website,1,24.14,0.0,24.14,9.88,14.26,0,C01711
503504,2025-10-04,1017,Moisturizer,Beauty,Middle East,Website,1,177.23,0.0,177.23,77.42,99.81,0,C00020
503505,2024-01-10,1016,Shampoo,Beauty,North America,Mobile App,1,24.14,0.1,21.73,9.88,11.85,0,C01243
503506,2024-12-12,1001,Smart Watch,Electronics,North America,Website,1,123.31,0.05,117.14,59.9,57.24,0,C00940
503507,2025-05-06,1021,Dumbbells,Sports,Middle East,Marketplace,1,18.19,0.0,18.19,7.58,10.61,0,C00384
503508,2024-06-16,1014,Hoodie,Apparel,Asia Pacific,Website,1,71.73,0.0,71.73,49.43,22.3,0,C01471
503509,2024-06-07,1013,Sneakers,Apparel,Europe,Website,1,39.27,0.0,39.27,19.98,19.29,0,C00049
503510,2025-12-09,1022,Running Shoes,Sports,Asia Pacific,Mobile App,2,51.96,0.0,103.92,48.82,55.1,0,C00556
503511,2024-05-06,1002,Bluetooth Speaker,Electronics,North America,Mobile App,1,26.25,0.1,23.62,16.7,6.92,0,C01096
503512,2024-04-15,1001,Smart Watch,Electronics,Middle East,Website,3,123.31,0.0,369.93,179.7,190.23,0,C00795
503513,2025-06-07,1006,Coffee Maker,Home & Kitchen,Latin America,Website,2,110.15,0.0,220.3,134.86,85.44,0,C00920
503514,2024-08-17,1003,Laptop Stand,Electronics,North America,Website,1,22.02,0.0,22.02,9.36,12.66,0,C00471
503515,2025-01-29,1015,Face Serum,Beauty,Europe,Website,2,80.28,0.1,144.5,101.14,43.36,0,C01572
503516,2024-10-20,1021,Dumbbells,Sports,Europe,Marketplace,3,18.19,0.05,51.84,22.74,29.1,0,C01492
503517,2025-12-01,1015,Face Serum,Beauty,Latin America,Mobile App,3,80.28,0.0,240.84,151.71,89.13,1,C00111
503518,2024-04-25,1000,Wireless Earbuds,Electronics,Latin America,Website,2,80.93,0.0,161.86,66.18,95.68,0,C00613
503519,2024-04-22,1004,USB-C Hub,Electronics,Europe,Website,1,109.12,0.0,109.12,50.08,59.04,0,C00449
503520,2024-10-15,1001,Smart Watch,Electronics,Asia Pacific,Website,2,123.31,0.0,246.62,119.8,126.82,0,C01034
503521,2024-12-07,1011,Jeans,Apparel,North America,Website,3,48.52,0.2,116.45,80.73,35.72,0,C00675
503522,2024-03-27,1004,USB-C Hub,Electronics,North America,Mobile App,1,109.12,0.05,103.66,50.08,53.58,0,C00663
503523,2024-07-01,1017,Moisturizer,Beauty,Latin America,Mobile App,1,177.23,0.05,168.37,77.42,90.95,0,C01421
503524,2025-09-06,1024,Resistance Bands,Sports,Europe,Mobile App,1,73.75,0.0,73.75,46.0,27.75,0,C00531
503525,2024-06-02,1009,Vacuum Cleaner,Home & Kitchen,Asia Pacific,Mobile App,1,64.34,0.0,64.34,37.4,26.94,0,C00652
503526,2024-10-20,1016,Shampoo,Beauty,Asia Pacific,Marketplace,1,24.14,0.0,24.14,9.88,14.26,0,C00028
503527,2024-10-04,1010,T-Shirt,Apparel,Latin America,Mobile App,1,79.05,0.0,79.05,50.89,28.16,0,C00971
503528,2024-09-28,1009,Vacuum Cleaner,Home & Kitchen,North America,Mobile App,2,64.34,0.05,122.25,74.8,47.45,0,C01600
503529,2024-06-01,1011,Jeans,Apparel,Europe,Website,1,48.52,0.0,48.52,26.91,21.61,0,C00414
503530,2025-02-03,1000,Wireless Earbuds,Electronics,Latin America,Mobile App,2,80.93,0.0,161.86,66.18,95.68,0,C00619
503531,2025-05-04,1003,Laptop Stand,Electronics,North America,Website,1,22.02,0.0,22.02,9.36,12.66,0,C00554
503532,2025-03-13,1017,Moisturizer,Beauty,Asia Pacific,Website,1,177.23,0.1,159.51,77.42,82.09,0,C00223
503533,2024-11-26,1015,Face Serum,Beauty,Europe,Website,1,80.28,0.2,64.22,50.57,13.65,0,C01749
503534,2025-01-29,1024,Resistance Bands,Sports,Asia Pacific,Website,1,73.75,0.0,73.75,46.0,27.75,0,C00095
503535,2025-03-10,1002,Bluetooth Speaker,Electronics,Latin America,Mobile App,1,26.25,0.05,24.94,16.7,8.24,0,C00607
503536,2025-02-27,1013,Sneakers,Apparel,Middle East,Mobile App,1,39.27,0.0,39.27,19.98,19.29,1,C00185
503537,2024-12-07,1002,Bluetooth Speaker,Electronics,Europe,Mobile App,1,26.25,0.0,26.25,16.7,9.55,0,C01693
503538,2025-10-31,1007,Blender,Home & Kitchen,Europe,Website,2,29.86,0.0,59.72,37.28,22.44,0,C00370
503539,2025-07-16,1002,Bluetooth Speaker,Electronics,Latin America,Mobile App,1,26.25,0.1,23.62,16.7,6.92,0,C00660
503540,2025-05-19,1017,Moisturizer,Beauty,Middle East,Mobile App,1,177.23,0.1,159.51,77.42,82.09,0,C01231
503541,2024-08-23,1001,Smart Watch,Electronics,Latin America,Website,1,123.31,0.0,123.31,59.9,63.41,0,C01152
503542,2025-03-07,1007,Blender,Home & Kitchen,Middle East,Mobile App,1,29.86,0.05,28.37,18.64,9.73,0,C00192
503543,2025-12-11,1006,Coffee Maker,Home & Kitchen,Europe,Mobile App,2,110.15,0.2,176.24,134.86,41.38,0,C01409
503544,2024-08-28,1007,Blender,Home & Kitchen,Asia Pacific,Website,1,29.86,0.05,28.37,18.64,9.73,0,C01337
503545,2024-01-18,1011,Jeans,Apparel,Asia Pacific,Mobile App,1,48.52,0.0,48.52,26.91,21.61,0,C00995
503546,2024-05-16,1017,Moisturizer,Beauty,North America,Website,2,177.23,0.2,283.57,154.84,128.73,0,C01555
503547,2024-12-23,1011,Jeans,Apparel,Asia Pacific,Mobile App,1,48.52,0.0,48.52,26.91,21.61,0,C00156
503548,2024-05-22,1009,Vacuum Cleaner,Home & Kitchen,Asia Pacific,Website,2,64.34,0.0,128.68,74.8,53.88,0,C00479
503549,2025-07-18,1016,Shampoo,Beauty,Latin America,Website,2,24.14,0.0,48.28,19.76,28.52,1,C00369
503550,2024-08-17,1006,Coffee Maker,Home & Kitchen,North America,Mobile App,1,110.15,0.0,110.15,67.43,42.72,0,C00771
503551,2024-04-30,1001,Smart Watch,Electronics,Europe,Website,4,123.31,0.1,443.92,239.6,204.32,0,C00083
503552,2024-01-27,1010,T-Shirt,Apparel,Latin America,Website,1,79.05,0.0,79.05,50.89,28.16,0,C01187
503553,2025-12-19,1009,Vacuum Cleaner,Home & Kitchen,North America,Mobile App,2,64.34,0.1,115.81,74.8,41.01,0,C00478
503554,2024-03-16,1009,Vacuum Cleaner,Home & Kitchen,Latin America,Mobile App,3,64.34,0.0,193.02,112.2,80.82,0,C01574
503555,2024-06-10,1008,Cookware Set,Home & Kitchen,North America,Website,1,55.01,0.1,49.51,27.82,21.69,0,C00495
503556,2024-05-24,1016,Shampoo,Beauty,North America,Website,1,24.14,0.0,24.14,9.88,14.26,0,C01671
503557,2024-01-13,1021,Dumbbells,Sports,Middle East,Mobile App,2,18.19,0.0,36.38,15.16,21.22,0,C01740
503558,2025-03-02,1018,Lipstick,Beauty,Europe,Mobile App,3,41.98,0.1,113.35,83.55,29.8,1,C01240
503559,2025-04-26,1017,Moisturizer,Beauty,Europe,Mobile App,1,177.23,0.0,177.23,77.42,99.81,0,C01487
503560,2025-12-16,1023,Water Bottle,Sports,Asia Pacific,Website,1,55.97,0.0,55.97,28.38,27.59,0,C01125
503561,2024-12-11,1009,Vacuum Cleaner,Home & Kitchen,Latin America,Mobile App,3,64.34,0.0,193.02,112.2,80.82,0,C00685
503562,2025-12-12,1001,Smart Watch,Electronics,North America,Website,1,123.31,0.0,123.31,59.9,63.41,0,C00023
503563,2024-06-08,1012,Jacket,Apparel,North America,Marketplace,1,88.76,0.0,88.76,39.21,49.55,0,C00114
503564,2024-02-02,1009,Vacuum Cleaner,Home & Kitchen,Middle East,Mobile App,1,64.34,0.0,64.34,37.4,26.94,0,C00119
503565,2025-05-30,1005,Air Fryer,Home & Kitchen,Europe,Website,2,16.13,0.1,29.03,13.08,15.95,0,C00581
503566,2025-03-09,1004,USB-C Hub,Electronics,Latin America,Mobile App,1,109.12,0.0,109.12,50.08,59.04,0,C00657
503567,2024-09-21,1013,Sneakers,Apparel,Middle East,Mobile App,2,39.27,0.1,70.69,39.96,30.73,0,C00088
503568,2025-12-27,1000,Wireless Earbuds,Electronics,Europe,Website,1,80.93,0.05,76.88,33.09,43.79,0,C00597
503569,2024-06-09,1020,Yoga Mat,Sports,Asia Pacific,Marketplace,1,27.52,0.0,27.52,14.15,13.37,0,C00593
503570,2025-06-18,1019,Sunscreen,Beauty,Latin America,Marketplace,1,106.12,0.0,106.12,56.32,49.8,0,C01678
503571,2024-05-08,1009,Vacuum Cleaner,Home & Kitchen,Europe,Website,3,64.34,0.0,193.02,112.2,80.82,0,C00537
503572,2024-02-27,1011,Jeans,Apparel,Europe,Website,1,48.52,0.0,48.52,26.91,21.61,0,C01304
503573,2025-07-26,1002,Bluetooth Speaker,Electronics,Middle East,Mobile App,1,26.25,0.0,26.25,16.7,9.55,0,C00428
503574,2025-12-10,1012,Jacket,Apparel,Latin America,Website,1,88.76,0.0,88.76,39.21,49.55,0,C00445
503575,2025-10-30,1001,Smart Watch,Electronics,Latin America,Mobile App,1,123.31,0.0,123.31,59.9,63.41,0,C01590
503576,2024-06-17,1018,Lipstick,Beauty,North America,Mobile App,1,41.98,0.0,41.98,27.85,14.13,0,C01191
503577,2025-10-24,1003,Laptop Stand,Electronics,Latin America,Website,1,22.02,0.0,22.02,9.36,12.66,1,C01027
503578,2024-04-21,1009,Vacuum Cleaner,Home & Kitchen,North America,Website,2,64.34,0.0,128.68,74.8,53.88,0,C01139
503579,2025-09-09,1015,Face Serum,Beauty,Asia Pacific,Website,1,80.28,0.0,80.28,50.57,29.71,0,C01238
503580,2024-10-15,1010,T-Shirt,Apparel,Europe,Mobile App,1,79.05,0.05,75.1,50.89,24.21,0,C01169
503581,2024-03-07,1021,Dumbbells,Sports,Europe,Mobile App,2,18.19,0.0,36.38,15.16,21.22,0,C00166
503582,2024-11-12,1004,USB-C Hub,Electronics,Europe,Mobile App,1,109.12,0.1,98.21,50.08,48.13,0,C01037
503583,2025-10-15,1023,Water Bottle,Sports,North America,Website,1,55.97,0.05,53.17,28.38,24.79,0,C00905
503584,2024-03-28,1002,Bluetooth Speaker,Electronics,Middle East,Mobile App,1,26.25,0.05,24.94,16.7,8.24,0,C01021
503585,2025-07-31,1019,Sunscreen,Beauty,Latin America,Website,3,106.12,0.0,318.36,168.96,149.4,0,C01661
503586,2024-11-18,1015,Face Serum,Beauty,North America,Marketplace,1,80.28,0.0,80.28,50.57,29.71,0,C01504
503587,2024-01-09,1020,Yoga Mat,Sports,Asia Pacific,Mobile App,1,27.52,0.0,27.52,14.15,13.37,0,C00756
503588,2025-02-11,1012,Jacket,Apparel,Middle East,Website,3,88.76,0.05,252.97,117.63,135.34,0,C00189
503589,2025-02-04,1014,Hoodie,Apparel,Asia Pacific,Marketplace,1,71.73,0.0,71.73,49.43,22.3,0,C00262
503590,2025-12-20,1003,Laptop Stand,Electronics,North America,Website,1,22.02,0.15,18.72,9.36,9.36,0,C01763
503591,2025-05-30,1020,Yoga Mat,Sports,North America,Mobile App,2,27.52,0.05,52.29,28.3,23.99,0,C01421
503592,2024-06-02,1005,Air Fryer,Home & Kitchen,North America,Mobile App,2,16.13,0.05,30.65,13.08,17.57,0,C01539
503593,2025-01-26,1015,Face Serum,Beauty,Latin America,Mobile App,2,80.28,0.0,160.56,101.14,59.42,0,C01616
503594,2024-02-08,1002,Bluetooth Speaker,Electronics,Asia Pacific,Website,1,26.25,0.05,24.94,16.7,8.24,0,C00301
503595,2025-11-29,1021,Dumbbells,Sports,Latin America,Website,1,18.19,0.0,18.19,7.58,10.61,0,C00480
503596,2025-10-02,1002,Bluetooth Speaker,Electronics,North America,Marketplace,1,26.25,0.1,23.62,16.7,6.92,0,C00964
503597,2024-08-25,1007,Blender,Home & Kitchen,Europe,Mobile App,1,29.86,0.1,26.87,18.64,8.23,0,C00675
503598,2025-10-31,1015,Face Serum,Beauty,Europe,Mobile App,1,80.28,0.15,68.24,50.57,17.67,0,C00435
503599,2024-06-13,1019,Sunscreen,Beauty,Middle East,Mobile App,1,106.12,0.0,106.12,56.32,49.8,0,C01351
503600,2025-09-15,1007,Blender,Home & Kitchen,Middle East,Marketplace,1,29.86,0.1,26.87,18.64,8.23,0,C01767
503601,2024-12-15,1012,Jacket,Apparel,Latin America,Mobile App,1,88.76,0.0,88.76,39.21,49.55,0,C01168
503602,2024-12-13,1021,Dumbbells,Sports,Asia Pacific,Website,4,18.19,0.15,61.85,30.32,31.53,0,C01737
503603,2025-03-17,1015,Face Serum,Beauty,North America,Marketplace,2,80.28,0.0,160.56,101.14,59.42,0,C01442
503604,2025-11-30,1000,Wireless Earbuds,Electronics,Latin America,Website,2,80.93,0.0,161.86,66.18,95.68,0,C00916
503605,2025-09-17,1004,USB-C Hub,Electronics,Middle East,Website,1,109.12,0.05,103.66,50.08,53.58,1,C00527
503606,2024-06-05,1015,Face Serum,Beauty,Middle East,Mobile App,1,80.28,0.1,72.25,50.57,21.68,0,C00935
503607,2025-05-24,1015,Face Serum,Beauty,North America,Mobile App,1,80.28,0.0,80.28,50.57,29.71,0,C01202
503608,2024-05-26,1010,T-Shirt,Apparel,Asia Pacific,Mobile App,3,79.05,0.1,213.43,152.67,60.76,0,C01516
503609,2024-03-30,1001,Smart Watch,Electronics,Latin America,Website,1,123.31,0.0,123.31,59.9,63.41,0,C00570
503610,2024-11-17,1006,Coffee Maker,Home & Kitchen,Europe,Marketplace,1,110.15,0.2,88.12,67.43,20.69,0,C01223
503611,2024-06-14,1011,Jeans,Apparel,North America,Website,1,48.52,0.0,48.52,26.91,21.61,0,C01490
503612,2025-01-07,1018,Lipstick,Beauty,Asia Pacific,Website,1,41.98,0.1,37.78,27.85,9.93,0,C00201
503613,2024-07-02,1012,Jacket,Apparel,Latin America,Website,2,88.76,0.0,177.52,78.42,99.1,1,C00291
503614,2025-04-29,1001,Smart Watch,Electronics,Asia Pacific,Mobile App,2,123.31,0.1,221.96,119.8,102.16,0,C01140
503615,2025-03-28,1001,Smart Watch,Electronics,Europe,Marketplace,1,123.31,0.1,110.98,59.9,51.08,0,C00494
503616,2025-08-05,1010,T-Shirt,Apparel,Latin America,Website,1,79.05,0.0,79.05,50.89,28.16,0,C01730
503617,2024-10-20,1015,Face Serum,Beauty,Latin America,Website,2,80.28,0.1,144.5,101.14,43.36,0,C00106
503618,2025-09-26,1021,Dumbbells,Sports,Europe,Website,1,18.19,0.0,18.19,7.58,10.61,0,C00957
503619,2025-06-08,1013,Sneakers,Apparel,Middle East,Marketplace,1,39.27,0.1,35.34,19.98,15.36,1,C00632
503620,2025-01-17,1017,Moisturizer,Beauty,North America,Mobile App,1,177.23,0.0,177.23,77.42,99.81,0,C00331
503621,2025-06-02,1019,Sunscreen,Beauty,Latin America,Website,1,106.12,0.0,106.12,56.32,49.8,0,C00909
503622,2025-11-29,1024,Resistance Bands,Sports,North America,Mobile App,1,73.75,0.0,73.75,46.0,27.75,0,C00455
503623,2025-10-21,1007,Blender,Home & Kitchen,North America,Mobile App,2,29.86,0.0,59.72,37.28,22.44,0,C01723
503624,2024-09-07,1004,USB-C Hub,Electronics,Middle East,Website,1,109.12,0.1,98.21,50.08,48.13,0,C00728
503625,2024-04-17,1024,Resistance Bands,Sports,Asia Pacific,Website,1,73.75,0.0,73.75,46.0,27.75,0,C00655
503626,2025-08-06,1013,Sneakers,Apparel,Latin America,Marketplace,1,39.27,0.0,39.27,19.98,19.29,0,C01769
503627,2024-08-16,1006,Coffee Maker,Home & Kitchen,Latin America,Marketplace,1,110.15,0.15,93.63,67.43,26.2,0,C01217
503628,2025-11-16,1013,Sneakers,Apparel,North America,Website,1,39.27,0.0,39.27,19.98,19.29,0,C00590
503629,2025-04-24,1016,Shampoo,Beauty,Middle East,Marketplace,2,24.14,0.0,48.28,19.76,28.52,1,C00406
503630,2025-04-21,1011,Jeans,Apparel,North America,Website,2,48.52,0.1,87.34,53.82,33.52,0,C01727
503631,2024-04-20,1019,Sunscreen,Beauty,Latin America,Mobile App,1,106.12,0.0,106.12,56.32,49.8,0,C01308
503632,2024-07-23,1006,Coffee Maker,Home & Kitchen,Latin America,Website,1,110.15,0.0,110.15,67.43,42.72,0,C01640
503633,2024-11-20,1011,Jeans,Apparel,Asia Pacific,Marketplace,2,48.52,0.05,92.19,53.82,38.37,1,C00601
503634,2025-05-12,1010,T-Shirt,Apparel,Europe,Mobile App,1,79.05,0.0,79.05,50.89,28.16,0,C00395
503635,2025-05-02,1013,Sneakers,Apparel,North America,Website,1,39.27,0.0,39.27,19.98,19.29,0,C00546
503636,2024-02-09,1018,Lipstick,Beauty,Middle East,Website,1,41.98,0.05,39.88,27.85,12.03,0,C00923
503637,2025-04-26,1008,Cookware Set,Home & Kitchen,Europe,Mobile App,2,55.01,0.0,110.02,55.64,54.38,1,C00578
503638,2024-11-23,1018,Lipstick,Beauty,Middle East,Website,1,41.98,0.1,37.78,27.85,9.93,0,C00158
503639,2025-09-07,1023,Water Bottle,Sports,Latin America,Website,3,55.97,0.2,134.33,85.14,49.19,0,C00944
503640,2025-01-05,1002,Bluetooth Speaker,Electronics,Latin America,Marketplace,2,26.25,0.0,52.5,33.4,19.1,0,C01267
503641,2024-08-06,1007,Blender,Home & Kitchen,North America,Website,2,29.86,0.0,59.72,37.28,22.44,0,C01617
503642,2024-01-24,1017,Moisturizer,Beauty,Latin America,Website,1,177.23,0.0,177.23,77.42,99.81,0,C00516
503643,2025-10-12,1005,Air Fryer,Home & Kitchen,Europe,Website,2,16.13,0.15,27.42,13.08,14.34,0,C01354
503644,2024-03-11,1012,Jacket,Apparel,Asia Pacific,Website,2,88.76,0.1,159.77,78.42,81.35,0,C01792
503645,2024-11-01,1005,Air Fryer,Home & Kitchen,Latin America,Marketplace,1,16.13,0.0,16.13,6.54,9.59,0,C01110
503646,2025-06-21,1003,Laptop Stand,Electronics,Europe,Mobile App,1,22.02,0.0,22.02,9.36,12.66,0,C00864
503647,2024-09-22,1005,Air Fryer,Home & Kitchen,Europe,Mobile App,1,16.13,0.05,15.32,6.54,8.78,0,C00604
503648,2024-04-04,1013,Sneakers,Apparel,Latin America,Website,2,39.27,0.05,74.61,39.96,34.65,0,C01625
503649,2024-10-31,1013,Sneakers,Apparel,Europe,Website,1,39.27,0.05,37.31,19.98,17.33,0,C01681
503650,2025-03-05,1013,Sneakers,Apparel,Latin America,Website,1,39.27,0.0,39.27,19.98,19.29,0,C01309
503651,2025-12-06,1021,Dumbbells,Sports,Europe,Marketplace,1,18.19,0.0,18.19,7.58,10.61,0,C00043
503652,2025-03-23,1012,Jacket,Apparel,Asia Pacific,Marketplace,1,88.76,0.0,88.76,39.21,49.55,0,C00927
503653,2025-08-07,1023,Water Bottle,Sports,Latin America,Mobile App,1,55.97,0.0,55.97,28.38,27.59,0,C00239
503654,2025-07-28,1024,Resistance Bands,Sports,Middle East,Website,1,73.75,0.0,73.75,46.0,27.75,0,C00833
503655,2025-11-14,1015,Face Serum,Beauty,Middle East,Mobile App,2,80.28,0.15,136.48,101.14,35.34,0,C00515
503656,2024-11-27,1009,Vacuum Cleaner,Home & Kitchen,Asia Pacific,Website,2,64.34,0.05,122.25,74.8,47.45,0,C01394
503657,2025-04-14,1023,Water Bottle,Sports,Europe,Website,1,55.97,0.0,55.97,28.38,27.59,0,C01329
503658,2024-11-20,1021,Dumbbells,Sports,North America,Mobile App,3,18.19,0.0,54.57,22.74,31.83,0,C01670
503659,2025-11-21,1024,Resistance Bands,Sports,Latin America,Website,1,73.75,0.05,70.06,46.0,24.06,0,C01126
503660,2024-01-04,1008,Cookware Set,Home & Kitchen,Latin America,Marketplace,1,55.01,0.0,55.01,27.82,27.19,0,C01534
503661,2024-05-08,1017,Moisturizer,Beauty,Latin America,Mobile App,1,177.23,0.0,177.23,77.42,99.81,0,C00566
503662,2025-08-15,1011,Jeans,Apparel,North America,Website,1,48.52,0.05,46.09,26.91,19.18,0,C00012
503663,2024-07-11,1007,Blender,Home & Kitchen,Latin America,Mobile App,1,29.86,0.0,29.86,18.64,11.22,0,C01363
503664,2024-06-19,1008,Cookware Set,Home & Kitchen,Middle East,Website,1,55.01,0.0,55.01,27.82,27.19,0,C00735
503665,2024-12-22,1022,Running Shoes,Sports,Europe,Marketplace,1,51.96,0.0,51.96,24.41,27.55,0,C01699
503666,2025-11-26,1022,Running Shoes,Sports,Middle East,Marketplace,2,51.96,0.0,103.92,48.82,55.1,0,C01679
503667,2025-01-14,1011,Jeans,Apparel,Asia Pacific,Website,2,48.52,0.0,97.04,53.82,43.22,0,C00741
503668,2024-11-10,1003,Laptop Stand,Electronics,Middle East,Mobile App,1,22.02,0.0,22.02,9.36,12.66,0,C00315
503669,2024-05-07,1008,Cookware Set,Home & Kitchen,Latin America,Mobile App,1,55.01,0.0,55.01,27.82,27.19,0,C00052
503670,2025-04-11,1015,Face Serum,Beauty,Latin America,Website,1,80.28,0.05,76.27,50.57,25.7,0,C00138
503671,2024-12-26,1022,Running Shoes,Sports,Middle East,Website,1,51.96,0.05,49.36,24.41,24.95,0,C00395
503672,2024-12-09,1013,Sneakers,Apparel,North America,Marketplace,1,39.27,0.0,39.27,19.98,19.29,0,C00379
503673,2025-04-14,1012,Jacket,Apparel,Latin America,Website,2,88.76,0.0,177.52,78.42,99.1,0,C00985
503674,2025-07-20,1021,Dumbbells,Sports,Middle East,Website,1,18.19,0.05,17.28,7.58,9.7,0,C00556
503675,2025-03-22,1012,Jacket,Apparel,Latin America,Website,1,88.76,0.1,79.88,39.21,40.67,0,C01522
503676,2025-11-06,1012,Jacket,Apparel,Latin America,Mobile App,1,88.76,0.05,84.32,39.21,45.11,1,C00611
503677,2025-12-19,1001,Smart Watch,Electronics,Middle East,Marketplace,3,123.31,0.05,351.43,179.7,171.73,0,C00266
503678,2024-04-11,1017,Moisturizer,Beauty,North America,Mobile App,1,177.23,0.1,159.51,77.42,82.09,0,C01549
503679,2024-04-16,1007,Blender,Home & Kitchen,North America,Mobile App,1,29.86,0.0,29.86,18.64,11.22,0,C00600
503680,2025-09-23,1019,Sunscreen,Beauty,Latin America,Website,1,106.12,0.1,95.51,56.32,39.19,0,C00167
503681,2025-09-30,1022,Running Shoes,Sports,Middle East,Website,1,51.96,0.0,51.96,24.41,27.55,0,C00948
503682,2025-03-30,1004,USB-C Hub,Electronics,Middle East,Mobile App,1,109.12,0.2,87.3,50.08,37.22,0,C00208
503683,2024-02-03,1017,Moisturizer,Beauty,Asia Pacific,Marketplace,2,177.23,0.0,354.46,154.84,199.62,0,C01068
503684,2024-08-04,1015,Face Serum,Beauty,Europe,Mobile App,2,80.28,0.1,144.5,101.14,43.36,0,C01269
503685,2025-07-18,1009,Vacuum Cleaner,Home & Kitchen,Latin America,Website,1,64.34,0.05,61.12,37.4,23.72,0,C01058
503686,2025-04-25,1002,Bluetooth Speaker,Electronics,North America,Website,2,26.25,0.0,52.5,33.4,19.1,0,C01203
503687,2025-04-20,1010,T-Shirt,Apparel,Latin America,Marketplace,1,79.05,0.0,79.05,50.89,28.16,0,C00437
503688,2025-10-22,1024,Resistance Bands,Sports,Latin America,Website,1,73.75,0.0,73.75,46.0,27.75,0,C00846
503689,2025-01-18,1019,Sunscreen,Beauty,Europe,Mobile App,1,106.12,0.0,106.12,56.32,49.8,0,C00618
503690,2024-10-01,1023,Water Bottle,Sports,Asia Pacific,Website,2,55.97,0.05,106.34,56.76,49.58,0,C01364
503691,2025-02-28,1003,Laptop Stand,Electronics,Europe,Website,2,22.02,0.0,44.04,18.72,25.32,0,C01316
503692,2025-02-28,1019,Sunscreen,Beauty,North America,Website,1,106.12,0.05,100.81,56.32,44.49,0,C01520
503693,2024-06-06,1011,Jeans,Apparel,Asia Pacific,Mobile App,2,48.52,0.0,97.04,53.82,43.22,0,C00129
503694,2025-06-15,1017,Moisturizer,Beauty,Middle East,Website,1,177.23,0.0,177.23,77.42,99.81,0,C01240
503695,2024-06-23,1021,Dumbbells,Sports,Middle East,Marketplace,1,18.19,0.0,18.19,7.58,10.61,0,C00797
503696,2024-09-04,1008,Cookware Set,Home & Kitchen,Middle East,Marketplace,1,55.01,0.0,55.01,27.82,27.19,0,C01143
503697,2024-07-16,1015,Face Serum,Beauty,Middle East,Mobile App,2,80.28,0.0,160.56,101.14,59.42,0,C00648
503698,2024-02-22,1003,Laptop Stand,Electronics,Middle East,Website,1,22.02,0.0,22.02,9.36,12.66,0,C01700
503699,2025-10-13,1015,Face Serum,Beauty,Latin America,Marketplace,1,80.28,0.0,80.28,50.57,29.71,0,C01478
503700,2024-06-26,1013,Sneakers,Apparel,Latin America,Marketplace,1,39.27,0.0,39.27,19.98,19.29,0,C00489
503701,2025-06-13,1003,Laptop Stand,Electronics,Europe,Website,3,22.02,0.05,62.76,28.08,34.68,0,C00425
503702,2024-04-11,1012,Jacket,Apparel,Europe,Mobile App,1,88.76,0.1,79.88,39.21,40.67,0,C00825
503703,2025-10-08,1021,Dumbbells,Sports,Middle East,Mobile App,1,18.19,0.05,17.28,7.58,9.7,0,C00468
503704,2025-10-04,1013,Sneakers,Apparel,Asia Pacific,Mobile App,1,39.27,0.0,39.27,19.98,19.29,0,C00023
503705,2024-06-11,1011,Jeans,Apparel,Asia Pacific,Website,2,48.52,0.05,92.19,53.82,38.37,0,C01573
503706,2024-04-05,1009,Vacuum Cleaner,Home & Kitchen,North America,Website,1,64.34,0.0,64.34,37.4,26.94,0,C00194
503707,2025-10-05,1017,Moisturizer,Beauty,Middle East,Website,1,177.23,0.0,177.23,77.42,99.81,0,C01625
503708,2025-09-24,1004,USB-C Hub,Electronics,Middle East,Marketplace,1,109.12,0.05,103.66,50.08,53.58,0,C00740
503709,2024-03-21,1006,Coffee Maker,Home & Kitchen,Middle East,Website,1,110.15,0.0,110.15,67.43,42.72,0,C00759
503710,2024-05-13,1000,Wireless Earbuds,Electronics,Latin America,Mobile App,1,80.93,0.0,80.93,33.09,47.84,0,C01128
503711,2025-01-01,1005,Air Fryer,Home & Kitchen,Europe,Website,1,16.13,0.05,15.32,6.54,8.78,0,C00289
503712,2024-08-15,1010,T-Shirt,Apparel,Asia Pacific,Website,1,79.05,0.0,79.05,50.89,28.16,0,C00781
503713,2024-09-08,1017,Moisturizer,Beauty,Latin America,Mobile App,3,177.23,0.0,531.69,232.26,299.43,0,C00884
503714,2025-11-06,1022,Running Shoes,Sports,North America,Website,2,51.96,0.05,98.72,48.82,49.9,0,C00775
503715,2024-05-27,1002,Bluetooth Speaker,Electronics,North America,Mobile App,1,26.25,0.05,24.94,16.7,8.24,0,C01756
503716,2025-08-16,1020,Yoga Mat,Sports,North America,Website,1,27.52,0.15,23.39,14.15,9.24,0,C01482
503717,2025-09-02,1014,Hoodie,Apparel,North America,Website,1,71.73,0.0,71.73,49.43,22.3,0,C01351
503718,2024-10-16,1006,Coffee Maker,Home & Kitchen,Asia Pacific,Marketplace,2,110.15,0.0,220.3,134.86,85.44,0,C01797
503719,2024-04-05,1003,Laptop Stand,Electronics,North America,Website,3,22.02,0.0,66.06,28.08,37.98,0,C01292
503720,2025-01-05,1018,Lipstick,Beauty,Europe,Website,3,41.98,0.0,125.94,83.55,42.39,0,C00451
503721,2025-05-17,1011,Jeans,Apparel,North America,Website,1,48.52,0.0,48.52,26.91,21.61,0,C01120
503722,2025-05-13,1013,Sneakers,Apparel,North America,Website,1,39.27,0.1,35.34,19.98,15.36,0,C00178
503723,2025-03-05,1008,Cookware Set,Home & Kitchen,Latin America,Marketplace,3,55.01,0.2,132.02,83.46,48.56,0,C00845
503724,2025-10-10,1008,Cookware Set,Home & Kitchen,Latin America,Mobile App,1,55.01,0.0,55.01,27.82,27.19,0,C01368
503725,2024-07-03,1021,Dumbbells,Sports,Asia Pacific,Website,1,18.19,0.2,14.55,7.58,6.97,0,C00208
503726,2024-07-01,1010,T-Shirt,Apparel,Middle East,Mobile App,1,79.05,0.0,79.05,50.89,28.16,0,C00139
503727,2024-02-02,1007,Blender,Home & Kitchen,North America,Marketplace,1,29.86,0.0,29.86,18.64,11.22,0,C01229
503728,2024-12-21,1023,Water Bottle,Sports,Latin America,Marketplace,1,55.97,0.0,55.97,28.38,27.59,0,C00070
503729,2025-09-06,1021,Dumbbells,Sports,Middle East,Website,2,18.19,0.05,34.56,15.16,19.4,0,C00535
503730,2025-06-18,1019,Sunscreen,Beauty,Asia Pacific,Marketplace,1,106.12,0.2,84.9,56.32,28.58,0,C01727
503731,2024-07-16,1002,Bluetooth Speaker,Electronics,Middle East,Website,2,26.25,0.1,47.25,33.4,13.85,0,C01479
503732,2024-01-24,1001,Smart Watch,Electronics,Middle East,Mobile App,1,123.31,0.0,123.31,59.9,63.41,0,C00300
503733,2024-06-05,1021,Dumbbells,Sports,Europe,Marketplace,2,18.19,0.0,36.38,15.16,21.22,0,C00167
503734,2024-04-27,1024,Resistance Bands,Sports,Europe,Website,1,73.75,0.0,73.75,46.0,27.75,0,C00795
503735,2024-05-21,1014,Hoodie,Apparel,Europe,Website,1,71.73,0.05,68.14,49.43,18.71,0,C01394
503736,2025-12-09,1011,Jeans,Apparel,Europe,Website,1,48.52,0.2,38.82,26.91,11.91,0,C01012
503737,2025-05-08,1010,T-Shirt,Apparel,Europe,Marketplace,2,79.05,0.1,142.29,101.78,40.51,0,C00262
503738,2024-12-22,1005,Air Fryer,Home & Kitchen,Middle East,Mobile App,4,16.13,0.0,64.52,26.16,38.36,0,C01170
503739,2025-04-23,1013,Sneakers,Apparel,Latin America,Website,1,39.27,0.1,35.34,19.98,15.36,0,C01392
503740,2025-02-13,1015,Face Serum,Beauty,Europe,Website,1,80.28,0.2,64.22,50.57,13.65,0,C01750
503741,2024-07-21,1003,Laptop Stand,Electronics,Asia Pacific,Marketplace,1,22.02,0.0,22.02,9.36,12.66,0,C00417
503742,2024-04-15,1019,Sunscreen,Beauty,Middle East,Mobile App,1,106.12,0.0,106.12,56.32,49.8,0,C00854
503743,2025-08-24,1005,Air Fryer,Home & Kitchen,Asia Pacific,Website,1,16.13,0.05,15.32,6.54,8.78,0,C01238
503744,2024-07-29,1014,Hoodie,Apparel,Latin America,Website,1,71.73,0.0,71.73,49.43,22.3,0,C00731
503745,2025-04-01,1002,Bluetooth Speaker,Electronics,Latin America,Mobile App,4,26.25,0.0,105.0,66.8,38.2,0,C01299
503746,2024-10-05,1006,Coffee Maker,Home & Kitchen,Asia Pacific,Mobile App,1,110.15,0.1,99.14,67.43,31.71,1,C00255
503747,2025-09-13,1015,Face Serum,Beauty,Latin America,Website,1,80.28,0.0,80.28,50.57,29.71,0,C00580
503748,2025-08-03,1023,Water Bottle,Sports,Asia Pacific,Website,1,55.97,0.2,44.78,28.38,16.4,0,C00660
503749,2025-10-09,1018,Lipstick,Beauty,North America,Website,1,41.98,0.0,41.98,27.85,14.13,0,C01258
503750,2024-02-04,1020,Yoga Mat,Sports,Middle East,Website,1,27.52,0.0,27.52,14.15,13.37,0,C00310
503751,2025-02-23,1005,Air Fryer,Home & Kitchen,Asia Pacific,Mobile App,1,16.13,0.0,16.13,6.54,9.59,0,C01210
503752,2025-10-22,1002,Bluetooth Speaker,Electronics,Middle East,Website,1,26.25,0.0,26.25,16.7,9.55,0,C01660
503753,2024-01-31,1009,Vacuum Cleaner,Home & Kitchen,North America,Website,1,64.34,0.0,64.34,37.4,26.94,0,C00652
503754,2024-11-26,1010,T-Shirt,Apparel,Latin America,Mobile App,1,79.05,0.0,79.05,50.89,28.16,1,C00708
503755,2025-01-01,1015,Face Serum,Beauty,Europe,Website,1,80.28,0.05,76.27,50.57,25.7,0,C00670
503756,2025-11-03,1018,Lipstick,Beauty,Asia Pacific,Website,3,41.98,0.05,119.64,83.55,36.09,0,C00770
503757,2024-11-17,1011,Jeans,Apparel,North America,Website,1,48.52,0.0,48.52,26.91,21.61,0,C00521
503758,2025-12-05,1007,Blender,Home & Kitchen,North America,Mobile App,2,29.86,0.0,59.72,37.28,22.44,0,C01199
503759,2024-08-06,1013,Sneakers,Apparel,Latin America,Mobile App,1,39.27,0.0,39.27,19.98,19.29,0,C00931
503760,2024-11-25,1012,Jacket,Apparel,Europe,Mobile App,1,88.76,0.0,88.76,39.21,49.55,0,C01634
503761,2025-01-29,1021,Dumbbells,Sports,Asia Pacific,Mobile App,2,18.19,0.0,36.38,15.16,21.22,0,C00442
503762,2025-06-23,1006,Coffee Maker,Home & Kitchen,Europe,Website,2,110.15,0.0,220.3,134.86,85.44,0,C00426
503763,2024-10-11,1010,T-Shirt,Apparel,Middle East,Marketplace,1,79.05,0.2,63.24,50.89,12.35,0,C00035
503764,2025-11-18,1009,Vacuum Cleaner,Home & Kitchen,North America,Mobile App,1,64.34,0.15,54.69,37.4,17.29,0,C00512
503765,2025-10-23,1018,Lipstick,Beauty,Latin America,Mobile App,1,41.98,0.0,41.98,27.85,14.13,0,C00807
503766,2025-03-21,1013,Sneakers,Apparel,Asia Pacific,Mobile App,1,39.27,0.1,35.34,19.98,15.36,0,C01772
503767,2024-07-21,1006,Coffee Maker,Home & Kitchen,Europe,Website,1,110.15,0.0,110.15,67.43,42.72,0,C00987
503768,2025-05-20,1011,Jeans,Apparel,Latin America,Website,4,48.52,0.1,174.67,107.64,67.03,0,C00359
503769,2024-10-08,1010,T-Shirt,Apparel,Latin America,Website,1,79.05,0.0,79.05,50.89,28.16,1,C01637
503770,2025-04-08,1015,Face Serum,Beauty,Europe,Mobile App,1,80.28,0.0,80.28,50.57,29.71,0,C01435
503771,2025-08-28,1003,Laptop Stand,Electronics,Latin America,Website,4,22.02,0.2,70.46,37.44,33.02,0,C00623
503772,2024-01-22,1011,Jeans,Apparel,Asia Pacific,Website,1,48.52,0.0,48.52,26.91,21.61,0,C01267
503773,2025-08-12,1010,T-Shirt,Apparel,North America,Marketplace,1,79.05,0.2,63.24,50.89,12.35,0,C01335
503774,2024-10-18,1021,Dumbbells,Sports,Europe,Mobile App,1,18.19,0.0,18.19,7.58,10.61,0,C01200
503775,2025-02-16,1007,Blender,Home & Kitchen,North America,Marketplace,1,29.86,0.0,29.86,18.64,11.22,0,C00167
503776,2025-06-24,1018,Lipstick,Beauty,North America,Website,3,41.98,0.0,125.94,83.55,42.39,0,C00871
503777,2024-01-17,1011,Jeans,Apparel,North America,Website,1,48.52,0.0,48.52,26.91,21.61,0,C00707
503778,2025-03-01,1024,Resistance Bands,Sports,Asia Pacific,Website,1,73.75,0.0,73.75,46.0,27.75,1,C00332
503779,2024-12-20,1018,Lipstick,Beauty,Latin America,Website,1,41.98,0.0,41.98,27.85,14.13,0,C00372
503780,2024-11-16,1024,Resistance Bands,Sports,Latin America,Mobile App,1,73.75,0.1,66.38,46.0,20.38,0,C00019
503781,2025-02-06,1020,Yoga Mat,Sports,Asia Pacific,Mobile App,1,27.52,0.0,27.52,14.15,13.37,0,C00322
503782,2025-04-10,1005,Air Fryer,Home & Kitchen,Latin America,Mobile App,1,16.13,0.15,13.71,6.54,7.17,0,C00965
503783,2024-05-04,1002,Bluetooth Speaker,Electronics,Asia Pacific,Marketplace,1,26.25,0.0,26.25,16.7,9.55,0,C01506
503784,2024-04-15,1004,USB-C Hub,Electronics,North America,Website,1,109.12,0.15,92.75,50.08,42.67,0,C01748
503785,2024-01-11,1004,USB-C Hub,Electronics,Europe,Website,1,109.12,0.0,109.12,50.08,59.04,0,C01246
503786,2024-11-26,1008,Cookware Set,Home & Kitchen,Latin America,Website,1,55.01,0.15,46.76,27.82,18.94,0,C00445
503787,2024-03-31,1019,Sunscreen,Beauty,Europe,Mobile App,2,106.12,0.0,212.24,112.64,99.6,0,C01513
503788,2025-01-12,1011,Jeans,Apparel,Middle East,Marketplace,1,48.52,0.1,43.67,26.91,16.76,0,C00564
503789,2025-12-05,1015,Face Serum,Beauty,North America,Website,1,80.28,0.05,76.27,50.57,25.7,1,C01634
503790,2024-02-14,1011,Jeans,Apparel,North America,Website,1,48.52,0.0,48.52,26.91,21.61,0,C01409
503791,2024-11-07,1023,Water Bottle,Sports,North America,Website,1,55.97,0.0,55.97,28.38,27.59,0,C01783
503792,2025-12-05,1005,Air Fryer,Home & Kitchen,Middle East,Mobile App,2,16.13,0.05,30.65,13.08,17.57,0,C00755
503793,2025-01-23,1003,Laptop Stand,Electronics,Asia Pacific,Mobile App,2,22.02,0.05,41.84,18.72,23.12,0,C00336
503794,2024-05-21,1017,Moisturizer,Beauty,Middle East,Website,1,177.23,0.0,177.23,77.42,99.81,0,C01141
503795,2024-05-09,1009,Vacuum Cleaner,Home & Kitchen,Asia Pacific,Marketplace,1,64.34,0.0,64.34,37.4,26.94,0,C00693
503796,2025-08-21,1017,Moisturizer,Beauty,Latin America,Mobile App,3,177.23,0.0,531.69,232.26,299.43,0,C00863
503797,2025-11-15,1003,Laptop Stand,Electronics,North America,Mobile App,3,22.02,0.0,66.06,28.08,37.98,0,C01552
503798,2024-09-03,1000,Wireless Earbuds,Electronics,Middle East,Website,3,80.93,0.15,206.37,99.27,107.1,0,C01260
503799,2025-05-16,1006,Coffee Maker,Home & Kitchen,Asia Pacific,Website,1,110.15,0.0,110.15,67.43,42.72,0,C01391
503800,2025-05-09,1020,Yoga Mat,Sports,Europe,Website,2,27.52,0.05,52.29,28.3,23.99,0,C01364
503801,2024-10-30,1007,Blender,Home & Kitchen,North America,Website,1,29.86,0.05,28.37,18.64,9.73,0,C01331
503802,2024-09-05,1011,Jeans,Apparel,Europe,Mobile App,2,48.52,0.0,97.04,53.82,43.22,0,C00500
503803,2024-03-17,1005,Air Fryer,Home & Kitchen,Latin America,Website,3,16.13,0.0,48.39,19.62,28.77,0,C00804
503804,2024-01-14,1024,Resistance Bands,Sports,Europe,Website,2,73.75,0.0,147.5,92.0,55.5,0,C01480
503805,2025-01-29,1002,Bluetooth Speaker,Electronics,Europe,Website,1,26.25,0.0,26.25,16.7,9.55,0,C01049
503806,2024-12-14,1015,Face Serum,Beauty,Europe,Mobile App,2,80.28,0.0,160.56,101.14,59.42,0,C00592
503807,2025-06-24,1010,T-Shirt,Apparel,Middle East,Marketplace,2,79.05,0.0,158.1,101.78,56.32,0,C01189
503808,2024-11-15,1007,Blender,Home & Kitchen,Latin America,Mobile App,1,29.86,0.0,29.86,18.64,11.22,0,C00689
503809,2025-05-31,1024,Resistance Bands,Sports,North America,Marketplace,1,73.75,0.0,73.75,46.0,27.75,1,C01335
503810,2024-08-12,1023,Water Bottle,Sports,Asia Pacific,Website,1,55.97,0.0,55.97,28.38,27.59,0,C00932
503811,2025-04-08,1018,Lipstick,Beauty,Middle East,Mobile App,1,41.98,0.0,41.98,27.85,14.13,0,C00398
503812,2025-02-13,1020,Yoga Mat,Sports,Europe,Website,3,27.52,0.15,70.18,42.45,27.73,0,C01289
503813,2025-03-09,1019,Sunscreen,Beauty,Europe,Mobile App,1,106.12,0.0,106.12,56.32,49.8,0,C00690
503814,2025-08-14,1011,Jeans,Apparel,North America,Website,1,48.52,0.0,48.52,26.91,21.61,0,C01017
503815,2024-04-19,1023,Water Bottle,Sports,North America,Website,1,55.97,0.0,55.97,28.38,27.59,0,C00302
503816,2025-04-16,1023,Water Bottle,Sports,Europe,Website,1,55.97,0.0,55.97,28.38,27.59,0,C01149
503817,2025-05-02,1014,Hoodie,Apparel,Middle East,Website,1,71.73,0.2,57.38,49.43,7.95,0,C00576
503818,2024-09-28,1021,Dumbbells,Sports,North America,Marketplace,3,18.19,0.05,51.84,22.74,29.1,0,C01195
503819,2024-03-27,1001,Smart Watch,Electronics,Asia Pacific,Website,2,123.31,0.05,234.29,119.8,114.49,0,C01702
503820,2024-06-03,1000,Wireless Earbuds,Electronics,Latin America,Mobile App,1,80.93,0.0,80.93,33.09,47.84,0,C00642
503821,2025-06-04,1006,Coffee Maker,Home & Kitchen,Asia Pacific,Website,1,110.15,0.0,110.15,67.43,42.72,0,C00714
503822,2024-10-06,1011,Jeans,Apparel,Asia Pacific,Website,1,48.52,0.05,46.09,26.91,19.18,0,C01386
503823,2025-10-26,1005,Air Fryer,Home & Kitchen,Latin America,Mobile App,2,16.13,0.0,32.26,13.08,19.18,0,C00296
503824,2025-03-08,1018,Lipstick,Beauty,Europe,Website,1,41.98,0.0,41.98,27.85,14.13,0,C00457
503825,2025-02-16,1001,Smart Watch,Electronics,Europe,Mobile App,1,123.31,0.0,123.31,59.9,63.41,0,C00294
503826,2025-06-26,1010,T-Shirt,Apparel,Middle East,Website,3,79.05,0.05,225.29,152.67,72.62,0,C01191
503827,2025-03-19,1016,Shampoo,Beauty,North America,Mobile App,1,24.14,0.15,20.52,9.88,10.64,0,C01498
503828,2025-10-23,1005,Air Fryer,Home & Kitchen,Europe,Marketplace,1,16.13,0.1,14.52,6.54,7.98,0,C01678
503829,2024-08-12,1005,Air Fryer,Home & Kitchen,North America,Website,2,16.13,0.0,32.26,13.08,19.18,0,C00528
503830,2024-02-06,1021,Dumbbells,Sports,Middle East,Website,1,18.19,0.0,18.19,7.58,10.61,0,C00673
503831,2024-03-08,1022,Running Shoes,Sports,Middle East,Website,1,51.96,0.1,46.76,24.41,22.35,0,C01036
503832,2024-08-19,1024,Resistance Bands,Sports,Middle East,Mobile App,1,73.75,0.0,73.75,46.0,27.75,0,C00885
503833,2025-02-18,1006,Coffee Maker,Home & Kitchen,Latin America,Website,3,110.15,0.0,330.45,202.29,128.16,0,C00344
503834,2024-08-13,1009,Vacuum Cleaner,Home & Kitchen,Asia Pacific,Website,1,64.34,0.0,64.34,37.4,26.94,0,C01310
503835,2024-06-24,1016,Shampoo,Beauty,Europe,Website,2,24.14,0.0,48.28,19.76,28.52,0,C00452
503836,2024-10-21,1001,Smart Watch,Electronics,Middle East,Website,1,123.31,0.05,117.14,59.9,57.24,0,C00178
503837,2024-01-04,1024,Resistance Bands,Sports,North America,Website,1,73.75,0.0,73.75,46.0,27.75,0,C00237
503838,2025-12-18,1002,Bluetooth Speaker,Electronics,Middle East,Website,1,26.25,0.0,26.25,16.7,9.55,0,C00623
503839,2024-11-08,1013,Sneakers,Apparel,Europe,Website,1,39.27,0.15,33.38,19.98,13.4,0,C00575
503840,2025-11-28,1023,Water Bottle,Sports,North America,Website,1,55.97,0.0,55.97,28.38,27.59,0,C01732
503841,2024-12-06,1009,Vacuum Cleaner,Home & Kitchen,Latin America,Website,1,64.34,0.0,64.34,37.4,26.94,0,C00585
503842,2024-01-14,1019,Sunscreen,Beauty,Latin America,Website,1,106.12,0.0,106.12,56.32,49.8,1,C00162
503843,2024-01-22,1017,Moisturizer,Beauty,Europe,Marketplace,1,177.23,0.1,159.51,77.42,82.09,0,C01730
503844,2024-03-19,1014,Hoodie,Apparel,Europe,Mobile App,1,71.73,0.0,71.73,49.43,22.3,0,C01215
503845,2024-01-10,1019,Sunscreen,Beauty,Middle East,Website,1,106.12,0.1,95.51,56.32,39.19,0,C00344
503846,2025-04-30,1002,Bluetooth Speaker,Electronics,Middle East,Website,1,26.25,0.0,26.25,16.7,9.55,0,C00117
503847,2024-09-10,1019,Sunscreen,Beauty,Latin America,Website,1,106.12,0.0,106.12,56.32,49.8,0,C00622
503848,2024-01-18,1007,Blender,Home & Kitchen,Middle East,Mobile App,1,29.86,0.0,29.86,18.64,11.22,0,C00343
503849,2024-10-24,1011,Jeans,Apparel,Europe,Mobile App,2,48.52,0.1,87.34,53.82,33.52,0,C01500
503850,2024-06-20,1010,T-Shirt,Apparel,Europe,Mobile App,1,79.05,0.15,67.19,50.89,16.3,0,C01252
503851,2024-04-12,1015,Face Serum,Beauty,Asia Pacific,Mobile App,2,80.28,0.05,152.53,101.14,51.39,0,C01073
503852,2024-12-09,1010,T-Shirt,Apparel,Latin America,Website,1,79.05,0.0,79.05,50.89,28.16,0,C00285
503853,2024-12-25,1002,Bluetooth Speaker,Electronics,Middle East,Website,4,26.25,0.0,105.0,66.8,38.2,0,C00390
503854,2025-05-13,1006,Coffee Maker,Home & Kitchen,Asia Pacific,Website,1,110.15,0.1,99.14,67.43,31.71,0,C00816
503855,2024-01-14,1002,Bluetooth Speaker,Electronics,Asia Pacific,Website,1,26.25,0.0,26.25,16.7,9.55,0,C01313
503856,2024-12-07,1020,Yoga Mat,Sports,Middle East,Mobile App,1,27.52,0.0,27.52,14.15,13.37,1,C00108
503857,2025-09-02,1008,Cookware Set,Home & Kitchen,Latin America,Website,1,55.01,0.0,55.01,27.82,27.19,0,C00814
503858,2025-12-03,1011,Jeans,Apparel,Middle East,Mobile App,1,48.52,0.0,48.52,26.91,21.61,1,C01558
503859,2024-01-22,1021,Dumbbells,Sports,Europe,Marketplace,4,18.19,0.0,72.76,30.32,42.44,0,C01040
503860,2024-08-13,1015,Face Serum,Beauty,Europe,Website,2,80.28,0.0,160.56,101.14,59.42,0,C01597
503861,2024-02-01,1002,Bluetooth Speaker,Electronics,Europe,Mobile App,2,26.25,0.1,47.25,33.4,13.85,0,C01611
503862,2025-12-13,1019,Sunscreen,Beauty,Latin America,Website,1,106.12,0.0,106.12,56.32,49.8,0,C01459
503863,2024-04-01,1018,Lipstick,Beauty,Europe,Marketplace,1,41.98,0.05,39.88,27.85,12.03,1,C00408
503864,2025-01-21,1019,Sunscreen,Beauty,North America,Marketplace,1,106.12,0.0,106.12,56.32,49.8,0,C01039
503865,2025-10-03,1000,Wireless Earbuds,Electronics,Middle East,Marketplace,1,80.93,0.0,80.93,33.09,47.84,0,C00950
503866,2025-04-05,1010,T-Shirt,Apparel,Middle East,Website,1,79.05,0.05,75.1,50.89,24.21,0,C00374
503867,2025-11-26,1021,Dumbbells,Sports,Asia Pacific,Marketplace,1,18.19,0.0,18.19,7.58,10.61,0,C01738
503868,2025-02-04,1004,USB-C Hub,Electronics,Middle East,Website,1,109.12,0.05,103.66,50.08,53.58,0,C01035
503869,2024-10-09,1016,Shampoo,Beauty,Asia Pacific,Website,2,24.14,0.1,43.45,19.76,23.69,0,C00267
503870,2025-08-16,1009,Vacuum Cleaner,Home & Kitchen,Middle East,Mobile App,1,64.34,0.05,61.12,37.4,23.72,0,C01537
503871,2025-09-19,1008,Cookware Set,Home & Kitchen,North America,Website,1,55.01,0.15,46.76,27.82,18.94,0,C01598
503872,2025-04-10,1006,Coffee Maker,Home & Kitchen,Middle East,Marketplace,1,110.15,0.15,93.63,67.43,26.2,0,C01556
503873,2024-12-21,1012,Jacket,Apparel,Asia Pacific,Website,1,88.76,0.0,88.76,39.21,49.55,0,C01206
503874,2024-01-09,1014,Hoodie,Apparel,Latin America,Marketplace,3,71.73,0.0,215.19,148.29,66.9,0,C00266
503875,2024-05-30,1021,Dumbbells,Sports,Latin America,Mobile App,1,18.19,0.1,16.37,7.58,8.79,0,C00428
503876,2025-06-19,1011,Jeans,Apparel,Asia Pacific,Mobile App,1,48.52,0.05,46.09,26.91,19.18,0,C00038
503877,2025-11-11,1012,Jacket,Apparel,Europe,Website,1,88.76,0.0,88.76,39.21,49.55,0,C00875
503878,2024-10-22,1007,Blender,Home & Kitchen,North America,Mobile App,2,29.86,0.0,59.72,37.28,22.44,0,C01273
503879,2024-01-16,1014,Hoodie,Apparel,Latin America,Website,1,71.73,0.2,57.38,49.43,7.95,0,C01047
503880,2024-10-16,1005,Air Fryer,Home & Kitchen,Middle East,Website,1,16.13,0.05,15.32,6.54,8.78,0,C01296
503881,2025-05-15,1000,Wireless Earbuds,Electronics,Asia Pacific,Website,1,80.93,0.0,80.93,33.09,47.84,0,C00443
503882,2024-12-26,1012,Jacket,Apparel,North America,Website,1,88.76,0.0,88.76,39.21,49.55,0,C00034
503883,2024-05-21,1006,Coffee Maker,Home & Kitchen,Asia Pacific,Marketplace,2,110.15,0.05,209.28,134.86,74.42,0,C00229
503884,2025-05-29,1006,Coffee Maker,Home & Kitchen,Middle East,Website,2,110.15,0.05,209.28,134.86,74.42,0,C00362
503885,2024-03-29,1017,Moisturizer,Beauty,Asia Pacific,Website,1,177.23,0.1,159.51,77.42,82.09,0,C00738
503886,2024-07-20,1007,Blender,Home & Kitchen,Latin America,Mobile App,1,29.86,0.05,28.37,18.64,9.73,0,C01638
503887,2024-03-23,1010,T-Shirt,Apparel,Asia Pacific,Website,2,79.05,0.0,158.1,101.78,56.32,0,C00281
503888,2025-04-29,1008,Cookware Set,Home & Kitchen,Asia Pacific,Website,1,55.01,0.0,55.01,27.82,27.19,0,C01769
503889,2025-11-25,1018,Lipstick,Beauty,Latin America,Website,3,41.98,0.0,125.94,83.55,42.39,0,C00582
503890,2024-04-10,1000,Wireless Earbuds,Electronics,Asia Pacific,Marketplace,1,80.93,0.05,76.88,33.09,43.79,0,C00985
503891,2025-09-03,1006,Coffee Maker,Home & Kitchen,Asia Pacific,Website,1,110.15,0.0,110.15,67.43,42.72,0,C00318
503892,2025-03-22,1004,USB-C Hub,Electronics,Asia Pacific,Mobile App,1,109.12,0.0,109.12,50.08,59.04,0,C00869
503893,2024-05-22,1017,Moisturizer,Beauty,Europe,Website,1,177.23,0.05,168.37,77.42,90.95,0,C00256
503894,2025-03-02,1003,Laptop Stand,Electronics,Middle East,Website,1,22.02,0.05,20.92,9.36,11.56,0,C01117
503895,2024-11-08,1011,Jeans,Apparel,North America,Website,3,48.52,0.0,145.56,80.73,64.83,1,C01274
503896,2025-10-05,1009,Vacuum Cleaner,Home & Kitchen,Latin America,Mobile App,1,64.34,0.0,64.34,37.4,26.94,0,C01176
503897,2025-01-19,1019,Sunscreen,Beauty,Latin America,Website,1,106.12,0.0,106.12,56.32,49.8,1,C00713
503898,2025-06-23,1017,Moisturizer,Beauty,Latin America,Mobile App,1,177.23,0.0,177.23,77.42,99.81,0,C00709
503899,2025-05-30,1012,Jacket,Apparel,Asia Pacific,Website,1,88.76,0.0,88.76,39.21,49.55,0,C01465
503900,2025-03-13,1007,Blender,Home & Kitchen,Latin America,Website,3,29.86,0.0,89.58,55.92,33.66,0,C00397
503901,2025-02-24,1007,Blender,Home & Kitchen,Latin America,Website,1,29.86,0.0,29.86,18.64,11.22,0,C00840
503902,2025-07-26,1016,Shampoo,Beauty,North America,Marketplace,2,24.14,0.0,48.28,19.76,28.52,0,C00926
503903,2025-03-07,1023,Water Bottle,Sports,North America,Mobile App,3,55.97,0.0,167.91,85.14,82.77,0,C00759
503904,2025-09-21,1002,Bluetooth Speaker,Electronics,Asia Pacific,Mobile App,1,26.25,0.0,26.25,16.7,9.55,0,C00420
503905,2025-08-17,1003,Laptop Stand,Electronics,Middle East,Website,3,22.02,0.0,66.06,28.08,37.98,0,C00925
503906,2025-09-27,1006,Coffee Maker,Home & Kitchen,Middle East,Marketplace,1,110.15,0.0,110.15,67.43,42.72,0,C00557
503907,2024-10-27,1017,Moisturizer,Beauty,North America,Mobile App,2,177.23,0.05,336.74,154.84,181.9,0,C01022
503908,2025-02-06,1003,Laptop Stand,Electronics,Europe,Website,1,22.02,0.05,20.92,9.36,11.56,0,C00114
503909,2024-01-07,1015,Face Serum,Beauty,Latin America,Mobile App,2,80.28,0.1,144.5,101.14,43.36,0,C00536
503910,2025-06-14,1018,Lipstick,Beauty,Latin America,Mobile App,1,41.98,0.1,37.78,27.85,9.93,0,C00233
503911,2024-03-27,1022,Running Shoes,Sports,North America,Website,1,51.96,0.0,51.96,24.41,27.55,0,C00767
503912,2025-10-27,1008,Cookware Set,Home & Kitchen,North America,Website,1,55.01,0.05,52.26,27.82,24.44,0,C01351
503913,2024-04-09,1002,Bluetooth Speaker,Electronics,Asia Pacific,Mobile App,1,26.25,0.05,24.94,16.7,8.24,0,C01339
503914,2025-12-08,1010,T-Shirt,Apparel,Asia Pacific,Marketplace,3,79.05,0.15,201.58,152.67,48.91,0,C00918
503915,2024-05-04,1005,Air Fryer,Home & Kitchen,Middle East,Mobile App,1,16.13,0.0,16.13,6.54,9.59,0,C01210
503916,2024-02-24,1018,Lipstick,Beauty,Europe,Mobile App,1,41.98,0.0,41.98,27.85,14.13,0,C00914
503917,2025-07-29,1004,USB-C Hub,Electronics,Latin America,Website,1,109.12,0.0,109.12,50.08,59.04,0,C00302
503918,2025-11-22,1012,Jacket,Apparel,Europe,Website,1,88.76,0.0,88.76,39.21,49.55,0,C01749
503919,2024-11-14,1005,Air Fryer,Home & Kitchen,North America,Mobile App,1,16.13,0.0,16.13,6.54,9.59,0,C00292
503920,2025-09-30,1014,Hoodie,Apparel,Europe,Website,1,71.73,0.0,71.73,49.43,22.3,1,C00448
503921,2024-01-01,1009,Vacuum Cleaner,Home & Kitchen,Europe,Mobile App,1,64.34,0.0,64.34,37.4,26.94,0,C00599
503922,2024-05-03,1004,USB-C Hub,Electronics,Middle East,Website,1,109.12,0.0,109.12,50.08,59.04,0,C01421
503923,2024-07-28,1001,Smart Watch,Electronics,North America,Website,1,123.31,0.0,123.31,59.9,63.41,0,C01773
503924,2025-06-01,1003,Laptop Stand,Electronics,Latin America,Website,3,22.02,0.0,66.06,28.08,37.98,0,C00589
503925,2024-05-04,1013,Sneakers,Apparel,Asia Pacific,Website,1,39.27,0.0,39.27,19.98,19.29,0,C00722
503926,2024-07-07,1009,Vacuum Cleaner,Home & Kitchen,Europe,Mobile App,1,64.34,0.05,61.12,37.4,23.72,0,C01477
503927,2025-07-13,1006,Coffee Maker,Home & Kitchen,Asia Pacific,Mobile App,1,110.15,0.0,110.15,67.43,42.72,0,C00350
503928,2025-11-28,1003,Laptop Stand,Electronics,Latin America,Marketplace,1,22.02,0.05,20.92,9.36,11.56,0,C01024
503929,2025-09-23,1018,Lipstick,Beauty,North America,Website,1,41.98,0.0,41.98,27.85,14.13,0,C00310
503930,2025-10-13,1008,Cookware Set,Home & Kitchen,North America,Website,1,55.01,0.0,55.01,27.82,27.19,0,C01624
503931,2025-11-04,1019,Sunscreen,Beauty,Europe,Website,1,106.12,0.0,106.12,56.32,49.8,0,C00036
503932,2025-12-17,1013,Sneakers,Apparel,Middle East,Website,1,39.27,0.0,39.27,19.98,19.29,1,C01022
503933,2025-05-06,1020,Yoga Mat,Sports,Asia Pacific,Website,1,27.52,0.0,27.52,14.15,13.37,0,C00142
503934,2024-04-12,1005,Air Fryer,Home & Kitchen,Middle East,Website,1,16.13,0.0,16.13,6.54,9.59,0,C01153
503935,2025-11-14,1006,Coffee Maker,Home & Kitchen,Asia Pacific,Website,1,110.15,0.15,93.63,67.43,26.2,0,C01490
503936,2025-12-15,1005,Air Fryer,Home & Kitchen,North America,Website,1,16.13,0.05,15.32,6.54,8.78,0,C01103
503937,2025-03-11,1004,USB-C Hub,Electronics,Europe,Website,1,109.12,0.05,103.66,50.08,53.58,0,C00104
503938,2025-04-13,1001,Smart Watch,Electronics,North America,Mobile App,1,123.31,0.05,117.14,59.9,57.24,0,C00871
503939,2024-01-12,1003,Laptop Stand,Electronics,Middle East,Website,2,22.02,0.0,44.04,18.72,25.32,1,C00577
503940,2025-10-22,1011,Jeans,Apparel,Middle East,Website,1,48.52,0.0,48.52,26.91,21.61,0,C01499
503941,2024-12-29,1008,Cookware Set,Home & Kitchen,Europe,Website,1,55.01,0.0,55.01,27.82,27.19,0,C01054
503942,2025-04-14,1022,Running Shoes,Sports,Asia Pacific,Website,2,51.96,0.0,103.92,48.82,55.1,0,C01743
503943,2024-06-11,1008,Cookware Set,Home & Kitchen,Asia Pacific,Mobile App,1,55.01,0.05,52.26,27.82,24.44,0,C00269
503944,2025-05-30,1013,Sneakers,Apparel,Europe,Website,1,39.27,0.0,39.27,19.98,19.29,0,C00723
503945,2025-12-24,1006,Coffee Maker,Home & Kitchen,Middle East,Website,2,110.15,0.15,187.26,134.86,52.4,0,C00383
503946,2024-03-05,1015,Face Serum,Beauty,Europe,Mobile App,1,80.28,0.2,64.22,50.57,13.65,0,C00422
503947,2024-12-26,1003,Laptop Stand,Electronics,Middle East,Website,1,22.02,0.15,18.72,9.36,9.36,0,C00960
503948,2024-05-23,1022,Running Shoes,Sports,Asia Pacific,Mobile App,1,51.96,0.15,44.17,24.41,19.76,0,C01285
503949,2025-11-05,1020,Yoga Mat,Sports,Asia Pacific,Marketplace,1,27.52,0.0,27.52,14.15,13.37,0,C00285
503950,2024-03-10,1010,T-Shirt,Apparel,Latin America,Website,1,79.05,0.0,79.05,50.89,28.16,0,C00891
503951,2025-04-28,1014,Hoodie,Apparel,Middle East,Mobile App,1,71.73,0.0,71.73,49.43,22.3,0,C00357
503952,2025-08-12,1021,Dumbbells,Sports,Middle East,Mobile App,1,18.19,0.0,18.19,7.58,10.61,0,C00580
503953,2025-06-22,1023,Water Bottle,Sports,Asia Pacific,Website,1,55.97,0.0,55.97,28.38,27.59,0,C00902
503954,2024-11-27,1012,Jacket,Apparel,Middle East,Marketplace,1,88.76,0.2,71.01,39.21,31.8,0,C00618
503955,2024-12-22,1002,Bluetooth Speaker,Electronics,Middle East,Mobile App,1,26.25,0.0,26.25,16.7,9.55,0,C01363
503956,2025-02-17,1014,Hoodie,Apparel,North America,Website,3,71.73,0.0,215.19,148.29,66.9,0,C00482
503957,2024-06-11,1019,Sunscreen,Beauty,Europe,Website,2,106.12,0.0,212.24,112.64,99.6,0,C01044
503958,2024-04-18,1023,Water Bottle,Sports,Latin America,Marketplace,1,55.97,0.1,50.37,28.38,21.99,0,C01118
503959,2025-05-02,1002,Bluetooth Speaker,Electronics,Asia Pacific,Mobile App,1,26.25,0.0,26.25,16.7,9.55,0,C00246
503960,2024-08-30,1013,Sneakers,Apparel,North America,Marketplace,1,39.27,0.05,37.31,19.98,17.33,0,C01176
503961,2024-06-27,1001,Smart Watch,Electronics,Latin America,Mobile App,3,123.31,0.0,369.93,179.7,190.23,0,C01060
503962,2025-03-06,1003,Laptop Stand,Electronics,North America,Website,2,22.02,0.0,44.04,18.72,25.32,0,C00147
503963,2024-09-13,1003,Laptop Stand,Electronics,North America,Website,2,22.02,0.0,44.04,18.72,25.32,0,C01536
503964,2024-03-15,1015,Face Serum,Beauty,Latin America,Mobile App,3,80.28,0.0,240.84,151.71,89.13,0,C00297
503965,2025-09-13,1001,Smart Watch,Electronics,North America,Marketplace,1,123.31,0.0,123.31,59.9,63.41,0,C00234
503966,2024-11-24,1013,Sneakers,Apparel,North America,Mobile App,3,39.27,0.0,117.81,59.94,57.87,0,C00368
503967,2025-01-21,1010,T-Shirt,Apparel,Europe,Marketplace,2,79.05,0.0,158.1,101.78,56.32,1,C00483
503968,2025-08-10,1024,Resistance Bands,Sports,Middle East,Website,2,73.75,0.0,147.5,92.0,55.5,0,C00308
503969,2024-09-15,1003,Laptop Stand,Electronics,Latin America,Website,1,22.02,0.0,22.02,9.36,12.66,0,C01120
503970,2024-10-19,1013,Sneakers,Apparel,Europe,Website,2,39.27,0.0,78.54,39.96,38.58,0,C00947
503971,2024-06-14,1005,Air Fryer,Home & Kitchen,Latin America,Mobile App,1,16.13,0.0,16.13,6.54,9.59,0,C00776
503972,2024-07-15,1009,Vacuum Cleaner,Home & Kitchen,North America,Mobile App,1,64.34,0.0,64.34,37.4,26.94,0,C01273
503973,2025-10-06,1003,Laptop Stand,Electronics,North America,Website,1,22.02,0.0,22.02,9.36,12.66,1,C01645
503974,2024-05-23,1021,Dumbbells,Sports,North America,Website,1,18.19,0.0,18.19,7.58,10.61,0,C01492
503975,2025-02-21,1004,USB-C Hub,Electronics,Middle East,Mobile App,2,109.12,0.0,218.24,100.16,118.08,0,C01136
503976,2024-03-14,1014,Hoodie,Apparel,Asia Pacific,Website,2,71.73,0.0,143.46,98.86,44.6,1,C00941
503977,2025-10-19,1004,USB-C Hub,Electronics,Middle East,Website,1,109.12,0.0,109.12,50.08,59.04,0,C01314
503978,2024-07-31,1012,Jacket,Apparel,Middle East,Mobile App,1,88.76,0.0,88.76,39.21,49.55,0,C00719
503979,2025-05-27,1015,Face Serum,Beauty,Asia Pacific,Website,3,80.28,0.2,192.67,151.71,40.96,0,C01788
503980,2025-07-26,1000,Wireless Earbuds,Electronics,Europe,Mobile App,3,80.93,0.0,242.79,99.27,143.52,0,C00589
503981,2025-03-25,1014,Hoodie,Apparel,Latin America,Mobile App,3,71.73,0.0,215.19,148.29,66.9,0,C00081
503982,2024-03-13,1007,Blender,Home & Kitchen,Middle East,Website,2,29.86,0.0,59.72,37.28,22.44,0,C01684
503983,2025-06-13,1017,Moisturizer,Beauty,Asia Pacific,Website,1,177.23,0.0,177.23,77.42,99.81,1,C01283
503984,2025-05-25,1018,Lipstick,Beauty,Europe,Website,1,41.98,0.05,39.88,27.85,12.03,0,C00644
503985,2025-07-07,1011,Jeans,Apparel,Asia Pacific,Website,1,48.52,0.0,48.52,26.91,21.61,0,C00397
503986,2024-10-23,1010,T-Shirt,Apparel,Asia Pacific,Website,2,79.05,0.0,158.1,101.78,56.32,0,C00282
503987,2025-01-01,1010,T-Shirt,Apparel,North America,Marketplace,1,79.05,0.0,79.05,50.89,28.16,0,C01623
503988,2024-06-10,1002,Bluetooth Speaker,Electronics,Asia Pacific,Website,1,26.25,0.15,22.31,16.7,5.61,0,C01223
503989,2025-08-12,1013,Sneakers,Apparel,Europe,Marketplace,1,39.27,0.0,39.27,19.98,19.29,0,C00263
503990,2025-09-17,1019,Sunscreen,Beauty,Middle East,Website,1,106.12,0.0,106.12,56.32,49.8,0,C01271
503991,2025-09-25,1013,Sneakers,Apparel,North America,Mobile App,1,39.27,0.0,39.27,19.98,19.29,0,C00162
503992,2024-04-23,1018,Lipstick,Beauty,Middle East,Website,1,41.98,0.05,39.88,27.85,12.03,0,C00914
503993,2024-09-26,1023,Water Bottle,Sports,North America,Website,1,55.97,0.0,55.97,28.38,27.59,0,C00995
503994,2025-03-07,1015,Face Serum,Beauty,Asia Pacific,Website,1,80.28,0.0,80.28,50.57,29.71,0,C00345
503995,2024-03-01,1010,T-Shirt,Apparel,Europe,Website,1,79.05,0.05,75.1,50.89,24.21,0,C00234
503996,2024-12-03,1002,Bluetooth Speaker,Electronics,North America,Website,1,26.25,0.0,26.25,16.7,9.55,0,C01171
503997,2024-03-15,1008,Cookware Set,Home & Kitchen,Middle East,Marketplace,1,55.01,0.0,55.01,27.82,27.19,0,C00124
503998,2025-12-20,1000,Wireless Earbuds,Electronics,North America,Website,2,80.93,0.0,161.86,66.18,95.68,0,C01567
503999,2024-03-13,1001,Smart Watch,Electronics,Latin America,Mobile App,1,123.31,0.0,123.31,59.9,63.41,0,C00811
504000,2025-09-19,1017,Moisturizer,Beauty,North America,Marketplace,1,177.23,0.1,159.51,77.42,82.09,0,C01178
504001,2025-05-05,1015,Face Serum,Beauty,Europe,Website,3,80.28,0.0,240.84,151.71,89.13,1,C00497
504002,2024-02-12,1021,Dumbbells,Sports,North America,Website,1,18.19,0.0,18.19,7.58,10.61,0,C00192
504003,2025-06-03,1003,Laptop Stand,Electronics,Europe,Mobile App,1,22.02,0.0,22.02,9.36,12.66,0,C00103
504004,2025-03-17,1010,T-Shirt,Apparel,Latin America,Website,1,79.05,0.05,75.1,50.89,24.21,0,C00387
504005,2024-08-21,1022,Running Shoes,Sports,North America,Marketplace,2,51.96,0.05,98.72,48.82,49.9,0,C00098
504006,2024-01-27,1002,Bluetooth Speaker,Electronics,Europe,Mobile App,1,26.25,0.1,23.62,16.7,6.92,0,C00105
504007,2025-01-23,1003,Laptop Stand,Electronics,North America,Mobile App,2,22.02,0.0,44.04,18.72,25.32,0,C01771
504008,2024-02-23,1012,Jacket,Apparel,Latin America,Mobile App,1,88.76,0.15,75.45,39.21,36.24,0,C00421
504009,2025-12-13,1017,Moisturizer,Beauty,Europe,Website,1,177.23,0.0,177.23,77.42,99.81,0,C01424
504010,2025-03-13,1019,Sunscreen,Beauty,Middle East,Website,1,106.12,0.0,106.12,56.32,49.8,0,C00909
504011,2025-03-24,1024,Resistance Bands,Sports,North America,Marketplace,1,73.75,0.0,73.75,46.0,27.75,0,C00423
504012,2025-01-11,1013,Sneakers,Apparel,Asia Pacific,Website,1,39.27,0.1,35.34,19.98,15.36,0,C01232
504013,2025-03-23,1021,Dumbbells,Sports,North America,Website,1,18.19,0.0,18.19,7.58,10.61,0,C00409
504014,2024-04-04,1012,Jacket,Apparel,Middle East,Website,1,88.76,0.0,88.76,39.21,49.55,0,C01707
504015,2025-02-26,1014,Hoodie,Apparel,Middle East,Mobile App,1,71.73,0.0,71.73,49.43,22.3,0,C00121
504016,2024-01-16,1023,Water Bottle,Sports,Europe,Mobile App,1,55.97,0.0,55.97,28.38,27.59,0,C01070
504017,2024-03-19,1005,Air Fryer,Home & Kitchen,North America,Website,1,16.13,0.0,16.13,6.54,9.59,0,C01033
504018,2024-07-03,1016,Shampoo,Beauty,Asia Pacific,Website,2,24.14,0.15,41.04,19.76,21.28,0,C00455
504019,2024-12-24,1018,Lipstick,Beauty,Middle East,Mobile App,4,41.98,0.05,159.52,111.4,48.12,0,C00739
504020,2024-09-07,1023,Water Bottle,Sports,Asia Pacific,Website,1,55.97,0.0,55.97,28.38,27.59,0,C00421
504021,2025-02-11,1013,Sneakers,Apparel,Latin America,Mobile App,1,39.27,0.0,39.27,19.98,19.29,1,C01599
504022,2025-11-03,1017,Moisturizer,Beauty,North America,Website,2,177.23,0.0,354.46,154.84,199.62,0,C00198
504023,2025-07-10,1018,Lipstick,Beauty,Europe,Website,2,41.98,0.0,83.96,55.7,28.26,0,C00770
504024,2024-12-31,1008,Cookware Set,Home & Kitchen,Europe,Website,1,55.01,0.0,55.01,27.82,27.19,0,C00859
504025,2024-11-05,1005,Air Fryer,Home & Kitchen,Asia Pacific,Mobile App,1,16.13,0.15,13.71,6.54,7.17,0,C00243
504026,2024-10-26,1002,Bluetooth Speaker,Electronics,Europe,Mobile App,1,26.25,0.0,26.25,16.7,9.55,0,C00098
504027,2024-09-30,1021,Dumbbells,Sports,Asia Pacific,Mobile App,1,18.19,0.0,18.19,7.58,10.61,0,C00860
504028,2025-05-30,1000,Wireless Earbuds,Electronics,North America,Website,1,80.93,0.05,76.88,33.09,43.79,0,C00746
504029,2025-02-24,1015,Face Serum,Beauty,Middle East,Website,4,80.28,0.0,321.12,202.28,118.84,0,C00580
504030,2024-03-21,1021,Dumbbells,Sports,Europe,Marketplace,1,18.19,0.05,17.28,7.58,9.7,0,C00008
504031,2025-06-17,1007,Blender,Home & Kitchen,Europe,Website,1,29.86,0.15,25.38,18.64,6.74,0,C01202
504032,2025-07-20,1010,T-Shirt,Apparel,Europe,Website,2,79.05,0.05,150.2,101.78,48.42,0,C00204
504033,2024-05-25,1003,Laptop Stand,Electronics,North America,Marketplace,1,22.02,0.0,22.02,9.36,12.66,0,C00029
504034,2025-12-16,1002,Bluetooth Speaker,Electronics,Latin America,Mobile App,2,26.25,0.1,47.25,33.4,13.85,0,C00376
504035,2025-04-09,1003,Laptop Stand,Electronics,North America,Website,1,22.02,0.0,22.02,9.36,12.66,0,C00191
504036,2024-02-04,1023,Water Bottle,Sports,Asia Pacific,Website,1,55.97,0.0,55.97,28.38,27.59,0,C01115
504037,2025-01-28,1019,Sunscreen,Beauty,Asia Pacific,Mobile App,1,106.12,0.0,106.12,56.32,49.8,0,C01152
504038,2024-03-27,1006,Coffee Maker,Home & Kitchen,North America,Website,1,110.15,0.0,110.15,67.43,42.72,0,C00236
504039,2025-09-16,1000,Wireless Earbuds,Electronics,Latin America,Website,1,80.93,0.0,80.93,33.09,47.84,0,C00547
504040,2025-01-26,1004,USB-C Hub,Electronics,Latin America,Website,4,109.12,0.15,371.01,200.32,170.69,0,C01060
504041,2024-08-17,1018,Lipstick,Beauty,Europe,Website,1,41.98,0.1,37.78,27.85,9.93,0,C00010
504042,2025-11-06,1019,Sunscreen,Beauty,Latin America,Mobile App,1,106.12,0.0,106.12,56.32,49.8,0,C00037
504043,2025-11-07,1000,Wireless Earbuds,Electronics,Asia Pacific,Website,1,80.93,0.0,80.93,33.09,47.84,0,C01689
504044,2024-12-22,1024,Resistance Bands,Sports,North America,Marketplace,1,73.75,0.0,73.75,46.0,27.75,0,C01164
504045,2024-12-10,1000,Wireless Earbuds,Electronics,Asia Pacific,Mobile App,1,80.93,0.1,72.84,33.09,39.75,0,C00196
504046,2025-08-28,1020,Yoga Mat,Sports,Europe,Mobile App,1,27.52,0.0,27.52,14.15,13.37,0,C00996
504047,2024-12-15,1007,Blender,Home & Kitchen,Middle East,Website,1,29.86,0.1,26.87,18.64,8.23,0,C01307
504048,2025-03-13,1008,Cookware Set,Home & Kitchen,North America,Mobile App,2,55.01,0.0,110.02,55.64,54.38,0,C00590
504049,2025-07-20,1017,Moisturizer,Beauty,Latin America,Marketplace,1,177.23,0.0,177.23,77.42,99.81,0,C00072
504050,2025-11-25,1006,Coffee Maker,Home & Kitchen,Asia Pacific,Marketplace,2,110.15,0.0,220.3,134.86,85.44,0,C01332
504051,2025-07-01,1004,USB-C Hub,Electronics,Latin America,Website,2,109.12,0.0,218.24,100.16,118.08,0,C01139
504052,2025-08-04,1017,Moisturizer,Beauty,Middle East,Website,1,177.23,0.05,168.37,77.42,90.95,0,C00238
504053,2025-01-25,1006,Coffee Maker,Home & Kitchen,Latin America,Mobile App,1,110.15,0.05,104.64,67.43,37.21,0,C00305
504054,2024-08-31,1019,Sunscreen,Beauty,Europe,Marketplace,1,106.12,0.0,106.12,56.32,49.8,0,C00455
504055,2024-10-14,1021,Dumbbells,Sports,Asia Pacific,Website,1,18.19,0.0,18.19,7.58,10.61,0,C01758
504056,2024-09-12,1014,Hoodie,Apparel,Middle East,Website,1,71.73,0.0,71.73,49.43,22.3,0,C01780
504057,2025-08-07,1012,Jacket,Apparel,Latin America,Website,1,88.76,0.1,79.88,39.21,40.67,0,C00297
504058,2024-10-07,1001,Smart Watch,Electronics,Asia Pacific,Website,1,123.31,0.0,123.31,59.9,63.41,0,C01763
504059,2024-09-13,1022,Running Shoes,Sports,Middle East,Website,1,51.96,0.0,51.96,24.41,27.55,1,C00008
504060,2024-11-10,1016,Shampoo,Beauty,Middle East,Mobile App,1,24.14,0.2,19.31,9.88,9.43,0,C00771
504061,2024-09-27,1023,Water Bottle,Sports,Europe,Website,2,55.97,0.05,106.34,56.76,49.58,0,C01396
504062,2024-01-18,1015,Face Serum,Beauty,Latin America,Website,2,80.28,0.05,152.53,101.14,51.39,0,C01036
504063,2024-02-07,1018,Lipstick,Beauty,Asia Pacific,Website,2,41.98,0.0,83.96,55.7,28.26,0,C00248
504064,2025-07-23,1004,USB-C Hub,Electronics,Europe,Website,1,109.12,0.05,103.66,50.08,53.58,0,C00304
504065,2025-08-16,1024,Resistance Bands,Sports,North America,Website,1,73.75,0.05,70.06,46.0,24.06,0,C00405
504066,2025-09-16,1022,Running Shoes,Sports,Middle East,Website,1,51.96,0.1,46.76,24.41,22.35,0,C00260
504067,2024-03-06,1014,Hoodie,Apparel,Latin America,Website,1,71.73,0.0,71.73,49.43,22.3,0,C01626
504068,2024-10-09,1012,Jacket,Apparel,Asia Pacific,Marketplace,1,88.76,0.0,88.76,39.21,49.55,0,C01598
504069,2024-05-10,1021,Dumbbells,Sports,Europe,Mobile App,3,18.19,0.05,51.84,22.74,29.1,0,C00790
504070,2024-05-30,1023,Water Bottle,Sports,Middle East,Mobile App,1,55.97,0.05,53.17,28.38,24.79,0,C00022
504071,2024-08-26,1018,Lipstick,Beauty,North America,Mobile App,2,41.98,0.1,75.56,55.7,19.86,0,C00022
504072,2024-07-07,1011,Jeans,Apparel,Middle East,Marketplace,1,48.52,0.2,38.82,26.91,11.91,0,C00803
504073,2025-08-16,1010,T-Shirt,Apparel,Asia Pacific,Website,3,79.05,0.05,225.29,152.67,72.62,1,C01309
504074,2024-08-21,1007,Blender,Home & Kitchen,North America,Marketplace,1,29.86,0.0,29.86,18.64,11.22,0,C01309
504075,2024-09-22,1014,Hoodie,Apparel,Asia Pacific,Website,3,71.73,0.05,204.43,148.29,56.14,0,C00926
504076,2024-12-27,1017,Moisturizer,Beauty,Middle East,Mobile App,2,177.23,0.0,354.46,154.84,199.62,0,C00630
504077,2025-09-06,1000,Wireless Earbuds,Electronics,Europe,Website,1,80.93,0.05,76.88,33.09,43.79,0,C01454
504078,2024-03-20,1010,T-Shirt,Apparel,Middle East,Website,1,79.05,0.0,79.05,50.89,28.16,0,C00794
504079,2025-06-07,1018,Lipstick,Beauty,North America,Website,1,41.98,0.15,35.68,27.85,7.83,0,C00380
504080,2024-11-29,1022,Running Shoes,Sports,Middle East,Website,1,51.96,0.0,51.96,24.41,27.55,0,C01753
504081,2025-11-28,1004,USB-C Hub,Electronics,Latin America,Website,1,109.12,0.0,109.12,50.08,59.04,0,C00929
504082,2025-03-12,1007,Blender,Home & Kitchen,Asia Pacific,Website,1,29.86,0.05,28.37,18.64,9.73,0,C01182
504083,2024-11-30,1013,Sneakers,Apparel,Middle East,Mobile App,1,39.27,0.0,39.27,19.98,19.29,0,C01660
504084,2024-12-09,1022,Running Shoes,Sports,Latin America,Marketplace,1,51.96,0.0,51.96,24.41,27.55,0,C01327
504085,2025-01-18,1000,Wireless Earbuds,Electronics,Latin America,Marketplace,2,80.93,0.0,161.86,66.18,95.68,0,C00552
504086,2024-10-28,1015,Face Serum,Beauty,Middle East,Website,1,80.28,0.0,80.28,50.57,29.71,0,C00969
504087,2025-01-12,1006,Coffee Maker,Home & Kitchen,North America,Website,1,110.15,0.05,104.64,67.43,37.21,0,C01367
504088,2024-06-02,1008,Cookware Set,Home & Kitchen,Middle East,Website,1,55.01,0.0,55.01,27.82,27.19,1,C01082
504089,2025-09-15,1006,Coffee Maker,Home & Kitchen,Europe,Mobile App,2,110.15,0.05,209.28,134.86,74.42,0,C00689
504090,2025-06-07,1000,Wireless Earbuds,Electronics,Middle East,Mobile App,1,80.93,0.0,80.93,33.09,47.84,0,C01556
504091,2025-12-30,1017,Moisturizer,Beauty,Asia Pacific,Marketplace,2,177.23,0.0,354.46,154.84,199.62,0,C00979
504092,2025-01-22,1020,Yoga Mat,Sports,Middle East,Website,1,27.52,0.0,27.52,14.15,13.37,0,C00701
504093,2024-06-02,1005,Air Fryer,Home & Kitchen,Latin America,Mobile App,1,16.13,0.15,13.71,6.54,7.17,1,C01185
504094,2025-10-26,1011,Jeans,Apparel,North America,Marketplace,2,48.52,0.05,92.19,53.82,38.37,0,C00751
504095,2024-08-17,1016,Shampoo,Beauty,Middle East,Mobile App,1,24.14,0.05,22.93,9.88,13.05,0,C00553
504096,2025-08-11,1018,Lipstick,Beauty,Middle East,Mobile App,4,41.98,0.1,151.13,111.4,39.73,0,C01504
504097,2025-07-05,1014,Hoodie,Apparel,North America,Mobile App,1,71.73,0.05,68.14,49.43,18.71,0,C01612
504098,2025-06-24,1011,Jeans,Apparel,North America,Mobile App,1,48.52,0.0,48.52,26.91,21.61,0,C00779
504099,2025-11-06,1002,Bluetooth Speaker,Electronics,Middle East,Mobile App,1,26.25,0.0,26.25,16.7,9.55,0,C00823
504100,2024-11-20,1012,Jacket,Apparel,Asia Pacific,Website,1,88.76,0.0,88.76,39.21,49.55,0,C00967
504101,2025-08-12,1014,Hoodie,Apparel,Asia Pacific,Marketplace,1,71.73,0.1,64.56,49.43,15.13,0,C01142
504102,2024-12-02,1023,Water Bottle,Sports,Europe,Mobile App,1,55.97,0.1,50.37,28.38,21.99,0,C01520
504103,2025-01-05,1018,Lipstick,Beauty,Europe,Website,1,41.98,0.05,39.88,27.85,12.03,0,C00700
504104,2024-04-28,1024,Resistance Bands,Sports,Europe,Website,2,73.75,0.0,147.5,92.0,55.5,0,C00575
504105,2025-02-23,1013,Sneakers,Apparel,Asia Pacific,Website,1,39.27,0.0,39.27,19.98,19.29,0,C01244
504106,2025-07-27,1012,Jacket,Apparel,Middle East,Website,2,88.76,0.0,177.52,78.42,99.1,1,C00701
504107,2025-01-05,1021,Dumbbells,Sports,Latin America,Mobile App,1,18.19,0.0,18.19,7.58,10.61,0,C01028
504108,2025-04-04,1021,Dumbbells,Sports,Latin America,Website,1,18.19,0.05,17.28,7.58,9.7,0,C00374
504109,2024-05-08,1005,Air Fryer,Home & Kitchen,Middle East,Website,1,16.13,0.0,16.13,6.54,9.59,0,C00730
504110,2025-02-21,1023,Water Bottle,Sports,Middle East,Mobile App,1,55.97,0.1,50.37,28.38,21.99,0,C01114
504111,2025-09-12,1011,Jeans,Apparel,Asia Pacific,Mobile App,1,48.52,0.0,48.52,26.91,21.61,0,C00388
504112,2024-12-15,1010,T-Shirt,Apparel,Asia Pacific,Website,2,79.05,0.0,158.1,101.78,56.32,0,C01607
504113,2025-02-22,1014,Hoodie,Apparel,Latin America,Mobile App,1,71.73,0.0,71.73,49.43,22.3,0,C00422
504114,2024-05-31,1011,Jeans,Apparel,Middle East,Website,4,48.52,0.15,164.97,107.64,57.33,0,C01191
504115,2024-07-21,1005,Air Fryer,Home & Kitchen,Europe,Marketplace,1,16.13,0.0,16.13,6.54,9.59,0,C00998
504116,2024-01-16,1003,Laptop Stand,Electronics,Europe,Website,2,22.02,0.0,44.04,18.72,25.32,0,C01473
504117,2024-09-26,1007,Blender,Home & Kitchen,Middle East,Mobile App,1,29.86,0.0,29.86,18.64,11.22,0,C00916
504118,2025-04-26,1002,Bluetooth Speaker,Electronics,North America,Website,1,26.25,0.0,26.25,16.7,9.55,0,C01137
504119,2024-02-04,1023,Water Bottle,Sports,Latin America,Website,1,55.97,0.0,55.97,28.38,27.59,1,C01761
504120,2024-06-19,1004,USB-C Hub,Electronics,North America,Website,2,109.12,0.0,218.24,100.16,118.08,0,C00863
504121,2025-06-26,1008,Cookware Set,Home & Kitchen,Latin America,Marketplace,2,55.01,0.1,99.02,55.64,43.38,0,C01629
504122,2024-12-28,1005,Air Fryer,Home & Kitchen,Europe,Website,3,16.13,0.0,48.39,19.62,28.77,1,C01608
504123,2025-07-24,1008,Cookware Set,Home & Kitchen,Europe,Mobile App,1,55.01,0.15,46.76,27.82,18.94,0,C00110
504124,2024-05-01,1007,Blender,Home & Kitchen,Asia Pacific,Marketplace,2,29.86,0.0,59.72,37.28,22.44,0,C00189
504125,2024-12-10,1011,Jeans,Apparel,Middle East,Mobile App,3,48.52,0.0,145.56,80.73,64.83,0,C01607
504126,2024-04-20,1018,Lipstick,Beauty,North America,Website,1,41.98,0.0,41.98,27.85,14.13,0,C00096
504127,2024-12-29,1012,Jacket,Apparel,Latin America,Marketplace,1,88.76,0.0,88.76,39.21,49.55,0,C00832
504128,2025-10-07,1020,Yoga Mat,Sports,Latin America,Mobile App,1,27.52,0.05,26.14,14.15,11.99,0,C01094
504129,2025-03-22,1024,Resistance Bands,Sports,Asia Pacific,Mobile App,2,73.75,0.15,125.38,92.0,33.38,0,C00096
504130,2025-12-17,1002,Bluetooth Speaker,Electronics,Europe,Mobile App,2,26.25,0.0,52.5,33.4,19.1,0,C01685
504131,2025-08-26,1017,Moisturizer,Beauty,Middle East,Website,1,177.23,0.2,141.78,77.42,64.36,0,C01167
504132,2024-01-08,1013,Sneakers,Apparel,Middle East,Mobile App,1,39.27,0.0,39.27,19.98,19.29,0,C01631
504133,2025-11-21,1023,Water Bottle,Sports,Latin America,Website,4,55.97,0.05,212.69,113.52,99.17,0,C00772
504134,2025-03-25,1010,T-Shirt,Apparel,Europe,Mobile App,1,79.05,0.0,79.05,50.89,28.16,0,C00449
504135,2025-08-25,1018,Lipstick,Beauty,Asia Pacific,Marketplace,2,41.98,0.0,83.96,55.7,28.26,0,C01583
504136,2024-04-09,1024,Resistance Bands,Sports,Europe,Website,2,73.75,0.05,140.12,92.0,48.12,0,C00601
504137,2024-12-15,1016,Shampoo,Beauty,North America,Mobile App,1,24.14,0.0,24.14,9.88,14.26,0,C01747
504138,2025-06-21,1023,Water Bottle,Sports,Middle East,Mobile App,2,55.97,0.1,100.75,56.76,43.99,1,C01765
504139,2025-03-12,1022,Running Shoes,Sports,Asia Pacific,Website,1,51.96,0.1,46.76,24.41,22.35,0,C00660
504140,2024-11-22,1022,Running Shoes,Sports,Europe,Marketplace,1,51.96,0.1,46.76,24.41,22.35,0,C01534
504141,2024-02-12,1017,Moisturizer,Beauty,Europe,Website,1,177.23,0.0,177.23,77.42,99.81,0,C00556
504142,2024-10-11,1001,Smart Watch,Electronics,Middle East,Marketplace,3,123.31,0.0,369.93,179.7,190.23,0,C01232
504143,2024-11-17,1006,Coffee Maker,Home & Kitchen,North America,Website,1,110.15,0.0,110.15,67.43,42.72,0,C01422
504144,2024-06-18,1000,Wireless Earbuds,Electronics,North America,Website,1,80.93,0.0,80.93,33.09,47.84,0,C01558
504145,2025-05-13,1016,Shampoo,Beauty,Latin America,Website,1,24.14,0.05,22.93,9.88,13.05,1,C01403
504146,2024-06-22,1017,Moisturizer,Beauty,Asia Pacific,Marketplace,1,177.23,0.0,177.23,77.42,99.81,0,C01544
504147,2024-09-22,1014,Hoodie,Apparel,Middle East,Mobile App,1,71.73,0.0,71.73,49.43,22.3,0,C01004
504148,2024-08-25,1003,Laptop Stand,Electronics,Asia Pacific,Website,1,22.02,0.0,22.02,9.36,12.66,0,C00417
504149,2024-07-30,1007,Blender,Home & Kitchen,Middle East,Mobile App,2,29.86,0.1,53.75,37.28,16.47,0,C00940
504150,2024-06-21,1008,Cookware Set,Home & Kitchen,North America,Mobile App,1,55.01,0.15,46.76,27.82,18.94,0,C01460
504151,2024-02-10,1024,Resistance Bands,Sports,Middle East,Mobile App,1,73.75,0.05,70.06,46.0,24.06,0,C00459
504152,2024-07-18,1022,Running Shoes,Sports,North America,Website,1,51.96,0.0,51.96,24.41,27.55,1,C00649
504153,2024-01-27,1002,Bluetooth Speaker,Electronics,Asia Pacific,Website,1,26.25,0.0,26.25,16.7,9.55,0,C00889
504154,2025-08-07,1011,Jeans,Apparel,Latin America,Mobile App,1,48.52,0.1,43.67,26.91,16.76,0,C00508
504155,2025-06-17,1017,Moisturizer,Beauty,Europe,Mobile App,1,177.23,0.0,177.23,77.42,99.81,0,C01374
504156,2024-10-29,1012,Jacket,Apparel,North America,Mobile App,1,88.76,0.0,88.76,39.21,49.55,0,C00976
504157,2024-05-02,1000,Wireless Earbuds,Electronics,Latin America,Marketplace,1,80.93,0.2,64.74,33.09,31.65,0,C00223
504158,2025-05-20,1005,Air Fryer,Home & Kitchen,Asia Pacific,Website,2,16.13,0.0,32.26,13.08,19.18,0,C01477
504159,2024-05-20,1004,USB-C Hub,Electronics,Asia Pacific,Mobile App,2,109.12,0.0,218.24,100.16,118.08,0,C00519
504160,2024-04-29,1019,Sunscreen,Beauty,Asia Pacific,Mobile App,1,106.12,0.1,95.51,56.32,39.19,0,C00858
504161,2024-08-15,1015,Face Serum,Beauty,North America,Website,1,80.28,0.0,80.28,50.57,29.71,0,C00443
504162,2025-06-03,1005,Air Fryer,Home & Kitchen,Asia Pacific,Website,1,16.13,0.0,16.13,6.54,9.59,1,C01420
504163,2025-10-07,1023,Water Bottle,Sports,Middle East,Mobile App,1,55.97,0.2,44.78,28.38,16.4,0,C01205
504164,2024-03-16,1019,Sunscreen,Beauty,Asia Pacific,Marketplace,1,106.12,0.0,106.12,56.32,49.8,0,C00385
504165,2024-02-09,1000,Wireless Earbuds,Electronics,Latin America,Website,1,80.93,0.1,72.84,33.09,39.75,0,C00345
504166,2025-12-23,1003,Laptop Stand,Electronics,Middle East,Website,2,22.02,0.0,44.04,18.72,25.32,0,C00424
504167,2025-07-25,1023,Water Bottle,Sports,North America,Marketplace,1,55.97,0.05,53.17,28.38,24.79,0,C00932
504168,2025-10-04,1008,Cookware Set,Home & Kitchen,North America,Website,1,55.01,0.0,55.01,27.82,27.19,0,C01022
504169,2025-08-23,1019,Sunscreen,Beauty,Latin America,Marketplace,1,106.12,0.0,106.12,56.32,49.8,1,C00844
504170,2024-08-13,1013,Sneakers,Apparel,Europe,Website,1,39.27,0.0,39.27,19.98,19.29,0,C00857
504171,2024-06-04,1022,Running Shoes,Sports,Latin America,Mobile App,1,51.96,0.0,51.96,24.41,27.55,0,C01549
504172,2025-05-23,1023,Water Bottle,Sports,Asia Pacific,Website,1,55.97,0.0,55.97,28.38,27.59,0,C01502
504173,2025-10-12,1006,Coffee Maker,Home & Kitchen,North America,Marketplace,1,110.15,0.15,93.63,67.43,26.2,0,C00861
504174,2024-08-07,1021,Dumbbells,Sports,North America,Website,1,18.19,0.0,18.19,7.58,10.61,0,C00960
504175,2025-05-17,1011,Jeans,Apparel,Middle East,Mobile App,3,48.52,0.0,145.56,80.73,64.83,0,C00406
504176,2025-12-28,1015,Face Serum,Beauty,Europe,Website,3,80.28,0.0,240.84,151.71,89.13,0,C00944
504177,2025-12-05,1021,Dumbbells,Sports,Asia Pacific,Mobile App,3,18.19,0.0,54.57,22.74,31.83,1,C00438
504178,2025-10-08,1015,Face Serum,Beauty,Middle East,Website,1,80.28,0.0,80.28,50.57,29.71,0,C01016
504179,2024-12-23,1007,Blender,Home & Kitchen,Latin America,Mobile App,2,29.86,0.0,59.72,37.28,22.44,0,C00908
504180,2024-07-03,1012,Jacket,Apparel,Asia Pacific,Mobile App,1,88.76,0.0,88.76,39.21,49.55,1,C00044
504181,2024-10-26,1000,Wireless Earbuds,Electronics,Latin America,Website,1,80.93,0.15,68.79,33.09,35.7,0,C00189
504182,2025-10-07,1000,Wireless Earbuds,Electronics,Latin America,Mobile App,1,80.93,0.0,80.93,33.09,47.84,1,C01181
504183,2025-07-10,1002,Bluetooth Speaker,Electronics,Latin America,Website,1,26.25,0.0,26.25,16.7,9.55,0,C00976
504184,2024-08-12,1004,USB-C Hub,Electronics,North America,Marketplace,1,109.12,0.15,92.75,50.08,42.67,0,C00426
504185,2024-10-21,1006,Coffee Maker,Home & Kitchen,Latin America,Marketplace,1,110.15,0.05,104.64,67.43,37.21,0,C00747
504186,2024-11-29,1000,Wireless Earbuds,Electronics,Europe,Mobile App,1,80.93,0.0,80.93,33.09,47.84,0,C00520
504187,2024-04-28,1010,T-Shirt,Apparel,Europe,Website,1,79.05,0.0,79.05,50.89,28.16,0,C01245
504188,2024-11-22,1003,Laptop Stand,Electronics,North America,Website,1,22.02,0.0,22.02,9.36,12.66,0,C00497
504189,2025-02-11,1014,Hoodie,Apparel,Europe,Mobile App,2,71.73,0.15,121.94,98.86,23.08,0,C01197
504190,2025-05-10,1002,Bluetooth Speaker,Electronics,Latin America,Mobile App,2,26.25,0.0,52.5,33.4,19.1,0,C01374
504191,2025-12-04,1014,Hoodie,Apparel,Europe,Website,1,71.73,0.0,71.73,49.43,22.3,0,C01123
504192,2024-10-01,1005,Air Fryer,Home & Kitchen,Middle East,Website,1,16.13,0.1,14.52,6.54,7.98,0,C01532
504193,2025-02-22,1007,Blender,Home & Kitchen,North America,Mobile App,1,29.86,0.15,25.38,18.64,6.74,1,C01006
504194,2024-11-26,1007,Blender,Home & Kitchen,Asia Pacific,Mobile App,1,29.86,0.05,28.37,18.64,9.73,0,C01205
504195,2025-02-25,1009,Vacuum Cleaner,Home & Kitchen,Latin America,Mobile App,1,64.34,0.0,64.34,37.4,26.94,0,C01340
504196,2025-03-11,1014,Hoodie,Apparel,Latin America,Website,1,71.73,0.0,71.73,49.43,22.3,0,C01264
504197,2024-02-25,1018,Lipstick,Beauty,Asia Pacific,Website,2,41.98,0.1,75.56,55.7,19.86,0,C01005
504198,2024-08-12,1000,Wireless Earbuds,Electronics,Asia Pacific,Mobile App,1,80.93,0.0,80.93,33.09,47.84,0,C01405
504199,2024-02-16,1016,Shampoo,Beauty,Asia Pacific,Website,1,24.14,0.0,24.14,9.88,14.26,0,C00880
504200,2024-08-14,1019,Sunscreen,Beauty,Middle East,Marketplace,2,106.12,0.0,212.24,112.64,99.6,0,C00230
504201,2025-07-02,1003,Laptop Stand,Electronics,Europe,Mobile App,1,22.02,0.0,22.02,9.36,12.66,0,C00027
504202,2024-04-22,1001,Smart Watch,Electronics,Middle East,Mobile App,1,123.31,0.1,110.98,59.9,51.08,0,C00952
504203,2024-05-12,1018,Lipstick,Beauty,Middle East,Mobile App,1,41.98,0.0,41.98,27.85,14.13,0,C01525
504204,2024-01-22,1003,Laptop Stand,Electronics,Latin America,Website,1,22.02,0.0,22.02,9.36,12.66,0,C00692
504205,2025-12-22,1005,Air Fryer,Home & Kitchen,Asia Pacific,Marketplace,2,16.13,0.0,32.26,13.08,19.18,1,C00765
504206,2025-07-20,1021,Dumbbells,Sports,North America,Mobile App,1,18.19,0.15,15.46,7.58,7.88,0,C01703
504207,2025-06-15,1010,T-Shirt,Apparel,Europe,Website,1,79.05,0.0,79.05,50.89,28.16,1,C00019
504208,2024-07-22,1003,Laptop Stand,Electronics,Europe,Mobile App,1,22.02,0.0,22.02,9.36,12.66,0,C00387
504209,2025-02-09,1014,Hoodie,Apparel,Europe,Website,1,71.73,0.0,71.73,49.43,22.3,0,C01358
504210,2024-06-14,1022,Running Shoes,Sports,Asia Pacific,Website,1,51.96,0.15,44.17,24.41,19.76,0,C01561
504211,2024-08-08,1002,Bluetooth Speaker,Electronics,Middle East,Mobile App,2,26.25,0.1,47.25,33.4,13.85,0,C00057
504212,2024-01-14,1023,Water Bottle,Sports,North America,Mobile App,1,55.97,0.1,50.37,28.38,21.99,0,C00994
504213,2025-06-23,1012,Jacket,Apparel,North America,Mobile App,1,88.76,0.0,88.76,39.21,49.55,0,C00060
504214,2025-05-11,1024,Resistance Bands,Sports,North America,Website,1,73.75,0.1,66.38,46.0,20.38,0,C01330
504215,2024-11-04,1020,Yoga Mat,Sports,North America,Website,1,27.52,0.0,27.52,14.15,13.37,0,C01101
504216,2025-12-05,1020,Yoga Mat,Sports,Europe,Website,1,27.52,0.05,26.14,14.15,11.99,0,C00600
504217,2024-05-06,1002,Bluetooth Speaker,Electronics,Latin America,Mobile App,2,26.25,0.05,49.88,33.4,16.48,0,C00577
504218,2024-05-14,1005,Air Fryer,Home & Kitchen,Asia Pacific,Marketplace,1,16.13,0.2,12.9,6.54,6.36,0,C00300
504219,2024-03-19,1012,Jacket,Apparel,North America,Mobile App,3,88.76,0.0,266.28,117.63,148.65,0,C01230
504220,2025-12-21,1009,Vacuum Cleaner,Home & Kitchen,Latin America,Website,1,64.34,0.0,64.34,37.4,26.94,0,C00114
504221,2025-07-08,1019,Sunscreen,Beauty,Middle East,Marketplace,1,106.12,0.0,106.12,56.32,49.8,0,C00319
504222,2024-04-07,1011,Jeans,Apparel,Middle East,Mobile App,1,48.52,0.0,48.52,26.91,21.61,0,C00037
504223,2024-07-17,1009,Vacuum Cleaner,Home & Kitchen,Middle East,Marketplace,4,64.34,0.0,257.36,149.6,107.76,0,C01733
504224,2024-11-27,1020,Yoga Mat,Sports,Latin America,Mobile App,1,27.52,0.05,26.14,14.15,11.99,0,C00444
504225,2024-01-24,1018,Lipstick,Beauty,Asia Pacific,Website,1,41.98,0.05,39.88,27.85,12.03,0,C00165
504226,2024-07-26,1014,Hoodie,Apparel,North America,Website,1,71.73,0.0,71.73,49.43,22.3,0,C01047
504227,2025-11-02,1001,Smart Watch,Electronics,Middle East,Website,1,123.31,0.0,123.31,59.9,63.41,0,C01103
504228,2024-10-25,1018,Lipstick,Beauty,Latin America,Website,1,41.98,0.0,41.98,27.85,14.13,0,C00787
504229,2025-02-20,1019,Sunscreen,Beauty,Middle East,Website,1,106.12,0.05,100.81,56.32,44.49,0,C01119
504230,2024-10-18,1011,Jeans,Apparel,Middle East,Mobile App,1,48.52,0.0,48.52,26.91,21.61,0,C00615
504231,2025-01-26,1001,Smart Watch,Electronics,North America,Marketplace,1,123.31,0.0,123.31,59.9,63.41,0,C01331
504232,2025-02-07,1005,Air Fryer,Home & Kitchen,Asia Pacific,Mobile App,1,16.13,0.0,16.13,6.54,9.59,0,C01605
504233,2024-04-20,1013,Sneakers,Apparel,Latin America,Website,1,39.27,0.1,35.34,19.98,15.36,0,C00097
504234,2024-01-26,1019,Sunscreen,Beauty,Latin America,Mobile App,1,106.12,0.2,84.9,56.32,28.58,0,C00951
504235,2025-04-02,1009,Vacuum Cleaner,Home & Kitchen,Asia Pacific,Website,3,64.34,0.05,183.37,112.2,71.17,0,C01131
504236,2024-04-21,1005,Air Fryer,Home & Kitchen,Asia Pacific,Website,1,16.13,0.15,13.71,6.54,7.17,0,C00289
504237,2025-10-07,1022,Running Shoes,Sports,North America,Website,1,51.96,0.0,51.96,24.41,27.55,0,C00125
504238,2024-06-22,1024,Resistance Bands,Sports,Europe,Marketplace,1,73.75,0.2,59.0,46.0,13.0,0,C00806
504239,2025-05-16,1022,Running Shoes,Sports,Middle East,Website,1,51.96,0.0,51.96,24.41,27.55,0,C01094
504240,2024-05-24,1022,Running Shoes,Sports,Latin America,Mobile App,1,51.96,0.0,51.96,24.41,27.55,0,C01219
504241,2025-04-29,1023,Water Bottle,Sports,Middle East,Mobile App,2,55.97,0.0,111.94,56.76,55.18,0,C01689
504242,2025-08-03,1009,Vacuum Cleaner,Home & Kitchen,Europe,Website,2,64.34,0.0,128.68,74.8,53.88,0,C00831
504243,2025-05-20,1020,Yoga Mat,Sports,Asia Pacific,Website,2,27.52,0.0,55.04,28.3,26.74,0,C01290
504244,2024-12-11,1001,Smart Watch,Electronics,Europe,Website,2,123.31,0.0,246.62,119.8,126.82,0,C01413
504245,2025-12-06,1017,Moisturizer,Beauty,Middle East,Mobile App,1,177.23,0.05,168.37,77.42,90.95,0,C01266
504246,2024-01-06,1000,Wireless Earbuds,Electronics,Asia Pacific,Mobile App,2,80.93,0.05,153.77,66.18,87.59,0,C01780
504247,2025-07-29,1018,Lipstick,Beauty,Latin America,Mobile App,1,41.98,0.1,37.78,27.85,9.93,0,C00064
504248,2024-11-16,1018,Lipstick,Beauty,Europe,Website,1,41.98,0.1,37.78,27.85,9.93,1,C00542
504249,2025-12-26,1008,Cookware Set,Home & Kitchen,Latin America,Mobile App,2,55.01,0.05,104.52,55.64,48.88,0,C00713
504250,2024-03-24,1000,Wireless Earbuds,Electronics,North America,Website,3,80.93,0.0,242.79,99.27,143.52,0,C00852
504251,2024-03-20,1006,Coffee Maker,Home & Kitchen,Latin America,Website,1,110.15,0.0,110.15,67.43,42.72,0,C00824
504252,2024-01-14,1008,Cookware Set,Home & Kitchen,Europe,Mobile App,2,55.01,0.0,110.02,55.64,54.38,0,C00130
504253,2024-05-04,1019,Sunscreen,Beauty,Europe,Website,2,106.12,0.1,191.02,112.64,78.38,0,C00987
504254,2024-04-26,1006,Coffee Maker,Home & Kitchen,North America,Marketplace,2,110.15,0.0,220.3,134.86,85.44,0,C01571
504255,2025-05-22,1023,Water Bottle,Sports,Europe,Mobile App,1,55.97,0.15,47.57,28.38,19.19,0,C00088
504256,2025-06-21,1008,Cookware Set,Home & Kitchen,Latin America,Website,1,55.01,0.1,49.51,27.82,21.69,0,C01377
504257,2025-07-14,1008,Cookware Set,Home & Kitchen,Latin America,Website,1,55.01,0.1,49.51,27.82,21.69,0,C01328
504258,2024-10-30,1023,Water Bottle,Sports,North America,Website,2,55.97,0.0,111.94,56.76,55.18,0,C00624
504259,2024-10-28,1005,Air Fryer,Home & Kitchen,Asia Pacific,Mobile App,3,16.13,0.0,48.39,19.62,28.77,0,C01138
504260,2025-09-21,1005,Air Fryer,Home & Kitchen,Asia Pacific,Mobile App,1,16.13,0.0,16.13,6.54,9.59,0,C01784
504261,2024-06-18,1024,Resistance Bands,Sports,Europe,Website,1,73.75,0.0,73.75,46.0,27.75,0,C01248
504262,2025-12-02,1003,Laptop Stand,Electronics,Europe,Mobile App,2,22.02,0.0,44.04,18.72,25.32,0,C01700
504263,2025-01-15,1012,Jacket,Apparel,Middle East,Mobile App,2,88.76,0.0,177.52,78.42,99.1,0,C00017
504264,2025-04-28,1012,Jacket,Apparel,Latin America,Website,1,88.76,0.15,75.45,39.21,36.24,0,C00494
504265,2024-12-04,1016,Shampoo,Beauty,Europe,Website,2,24.14,0.0,48.28,19.76,28.52,0,C01285
504266,2025-04-30,1008,Cookware Set,Home & Kitchen,North America,Website,1,55.01,0.0,55.01,27.82,27.19,0,C00561
504267,2024-07-02,1014,Hoodie,Apparel,Europe,Website,1,71.73,0.0,71.73,49.43,22.3,0,C00882
504268,2024-01-06,1015,Face Serum,Beauty,Asia Pacific,Mobile App,2,80.28,0.0,160.56,101.14,59.42,0,C01361
504269,2024-07-23,1013,Sneakers,Apparel,North America,Mobile App,1,39.27,0.0,39.27,19.98,19.29,0,C01183
504270,2024-12-04,1024,Resistance Bands,Sports,North America,Website,1,73.75,0.0,73.75,46.0,27.75,0,C01269
504271,2025-04-24,1021,Dumbbells,Sports,Middle East,Website,1,18.19,0.0,18.19,7.58,10.61,0,C01160
504272,2024-12-24,1013,Sneakers,Apparel,Middle East,Marketplace,1,39.27,0.0,39.27,19.98,19.29,0,C00669
504273,2024-12-19,1008,Cookware Set,Home & Kitchen,North America,Marketplace,2,55.01,0.15,93.52,55.64,37.88,0,C00864
504274,2024-10-08,1003,Laptop Stand,Electronics,Asia Pacific,Mobile App,1,22.02,0.1,19.82,9.36,10.46,0,C01159
504275,2025-03-12,1023,Water Bottle,Sports,Middle East,Mobile App,1,55.97,0.0,55.97,28.38,27.59,0,C01301
504276,2025-01-11,1020,Yoga Mat,Sports,Middle East,Mobile App,2,27.52,0.05,52.29,28.3,23.99,0,C00468
504277,2024-09-17,1019,Sunscreen,Beauty,Middle East,Mobile App,2,106.12,0.0,212.24,112.64,99.6,0,C01755
504278,2025-11-06,1008,Cookware Set,Home & Kitchen,Europe,Website,1,55.01,0.05,52.26,27.82,24.44,0,C01208
504279,2024-06-05,1019,Sunscreen,Beauty,North America,Mobile App,2,106.12,0.15,180.4,112.64,67.76,0,C01521
504280,2024-10-13,1003,Laptop Stand,Electronics,Europe,Website,1,22.02,0.0,22.02,9.36,12.66,0,C01105
504281,2024-04-14,1014,Hoodie,Apparel,Europe,Mobile App,1,71.73,0.1,64.56,49.43,15.13,0,C01590
504282,2025-08-24,1010,T-Shirt,Apparel,Latin America,Website,1,79.05,0.0,79.05,50.89,28.16,0,C01168
504283,2025-08-29,1007,Blender,Home & Kitchen,Middle East,Website,1,29.86,0.0,29.86,18.64,11.22,0,C01032
504284,2025-09-22,1000,Wireless Earbuds,Electronics,Latin America,Website,2,80.93,0.0,161.86,66.18,95.68,0,C00863
504285,2024-01-03,1024,Resistance Bands,Sports,Europe,Marketplace,1,73.75,0.0,73.75,46.0,27.75,0,C00891
504286,2024-04-03,1008,Cookware Set,Home & Kitchen,Middle East,Website,4,55.01,0.0,220.04,111.28,108.76,0,C01047
504287,2024-06-17,1005,Air Fryer,Home & Kitchen,Latin America,Marketplace,1,16.13,0.05,15.32,6.54,8.78,0,C01227
504288,2024-11-27,1008,Cookware Set,Home & Kitchen,North America,Marketplace,3,55.01,0.0,165.03,83.46,81.57,0,C00285
504289,2024-02-23,1017,Moisturizer,Beauty,Europe,Mobile App,1,177.23,0.0,177.23,77.42,99.81,0,C00578
504290,2025-03-26,1012,Jacket,Apparel,Latin America,Mobile App,3,88.76,0.0,266.28,117.63,148.65,0,C00747
504291,2024-11-30,1017,Moisturizer,Beauty,Asia Pacific,Mobile App,1,177.23,0.0,177.23,77.42,99.81,0,C00213
504292,2024-04-30,1024,Resistance Bands,Sports,Europe,Mobile App,1,73.75,0.0,73.75,46.0,27.75,0,C01512
504293,2025-01-21,1002,Bluetooth Speaker,Electronics,Latin America,Mobile App,1,26.25,0.05,24.94,16.7,8.24,0,C01023
504294,2024-12-29,1015,Face Serum,Beauty,Asia Pacific,Mobile App,2,80.28,0.0,160.56,101.14,59.42,0,C01201
504295,2024-11-20,1024,Resistance Bands,Sports,Middle East,Website,2,73.75,0.0,147.5,92.0,55.5,0,C00540
504296,2025-09-11,1009,Vacuum Cleaner,Home & Kitchen,Europe,Marketplace,1,64.34,0.1,57.91,37.4,20.51,0,C01289
504297,2025-10-10,1019,Sunscreen,Beauty,Asia Pacific,Mobile App,1,106.12,0.1,95.51,56.32,39.19,0,C00044
504298,2025-03-23,1011,Jeans,Apparel,Middle East,Website,1,48.52,0.0,48.52,26.91,21.61,0,C00304
504299,2025-12-12,1009,Vacuum Cleaner,Home & Kitchen,Asia Pacific,Mobile App,2,64.34,0.0,128.68,74.8,53.88,1,C01519
504300,2025-07-25,1020,Yoga Mat,Sports,Latin America,Mobile App,1,27.52,0.05,26.14,14.15,11.99,0,C01716
504301,2024-07-01,1024,Resistance Bands,Sports,North America,Marketplace,2,73.75,0.0,147.5,92.0,55.5,0,C00276
504302,2025-04-22,1015,Face Serum,Beauty,Asia Pacific,Mobile App,1,80.28,0.0,80.28,50.57,29.71,0,C00583
504303,2024-08-06,1022,Running Shoes,Sports,Middle East,Mobile App,1,51.96,0.2,41.57,24.41,17.16,0,C00432
504304,2024-07-14,1005,Air Fryer,Home & Kitchen,Latin America,Website,2,16.13,0.0,32.26,13.08,19.18,0,C01384
504305,2024-01-11,1010,T-Shirt,Apparel,Europe,Website,1,79.05,0.0,79.05,50.89,28.16,0,C01541
504306,2025-06-22,1018,Lipstick,Beauty,Europe,Website,2,41.98,0.05,79.76,55.7,24.06,0,C01670
504307,2024-11-13,1021,Dumbbells,Sports,Asia Pacific,Website,2,18.19,0.05,34.56,15.16,19.4,0,C00973
504308,2025-01-12,1015,Face Serum,Beauty,Asia Pacific,Mobile App,1,80.28,0.0,80.28,50.57,29.71,0,C00094
504309,2024-01-14,1009,Vacuum Cleaner,Home & Kitchen,Middle East,Website,1,64.34,0.0,64.34,37.4,26.94,0,C01187
504310,2025-10-24,1023,Water Bottle,Sports,Asia Pacific,Mobile App,1,55.97,0.0,55.97,28.38,27.59,0,C01616
504311,2025-02-11,1011,Jeans,Apparel,North America,Marketplace,1,48.52,0.2,38.82,26.91,11.91,0,C00267
504312,2025-12-22,1019,Sunscreen,Beauty,Asia Pacific,Website,2,106.12,0.0,212.24,112.64,99.6,0,C01672
504313,2024-02-28,1021,Dumbbells,Sports,Middle East,Mobile App,1,18.19,0.0,18.19,7.58,10.61,0,C00385
504314,2025-04-27,1022,Running Shoes,Sports,Middle East,Mobile App,1,51.96,0.0,51.96,24.41,27.55,0,C01618
504315,2025-05-17,1022,Running Shoes,Sports,Europe,Website,2,51.96,0.0,103.92,48.82,55.1,0,C00223
504316,2025-10-25,1006,Coffee Maker,Home & Kitchen,Middle East,Mobile App,2,110.15,0.0,220.3,134.86,85.44,0,C00548
504317,2024-02-09,1018,Lipstick,Beauty,Asia Pacific,Website,2,41.98,0.1,75.56,55.7,19.86,0,C00013
504318,2024-06-05,1013,Sneakers,Apparel,Europe,Marketplace,2,39.27,0.0,78.54,39.96,38.58,0,C00362
504319,2024-05-14,1021,Dumbbells,Sports,North America,Website,2,18.19,0.05,34.56,15.16,19.4,0,C01258
504320,2024-05-02,1022,Running Shoes,Sports,North America,Website,2,51.96,0.0,103.92,48.82,55.1,0,C00044
504321,2025-12-28,1014,Hoodie,Apparel,North America,Website,3,71.73,0.05,204.43,148.29,56.14,0,C00247
504322,2025-07-11,1001,Smart Watch,Electronics,Asia Pacific,Marketplace,2,123.31,0.0,246.62,119.8,126.82,0,C00353
504323,2024-07-17,1015,Face Serum,Beauty,Middle East,Mobile App,4,80.28,0.0,321.12,202.28,118.84,0,C01253
504324,2024-12-06,1009,Vacuum Cleaner,Home & Kitchen,Asia Pacific,Marketplace,1,64.34,0.0,64.34,37.4,26.94,0,C01704
504325,2024-06-22,1006,Coffee Maker,Home & Kitchen,Middle East,Mobile App,1,110.15,0.0,110.15,67.43,42.72,0,C01301
504326,2025-01-10,1019,Sunscreen,Beauty,Middle East,Website,1,106.12,0.0,106.12,56.32,49.8,0,C00153
504327,2025-11-11,1022,Running Shoes,Sports,Latin America,Website,1,51.96,0.2,41.57,24.41,17.16,0,C01302
504328,2025-11-14,1016,Shampoo,Beauty,North America,Website,1,24.14,0.0,24.14,9.88,14.26,0,C00079
504329,2025-05-28,1013,Sneakers,Apparel,Europe,Mobile App,1,39.27,0.0,39.27,19.98,19.29,0,C01386
504330,2024-03-26,1005,Air Fryer,Home & Kitchen,Europe,Website,1,16.13,0.0,16.13,6.54,9.59,0,C00203
504331,2024-10-09,1007,Blender,Home & Kitchen,Middle East,Website,1,29.86,0.0,29.86,18.64,11.22,0,C00380
504332,2025-06-01,1004,USB-C Hub,Electronics,Latin America,Website,1,109.12,0.0,109.12,50.08,59.04,0,C00826
504333,2024-01-04,1015,Face Serum,Beauty,Asia Pacific,Website,2,80.28,0.0,160.56,101.14,59.42,0,C00644
504334,2024-12-25,1014,Hoodie,Apparel,North America,Website,1,71.73,0.15,60.97,49.43,11.54,0,C00548
504335,2025-08-04,1021,Dumbbells,Sports,North America,Mobile App,1,18.19,0.0,18.19,7.58,10.61,0,C00083
504336,2025-04-19,1024,Resistance Bands,Sports,North America,Website,1,73.75,0.0,73.75,46.0,27.75,0,C00021
504337,2024-04-02,1012,Jacket,Apparel,Europe,Mobile App,4,88.76,0.0,355.04,156.84,198.2,1,C01253
504338,2024-07-09,1023,Water Bottle,Sports,Asia Pacific,Mobile App,2,55.97,0.0,111.94,56.76,55.18,0,C00412
504339,2024-01-21,1006,Coffee Maker,Home & Kitchen,Europe,Mobile App,1,110.15,0.0,110.15,67.43,42.72,0,C00201
504340,2024-08-10,1022,Running Shoes,Sports,Asia Pacific,Website,1,51.96,0.0,51.96,24.41,27.55,0,C00140
504341,2024-09-09,1016,Shampoo,Beauty,Asia Pacific,Mobile App,1,24.14,0.0,24.14,9.88,14.26,0,C00217
504342,2025-10-19,1007,Blender,Home & Kitchen,Europe,Mobile App,1,29.86,0.15,25.38,18.64,6.74,0,C00493
504343,2024-05-15,1012,Jacket,Apparel,Asia Pacific,Website,1,88.76,0.0,88.76,39.21,49.55,0,C00588
504344,2025-12-23,1004,USB-C Hub,Electronics,Asia Pacific,Website,1,109.12,0.05,103.66,50.08,53.58,0,C00311
504345,2024-05-23,1014,Hoodie,Apparel,Middle East,Website,1,71.73,0.1,64.56,49.43,15.13,0,C01596
504346,2024-08-19,1013,Sneakers,Apparel,Europe,Website,1,39.27,0.1,35.34,19.98,15.36,0,C00345
504347,2024-07-23,1006,Coffee Maker,Home & Kitchen,Europe,Marketplace,1,110.15,0.0,110.15,67.43,42.72,0,C01300
504348,2024-09-22,1006,Coffee Maker,Home & Kitchen,Latin America,Website,1,110.15,0.1,99.14,67.43,31.71,0,C00119
504349,2025-05-16,1006,Coffee Maker,Home & Kitchen,Asia Pacific,Mobile App,2,110.15,0.0,220.3,134.86,85.44,0,C00903
504350,2024-12-23,1013,Sneakers,Apparel,Middle East,Website,1,39.27,0.0,39.27,19.98,19.29,0,C01710
504351,2025-10-08,1018,Lipstick,Beauty,Europe,Website,1,41.98,0.2,33.58,27.85,5.73,0,C01599
504352,2025-08-22,1023,Water Bottle,Sports,Latin America,Website,1,55.97,0.0,55.97,28.38,27.59,0,C01124
504353,2025-08-05,1011,Jeans,Apparel,Europe,Marketplace,1,48.52,0.0,48.52,26.91,21.61,0,C01772
504354,2025-03-20,1020,Yoga Mat,Sports,Asia Pacific,Mobile App,3,27.52,0.0,82.56,42.45,40.11,0,C01096
504355,2025-11-29,1019,Sunscreen,Beauty,Asia Pacific,Website,2,106.12,0.0,212.24,112.64,99.6,0,C01041
504356,2025-12-17,1014,Hoodie,Apparel,Middle East,Mobile App,2,71.73,0.0,143.46,98.86,44.6,0,C01371
504357,2024-10-02,1022,Running Shoes,Sports,North America,Mobile App,1,51.96,0.1,46.76,24.41,22.35,0,C01246
504358,2024-08-03,1022,Running Shoes,Sports,Asia Pacific,Website,1,51.96,0.0,51.96,24.41,27.55,0,C00587
504359,2024-09-24,1004,USB-C Hub,Electronics,North America,Marketplace,1,109.12,0.05,103.66,50.08,53.58,1,C00777
504360,2025-06-13,1015,Face Serum,Beauty,Europe,Website,1,80.28,0.2,64.22,50.57,13.65,0,C00769
504361,2025-04-23,1012,Jacket,Apparel,Middle East,Website,2,88.76,0.05,168.64,78.42,90.22,0,C00631
504362,2025-07-31,1007,Blender,Home & Kitchen,Latin America,Mobile App,1,29.86,0.0,29.86,18.64,11.22,0,C00112
504363,2024-02-04,1015,Face Serum,Beauty,Asia Pacific,Mobile App,1,80.28,0.05,76.27,50.57,25.7,0,C01717
504364,2025-10-06,1009,Vacuum Cleaner,Home & Kitchen,Asia Pacific,Marketplace,2,64.34,0.0,128.68,74.8,53.88,0,C00263
504365,2024-01-09,1007,Blender,Home & Kitchen,Europe,Website,1,29.86,0.0,29.86,18.64,11.22,0,C00111
504366,2024-12-08,1015,Face Serum,Beauty,Asia Pacific,Mobile App,2,80.28,0.0,160.56,101.14,59.42,0,C00656
504367,2024-04-12,1011,Jeans,Apparel,Europe,Marketplace,1,48.52,0.0,48.52,26.91,21.61,0,C00142
504368,2024-11-09,1011,Jeans,Apparel,Europe,Website,1,48.52,0.0,48.52,26.91,21.61,0,C01209
504369,2024-07-09,1024,Resistance Bands,Sports,North America,Website,1,73.75,0.0,73.75,46.0,27.75,0,C00148
504370,2025-09-23,1003,Laptop Stand,Electronics,Latin America,Mobile App,1,22.02,0.0,22.02,9.36,12.66,1,C00343
504371,2025-12-12,1017,Moisturizer,Beauty,Latin America,Mobile App,1,177.23,0.1,159.51,77.42,82.09,0,C01647
504372,2025-04-29,1014,Hoodie,Apparel,Europe,Website,1,71.73,0.05,68.14,49.43,18.71,0,C01456
504373,2025-01-17,1009,Vacuum Cleaner,Home & Kitchen,Middle East,Website,1,64.34,0.05,61.12,37.4,23.72,0,C00818
504374,2025-11-25,1019,Sunscreen,Beauty,Latin America,Website,1,106.12,0.0,106.12,56.32,49.8,1,C00119
504375,2024-08-27,1001,Smart Watch,Electronics,Middle East,Website,3,123.31,0.0,369.93,179.7,190.23,0,C01417
504376,2025-03-12,1006,Coffee Maker,Home & Kitchen,Asia Pacific,Marketplace,2,110.15,0.0,220.3,134.86,85.44,0,C00935
504377,2025-02-14,1001,Smart Watch,Electronics,Middle East,Website,1,123.31,0.0,123.31,59.9,63.41,0,C00482
504378,2025-06-08,1006,Coffee Maker,Home & Kitchen,Europe,Marketplace,2,110.15,0.0,220.3,134.86,85.44,0,C01017
504379,2025-09-03,1019,Sunscreen,Beauty,Middle East,Website,2,106.12,0.0,212.24,112.64,99.6,0,C01480
504380,2025-08-04,1007,Blender,Home & Kitchen,Europe,Website,1,29.86,0.0,29.86,18.64,11.22,0,C01444
504381,2024-12-07,1002,Bluetooth Speaker,Electronics,North America,Marketplace,1,26.25,0.0,26.25,16.7,9.55,1,C01228
504382,2024-11-12,1008,Cookware Set,Home & Kitchen,Europe,Mobile App,2,55.01,0.0,110.02,55.64,54.38,0,C00149
504383,2025-04-14,1005,Air Fryer,Home & Kitchen,Latin America,Website,1,16.13,0.05,15.32,6.54,8.78,0,C01451
504384,2024-01-01,1001,Smart Watch,Electronics,Europe,Website,1,123.31,0.0,123.31,59.9,63.41,0,C01077
504385,2024-06-25,1018,Lipstick,Beauty,Asia Pacific,Website,1,41.98,0.0,41.98,27.85,14.13,0,C00657
504386,2024-07-08,1009,Vacuum Cleaner,Home & Kitchen,Europe,Marketplace,1,64.34,0.0,64.34,37.4,26.94,0,C00142
504387,2025-03-23,1004,USB-C Hub,Electronics,North America,Mobile App,2,109.12,0.0,218.24,100.16,118.08,0,C00510
504388,2024-06-06,1010,T-Shirt,Apparel,Middle East,Mobile App,2,79.05,0.0,158.1,101.78,56.32,0,C01518
504389,2025-01-18,1001,Smart Watch,Electronics,North America,Website,2,123.31,0.05,234.29,119.8,114.49,0,C01580
504390,2024-12-18,1007,Blender,Home & Kitchen,North America,Website,1,29.86,0.1,26.87,18.64,8.23,0,C00159
504391,2025-12-04,1015,Face Serum,Beauty,Latin America,Mobile App,1,80.28,0.0,80.28,50.57,29.71,0,C00908
504392,2025-04-28,1000,Wireless Earbuds,Electronics,Latin America,Mobile App,1,80.93,0.0,80.93,33.09,47.84,0,C00366
504393,2025-12-24,1010,T-Shirt,Apparel,Europe,Mobile App,1,79.05,0.0,79.05,50.89,28.16,0,C01185
504394,2024-04-08,1000,Wireless Earbuds,Electronics,Latin America,Website,1,80.93,0.0,80.93,33.09,47.84,0,C00657
504395,2024-05-16,1009,Vacuum Cleaner,Home & Kitchen,Latin America,Mobile App,3,64.34,0.0,193.02,112.2,80.82,0,C00300
504396,2024-10-16,1003,Laptop Stand,Electronics,Latin America,Mobile App,1,22.02,0.0,22.02,9.36,12.66,1,C00903
504397,2025-06-30,1007,Blender,Home & Kitchen,North America,Website,3,29.86,0.0,89.58,55.92,33.66,0,C00839
504398,2025-11-16,1016,Shampoo,Beauty,Middle East,Website,2,24.14,0.0,48.28,19.76,28.52,0,C01542
504399,2025-09-15,1009,Vacuum Cleaner,Home & Kitchen,Europe,Mobile App,1,64.34,0.0,64.34,37.4,26.94,0,C00304
504400,2025-01-12,1001,Smart Watch,Electronics,Asia Pacific,Website,1,123.31,0.0,123.31,59.9,63.41,0,C01234
504401,2024-01-02,1016,Shampoo,Beauty,Middle East,Mobile App,4,24.14,0.0,96.56,39.52,57.04,0,C01132
504402,2025-02-11,1005,Air Fryer,Home & Kitchen,North America,Mobile App,1,16.13,0.0,16.13,6.54,9.59,1,C00477
504403,2024-05-21,1016,Shampoo,Beauty,Latin America,Website,1,24.14,0.0,24.14,9.88,14.26,0,C00194
504404,2024-08-04,1005,Air Fryer,Home & Kitchen,Asia Pacific,Website,1,16.13,0.0,16.13,6.54,9.59,0,C01172
504405,2024-12-13,1015,Face Serum,Beauty,Latin America,Mobile App,1,80.28,0.15,68.24,50.57,17.67,0,C00225
504406,2025-03-11,1020,Yoga Mat,Sports,Europe,Website,1,27.52,0.0,27.52,14.15,13.37,0,C00880
504407,2025-01-31,1004,USB-C Hub,Electronics,Latin America,Website,1,109.12,0.0,109.12,50.08,59.04,0,C00389
504408,2025-03-07,1013,Sneakers,Apparel,Europe,Website,2,39.27,0.0,78.54,39.96,38.58,0,C00482
504409,2025-11-29,1010,T-Shirt,Apparel,Middle East,Mobile App,1,79.05,0.05,75.1,50.89,24.21,0,C01173
504410,2025-04-21,1010,T-Shirt,Apparel,North America,Website,1,79.05,0.0,79.05,50.89,28.16,0,C01019
504411,2024-04-13,1014,Hoodie,Apparel,Latin America,Mobile App,1,71.73,0.0,71.73,49.43,22.3,0,C00672
504412,2024-01-13,1023,Water Bottle,Sports,Europe,Website,1,55.97,0.05,53.17,28.38,24.79,0,C00939
504413,2025-08-11,1016,Shampoo,Beauty,Middle East,Website,1,24.14,0.05,22.93,9.88,13.05,0,C00826
504414,2025-04-10,1019,Sunscreen,Beauty,North America,Website,1,106.12,0.0,106.12,56.32,49.8,0,C01692
504415,2025-11-17,1006,Coffee Maker,Home & Kitchen,Latin America,Website,2,110.15,0.0,220.3,134.86,85.44,0,C01474
504416,2024-02-25,1019,Sunscreen,Beauty,Asia Pacific,Website,1,106.12,0.0,106.12,56.32,49.8,0,C01648
504417,2025-10-11,1008,Cookware Set,Home & Kitchen,North America,Mobile App,1,55.01,0.0,55.01,27.82,27.19,0,C00027
504418,2025-04-06,1005,Air Fryer,Home & Kitchen,Middle East,Website,1,16.13,0.0,16.13,6.54,9.59,0,C01038
504419,2025-04-29,1008,Cookware Set,Home & Kitchen,Asia Pacific,Mobile App,1,55.01,0.0,55.01,27.82,27.19,0,C01755
504420,2025-01-08,1016,Shampoo,Beauty,North America,Mobile App,2,24.14,0.2,38.62,19.76,18.86,0,C01014
504421,2025-03-10,1013,Sneakers,Apparel,Middle East,Mobile App,1,39.27,0.0,39.27,19.98,19.29,0,C01064
504422,2025-11-21,1018,Lipstick,Beauty,North America,Website,2,41.98,0.1,75.56,55.7,19.86,0,C01705
504423,2024-12-11,1024,Resistance Bands,Sports,Middle East,Website,1,73.75,0.0,73.75,46.0,27.75,0,C00481
504424,2025-06-11,1001,Smart Watch,Electronics,Middle East,Mobile App,2,123.31,0.0,246.62,119.8,126.82,0,C00014
504425,2025-04-10,1010,T-Shirt,Apparel,Latin America,Website,1,79.05,0.0,79.05,50.89,28.16,0,C00169
504426,2024-10-15,1014,Hoodie,Apparel,North America,Website,1,71.73,0.0,71.73,49.43,22.3,0,C00072
504427,2025-05-16,1005,Air Fryer,Home & Kitchen,Latin America,Website,4,16.13,0.0,64.52,26.16,38.36,0,C01136
504428,2025-09-05,1021,Dumbbells,Sports,Asia Pacific,Website,1,18.19,0.0,18.19,7.58,10.61,0,C00147
504429,2024-12-11,1009,Vacuum Cleaner,Home & Kitchen,Asia Pacific,Mobile App,2,64.34,0.0,128.68,74.8,53.88,0,C00024
504430,2024-01-25,1014,Hoodie,Apparel,Middle East,Website,1,71.73,0.1,64.56,49.43,15.13,0,C01772
504431,2024-10-27,1000,Wireless Earbuds,Electronics,Asia Pacific,Website,1,80.93,0.15,68.79,33.09,35.7,0,C01211
504432,2025-04-02,1023,Water Bottle,Sports,Asia Pacific,Website,1,55.97,0.0,55.97,28.38,27.59,0,C01099
504433,2024-02-06,1023,Water Bottle,Sports,Middle East,Website,2,55.97,0.0,111.94,56.76,55.18,0,C01247
504434,2024-02-07,1014,Hoodie,Apparel,Middle East,Mobile App,1,71.73,0.0,71.73,49.43,22.3,0,C00286
504435,2024-09-11,1006,Coffee Maker,Home & Kitchen,Europe,Website,1,110.15,0.05,104.64,67.43,37.21,0,C01597
504436,2024-04-06,1001,Smart Watch,Electronics,Europe,Mobile App,1,123.31,0.0,123.31,59.9,63.41,0,C00974
504437,2025-10-10,1021,Dumbbells,Sports,Latin America,Website,1,18.19,0.0,18.19,7.58,10.61,0,C00642
504438,2024-10-08,1021,Dumbbells,Sports,Asia Pacific,Marketplace,1,18.19,0.0,18.19,7.58,10.61,0,C01460
504439,2025-12-06,1016,Shampoo,Beauty,Middle East,Website,1,24.14,0.0,24.14,9.88,14.26,0,C01392
504440,2025-06-20,1019,Sunscreen,Beauty,Middle East,Website,2,106.12,0.1,191.02,112.64,78.38,1,C00365
504441,2024-03-19,1001,Smart Watch,Electronics,Asia Pacific,Website,1,123.31,0.0,123.31,59.9,63.41,0,C00988
504442,2024-05-30,1010,T-Shirt,Apparel,Middle East,Marketplace,1,79.05,0.0,79.05,50.89,28.16,0,C00681
504443,2025-10-15,1005,Air Fryer,Home & Kitchen,North America,Website,1,16.13,0.0,16.13,6.54,9.59,0,C00030
504444,2024-03-21,1013,Sneakers,Apparel,Asia Pacific,Marketplace,1,39.27,0.05,37.31,19.98,17.33,0,C00701
504445,2024-11-05,1015,Face Serum,Beauty,Latin America,Website,1,80.28,0.0,80.28,50.57,29.71,1,C00577
504446,2024-07-07,1020,Yoga Mat,Sports,Asia Pacific,Mobile App,1,27.52,0.1,24.77,14.15,10.62,0,C00613
504447,2024-03-22,1017,Moisturizer,Beauty,Latin America,Marketplace,2,177.23,0.1,319.01,154.84,164.17,0,C01179
504448,2024-07-15,1015,Face Serum,Beauty,Middle East,Website,1,80.28,0.0,80.28,50.57,29.71,0,C00046
504449,2024-11-06,1007,Blender,Home & Kitchen,Middle East,Mobile App,2,29.86,0.0,59.72,37.28,22.44,0,C00221
504450,2024-09-06,1000,Wireless Earbuds,Electronics,North America,Website,2,80.93,0.0,161.86,66.18,95.68,0,C00719
504451,2025-04-29,1018,Lipstick,Beauty,Europe,Mobile App,1,41.98,0.0,41.98,27.85,14.13,0,C00224
504452,2025-03-23,1017,Moisturizer,Beauty,Asia Pacific,Mobile App,1,177.23,0.0,177.23,77.42,99.81,0,C00590
504453,2024-07-09,1013,Sneakers,Apparel,Asia Pacific,Mobile App,1,39.27,0.0,39.27,19.98,19.29,0,C01325
504454,2024-02-16,1004,USB-C Hub,Electronics,Middle East,Website,3,109.12,0.0,327.36,150.24,177.12,0,C00721
504455,2024-07-04,1014,Hoodie,Apparel,Asia Pacific,Website,1,71.73,0.05,68.14,49.43,18.71,0,C00863
504456,2025-02-20,1016,Shampoo,Beauty,Europe,Website,2,24.14,0.0,48.28,19.76,28.52,0,C00453
504457,2025-02-28,1017,Moisturizer,Beauty,Europe,Website,1,177.23,0.0,177.23,77.42,99.81,0,C01768
504458,2025-04-18,1016,Shampoo,Beauty,Middle East,Mobile App,1,24.14,0.2,19.31,9.88,9.43,0,C01532
504459,2025-10-12,1001,Smart Watch,Electronics,Asia Pacific,Website,2,123.31,0.0,246.62,119.8,126.82,0,C01196
504460,2024-08-18,1005,Air Fryer,Home & Kitchen,North America,Mobile App,1,16.13,0.1,14.52,6.54,7.98,0,C01734
504461,2024-08-14,1014,Hoodie,Apparel,North America,Mobile App,1,71.73,0.0,71.73,49.43,22.3,0,C00485
504462,2025-12-30,1017,Moisturizer,Beauty,Middle East,Mobile App,1,177.23,0.0,177.23,77.42,99.81,0,C00876
504463,2025-08-25,1001,Smart Watch,Electronics,Latin America,Mobile App,3,123.31,0.0,369.93,179.7,190.23,0,C01130
504464,2024-12-02,1020,Yoga Mat,Sports,Middle East,Website,1,27.52,0.05,26.14,14.15,11.99,0,C00442
504465,2025-07-25,1012,Jacket,Apparel,North America,Website,1,88.76,0.0,88.76,39.21,49.55,0,C01051
504466,2024-11-23,1011,Jeans,Apparel,Asia Pacific,Mobile App,1,48.52,0.0,48.52,26.91,21.61,0,C01610
504467,2024-06-04,1020,Yoga Mat,Sports,Latin America,Marketplace,2,27.52,0.0,55.04,28.3,26.74,0,C00656
504468,2025-05-25,1022,Running Shoes,Sports,Europe,Mobile App,1,51.96,0.0,51.96,24.41,27.55,0,C01091
504469,2024-06-23,1023,Water Bottle,Sports,Latin America,Website,1,55.97,0.15,47.57,28.38,19.19,0,C01783
504470,2024-02-03,1008,Cookware Set,Home & Kitchen,Middle East,Marketplace,1,55.01,0.0,55.01,27.82,27.19,1,C00707
504471,2025-10-08,1014,Hoodie,Apparel,Latin America,Mobile App,1,71.73,0.0,71.73,49.43,22.3,0,C00170
504472,2024-12-19,1012,Jacket,Apparel,North America,Website,2,88.76,0.1,159.77,78.42,81.35,0,C00033
504473,2025-06-26,1012,Jacket,Apparel,Asia Pacific,Website,1,88.76,0.0,88.76,39.21,49.55,0,C01728
504474,2024-11-18,1008,Cookware Set,Home & Kitchen,Latin America,Mobile App,1,55.01,0.05,52.26,27.82,24.44,0,C01723
504475,2024-01-31,1020,Yoga Mat,Sports,Europe,Mobile App,4,27.52,0.0,110.08,56.6,53.48,0,C00579
504476,2024-06-19,1006,Coffee Maker,Home & Kitchen,Middle East,Website,1,110.15,0.0,110.15,67.43,42.72,0,C00840
504477,2025-03-17,1014,Hoodie,Apparel,Latin America,Marketplace,1,71.73,0.0,71.73,49.43,22.3,0,C00263
504478,2024-01-24,1003,Laptop Stand,Electronics,Asia Pacific,Mobile App,3,22.02,0.1,59.45,28.08,31.37,0,C00445
504479,2025-05-17,1018,Lipstick,Beauty,Europe,Website,1,41.98,0.0,41.98,27.85,14.13,0,C00435
504480,2025-07-04,1004,USB-C Hub,Electronics,Europe,Website,1,109.12,0.0,109.12,50.08,59.04,0,C01472
504481,2024-05-06,1022,Running Shoes,Sports,North America,Website,1,51.96,0.0,51.96,24.41,27.55,0,C01482
504482,2024-08-04,1007,Blender,Home & Kitchen,North America,Mobile App,1,29.86,0.0,29.86,18.64,11.22,0,C01272
504483,2024-07-01,1015,Face Serum,Beauty,Europe,Mobile App,1,80.28,0.1,72.25,50.57,21.68,0,C00250
504484,2025-02-14,1006,Coffee Maker,Home & Kitchen,Middle East,Website,1,110.15,0.0,110.15,67.43,42.72,0,C00352
504485,2024-08-10,1003,Laptop Stand,Electronics,Latin America,Marketplace,1,22.02,0.0,22.02,9.36,12.66,0,C01072
504486,2024-10-12,1019,Sunscreen,Beauty,Asia Pacific,Mobile App,2,106.12,0.2,169.79,112.64,57.15,0,C00073
504487,2025-10-07,1005,Air Fryer,Home & Kitchen,North America,Mobile App,1,16.13,0.2,12.9,6.54,6.36,0,C00729
504488,2025-12-04,1010,T-Shirt,Apparel,Asia Pacific,Mobile App,2,79.05,0.0,158.1,101.78,56.32,0,C00028
504489,2025-06-29,1000,Wireless Earbuds,Electronics,Latin America,Website,2,80.93,0.1,145.67,66.18,79.49,0,C00777
504490,2025-02-17,1014,Hoodie,Apparel,Latin America,Mobile App,1,71.73,0.0,71.73,49.43,22.3,0,C01322
504491,2024-10-20,1002,Bluetooth Speaker,Electronics,Latin America,Website,2,26.25,0.0,52.5,33.4,19.1,0,C01373
504492,2024-06-30,1008,Cookware Set,Home & Kitchen,Latin America,Website,1,55.01,0.0,55.01,27.82,27.19,0,C00876
504493,2025-06-29,1024,Resistance Bands,Sports,Asia Pacific,Mobile App,1,73.75,0.15,62.69,46.0,16.69,0,C00556
504494,2025-11-02,1023,Water Bottle,Sports,Europe,Mobile App,2,55.97,0.05,106.34,56.76,49.58,0,C01356
504495,2024-04-10,1005,Air Fryer,Home & Kitchen,Latin America,Mobile App,1,16.13,0.15,13.71,6.54,7.17,0,C01758
504496,2025-03-04,1001,Smart Watch,Electronics,Latin America,Website,2,123.31,0.0,246.62,119.8,126.82,0,C00825
504497,2025-10-13,1011,Jeans,Apparel,North America,Mobile App,2,48.52,0.0,97.04,53.82,43.22,0,C00677
504498,2024-05-21,1012,Jacket,Apparel,Middle East,Mobile App,1,88.76,0.0,88.76,39.21,49.55,0,C00795
504499,2024-03-23,1024,Resistance Bands,Sports,Middle East,Mobile App,1,73.75,0.0,73.75,46.0,27.75,0,C01336
504500,2025-02-22,1006,Coffee Maker,Home & Kitchen,North America,Website,1,110.15,0.0,110.15,67.43,42.72,0,C00227
504501,2024-09-12,1023,Water Bottle,Sports,Europe,Mobile App,1,55.97,0.0,55.97,28.38,27.59,0,C00470
504502,2025-04-28,1003,Laptop Stand,Electronics,North America,Marketplace,1,22.02,0.05,20.92,9.36,11.56,0,C00874
504503,2024-01-24,1007,Blender,Home & Kitchen,Middle East,Marketplace,1,29.86,0.15,25.38,18.64,6.74,0,C01011
504504,2025-10-31,1005,Air Fryer,Home & Kitchen,Latin America,Mobile App,1,16.13,0.0,16.13,6.54,9.59,0,C00254
504505,2024-07-16,1008,Cookware Set,Home & Kitchen,Europe,Website,4,55.01,0.0,220.04,111.28,108.76,0,C00543
504506,2024-09-02,1002,Bluetooth Speaker,Electronics,Europe,Website,1,26.25,0.0,26.25,16.7,9.55,0,C00306
504507,2025-12-30,1013,Sneakers,Apparel,Europe,Website,2,39.27,0.0,78.54,39.96,38.58,0,C00290
504508,2024-10-27,1001,Smart Watch,Electronics,North America,Marketplace,1,123.31,0.05,117.14,59.9,57.24,0,C01207
504509,2024-07-30,1017,Moisturizer,Beauty,Middle East,Website,1,177.23,0.0,177.23,77.42,99.81,0,C01754
504510,2024-09-07,1004,USB-C Hub,Electronics,Middle East,Website,1,109.12,0.0,109.12,50.08,59.04,0,C01706
504511,2024-09-04,1008,Cookware Set,Home & Kitchen,Europe,Marketplace,1,55.01,0.0,55.01,27.82,27.19,0,C00843
504512,2025-05-27,1024,Resistance Bands,Sports,North America,Mobile App,1,73.75,0.05,70.06,46.0,24.06,0,C00112
504513,2024-12-05,1016,Shampoo,Beauty,Europe,Website,1,24.14,0.0,24.14,9.88,14.26,0,C01358
504514,2024-03-12,1022,Running Shoes,Sports,North America,Mobile App,2,51.96,0.1,93.53,48.82,44.71,0,C00192
504515,2025-11-29,1018,Lipstick,Beauty,Latin America,Marketplace,1,41.98,0.0,41.98,27.85,14.13,0,C01095
504516,2025-04-26,1013,Sneakers,Apparel,Latin America,Website,1,39.27,0.0,39.27,19.98,19.29,0,C01471
504517,2025-03-03,1007,Blender,Home & Kitchen,Asia Pacific,Marketplace,1,29.86,0.0,29.86,18.64,11.22,0,C01387
504518,2025-07-04,1019,Sunscreen,Beauty,North America,Mobile App,2,106.12,0.1,191.02,112.64,78.38,0,C00174
504519,2025-09-13,1021,Dumbbells,Sports,Middle East,Mobile App,2,18.19,0.0,36.38,15.16,21.22,0,C00257
504520,2025-03-25,1023,Water Bottle,Sports,Latin America,Mobile App,1,55.97,0.0,55.97,28.38,27.59,0,C00491
504521,2024-03-02,1011,Jeans,Apparel,Asia Pacific,Mobile App,1,48.52,0.0,48.52,26.91,21.61,0,C00445
504522,2024-02-10,1003,Laptop Stand,Electronics,Asia Pacific,Website,1,22.02,0.0,22.02,9.36,12.66,0,C00936
504523,2025-06-07,1018,Lipstick,Beauty,Latin America,Website,1,41.98,0.0,41.98,27.85,14.13,0,C00014
504524,2024-05-07,1000,Wireless Earbuds,Electronics,North America,Website,2,80.93,0.0,161.86,66.18,95.68,0,C00069
504525,2024-09-25,1009,Vacuum Cleaner,Home & Kitchen,Middle East,Mobile App,3,64.34,0.0,193.02,112.2,80.82,0,C01429
504526,2024-04-24,1018,Lipstick,Beauty,Europe,Website,3,41.98,0.0,125.94,83.55,42.39,0,C00437
504527,2025-11-03,1015,Face Serum,Beauty,Asia Pacific,Website,1,80.28,0.05,76.27,50.57,25.7,0,C00229
504528,2024-09-05,1015,Face Serum,Beauty,Latin America,Website,1,80.28,0.0,80.28,50.57,29.71,0,C00301
504529,2024-04-09,1010,T-Shirt,Apparel,Asia Pacific,Mobile App,2,79.05,0.0,158.1,101.78,56.32,0,C01711
504530,2024-03-16,1012,Jacket,Apparel,Latin America,Marketplace,1,88.76,0.05,84.32,39.21,45.11,0,C00646
504531,2025-05-18,1017,Moisturizer,Beauty,Europe,Mobile App,2,177.23,0.0,354.46,154.84,199.62,0,C00826
504532,2024-12-16,1014,Hoodie,Apparel,Asia Pacific,Mobile App,2,71.73,0.0,143.46,98.86,44.6,0,C01144
504533,2024-12-04,1015,Face Serum,Beauty,Latin America,Mobile App,1,80.28,0.0,80.28,50.57,29.71,0,C00960
504534,2025-08-04,1013,Sneakers,Apparel,Asia Pacific,Mobile App,2,39.27,0.0,78.54,39.96,38.58,1,C00890
504535,2024-05-23,1002,Bluetooth Speaker,Electronics,Europe,Mobile App,1,26.25,0.0,26.25,16.7,9.55,0,C00822
504536,2024-01-27,1010,T-Shirt,Apparel,Europe,Marketplace,2,79.05,0.2,126.48,101.78,24.7,0,C00780
504537,2025-07-31,1014,Hoodie,Apparel,Asia Pacific,Mobile App,1,71.73,0.0,71.73,49.43,22.3,0,C00738
504538,2024-11-10,1017,Moisturizer,Beauty,Europe,Mobile App,2,177.23,0.0,354.46,154.84,199.62,0,C00020
504539,2024-11-08,1017,Moisturizer,Beauty,Latin America,Mobile App,1,177.23,0.0,177.23,77.42,99.81,0,C00668
504540,2025-11-20,1024,Resistance Bands,Sports,Asia Pacific,Website,1,73.75,0.0,73.75,46.0,27.75,0,C01460
504541,2025-12-12,1010,T-Shirt,Apparel,Europe,Website,2,79.05,0.0,158.1,101.78,56.32,0,C00291
504542,2024-10-26,1012,Jacket,Apparel,Latin America,Website,4,88.76,0.0,355.04,156.84,198.2,0,C01789
504543,2024-08-21,1003,Laptop Stand,Electronics,North America,Marketplace,1,22.02,0.1,19.82,9.36,10.46,0,C00399
504544,2025-08-20,1010,T-Shirt,Apparel,Asia Pacific,Website,1,79.05,0.05,75.1,50.89,24.21,0,C00696
504545,2024-01-13,1005,Air Fryer,Home & Kitchen,Asia Pacific,Website,1,16.13,0.0,16.13,6.54,9.59,0,C00975
504546,2025-06-04,1014,Hoodie,Apparel,Middle East,Website,1,71.73,0.0,71.73,49.43,22.3,0,C00688
504547,2025-09-25,1024,Resistance Bands,Sports,Europe,Marketplace,1,73.75,0.05,70.06,46.0,24.06,0,C00259
504548,2025-10-21,1000,Wireless Earbuds,Electronics,Europe,Mobile App,2,80.93,0.1,145.67,66.18,79.49,0,C01132
504549,2025-05-28,1018,Lipstick,Beauty,Asia Pacific,Mobile App,2,41.98,0.0,83.96,55.7,28.26,0,C01582
504550,2025-01-22,1000,Wireless Earbuds,Electronics,Latin America,Mobile App,2,80.93,0.0,161.86,66.18,95.68,0,C00203
504551,2025-06-21,1013,Sneakers,Apparel,Latin America,Website,2,39.27,0.0,78.54,39.96,38.58,0,C00006
504552,2025-01-23,1010,T-Shirt,Apparel,North America,Mobile App,1,79.05,0.05,75.1,50.89,24.21,0,C00088
504553,2024-03-07,1018,Lipstick,Beauty,Asia Pacific,Website,1,41.98,0.2,33.58,27.85,5.73,0,C01236
504554,2024-07-30,1013,Sneakers,Apparel,Europe,Website,1,39.27,0.0,39.27,19.98,19.29,0,C01769
504555,2025-09-15,1022,Running Shoes,Sports,North America,Mobile App,1,51.96,0.0,51.96,24.41,27.55,0,C01317
504556,2024-12-31,1007,Blender,Home & Kitchen,Latin America,Website,1,29.86,0.0,29.86,18.64,11.22,0,C00262
504557,2025-10-15,1021,Dumbbells,Sports,North America,Mobile App,1,18.19,0.05,17.28,7.58,9.7,0,C00977
504558,2025-06-20,1004,USB-C Hub,Electronics,Europe,Mobile App,4,109.12,0.1,392.83,200.32,192.51,0,C01241
504559,2025-01-07,1015,Face Serum,Beauty,North America,Website,2,80.28,0.0,160.56,101.14,59.42,0,C01653
504560,2024-04-11,1004,USB-C Hub,Electronics,Asia Pacific,Mobile App,1,109.12,0.0,109.12,50.08,59.04,0,C00186
504561,2024-10-04,1004,USB-C Hub,Electronics,Middle East,Marketplace,1,109.12,0.05,103.66,50.08,53.58,0,C01269
504562,2025-07-04,1002,Bluetooth Speaker,Electronics,North America,Marketplace,2,26.25,0.1,47.25,33.4,13.85,1,C00544
504563,2024-02-27,1018,Lipstick,Beauty,Latin America,Mobile App,3,41.98,0.1,113.35,83.55,29.8,0,C00309
504564,2024-09-10,1006,Coffee Maker,Home & Kitchen,Europe,Website,1,110.15,0.05,104.64,67.43,37.21,0,C00601
504565,2024-07-06,1009,Vacuum Cleaner,Home & Kitchen,Europe,Website,1,64.34,0.05,61.12,37.4,23.72,0,C01672
504566,2025-04-12,1000,Wireless Earbuds,Electronics,Europe,Website,1,80.93,0.05,76.88,33.09,43.79,0,C01291
504567,2025-09-15,1005,Air Fryer,Home & Kitchen,Asia Pacific,Mobile App,1,16.13,0.05,15.32,6.54,8.78,0,C01215
504568,2024-04-03,1005,Air Fryer,Home & Kitchen,Europe,Mobile App,1,16.13,0.2,12.9,6.54,6.36,0,C01028
504569,2024-03-06,1003,Laptop Stand,Electronics,Europe,Mobile App,1,22.02,0.0,22.02,9.36,12.66,0,C00110
504570,2024-03-03,1023,Water Bottle,Sports,Europe,Website,2,55.97,0.0,111.94,56.76,55.18,0,C01745
504571,2025-08-22,1005,Air Fryer,Home & Kitchen,Middle East,Website,1,16.13,0.0,16.13,6.54,9.59,0,C00193
504572,2024-04-10,1013,Sneakers,Apparel,Middle East,Marketplace,2,39.27,0.05,74.61,39.96,34.65,0,C00398
504573,2024-02-22,1024,Resistance Bands,Sports,Asia Pacific,Mobile App,1,73.75,0.0,73.75,46.0,27.75,0,C01029
504574,2024-03-15,1003,Laptop Stand,Electronics,Europe,Website,1,22.02,0.0,22.02,9.36,12.66,0,C01270
504575,2025-03-28,1000,Wireless Earbuds,Electronics,North America,Website,3,80.93,0.0,242.79,99.27,143.52,0,C00815
504576,2024-04-12,1002,Bluetooth Speaker,Electronics,Middle East,Mobile App,1,26.25,0.0,26.25,16.7,9.55,0,C01046
504577,2025-09-04,1005,Air Fryer,Home & Kitchen,Latin America,Website,2,16.13,0.0,32.26,13.08,19.18,0,C01673
504578,2024-01-10,1006,Coffee Maker,Home & Kitchen,Middle East,Website,2,110.15,0.0,220.3,134.86,85.44,0,C01536
504579,2024-04-24,1017,Moisturizer,Beauty,Latin America,Mobile App,1,177.23,0.1,159.51,77.42,82.09,0,C00155
504580,2024-07-18,1016,Shampoo,Beauty,Middle East,Mobile App,1,24.14,0.05,22.93,9.88,13.05,0,C01123
504581,2025-09-21,1008,Cookware Set,Home & Kitchen,Latin America,Marketplace,1,55.01,0.0,55.01,27.82,27.19,0,C00860
504582,2024-09-14,1007,Blender,Home & Kitchen,Latin America,Mobile App,1,29.86,0.0,29.86,18.64,11.22,0,C00631
504583,2025-05-19,1001,Smart Watch,Electronics,Europe,Website,1,123.31,0.1,110.98,59.9,51.08,0,C00299
504584,2025-05-09,1002,Bluetooth Speaker,Electronics,Middle East,Website,4,26.25,0.0,105.0,66.8,38.2,0,C00362
504585,2025-10-22,1013,Sneakers,Apparel,Asia Pacific,Website,1,39.27,0.0,39.27,19.98,19.29,0,C01713
504586,2025-06-28,1006,Coffee Maker,Home & Kitchen,Europe,Website,1,110.15,0.0,110.15,67.43,42.72,0,C00858
504587,2025-11-25,1009,Vacuum Cleaner,Home & Kitchen,Middle East,Mobile App,4,64.34,0.05,244.49,149.6,94.89,0,C00698
504588,2025-10-02,1019,Sunscreen,Beauty,Latin America,Website,1,106.12,0.15,90.2,56.32,33.88,0,C00602
504589,2024-07-05,1018,Lipstick,Beauty,Latin America,Website,2,41.98,0.0,83.96,55.7,28.26,0,C00483
504590,2025-06-05,1006,Coffee Maker,Home & Kitchen,Latin America,Website,1,110.15,0.05,104.64,67.43,37.21,0,C00436
504591,2024-07-02,1017,Moisturizer,Beauty,North America,Mobile App,2,177.23,0.0,354.46,154.84,199.62,0,C01348
504592,2025-11-20,1018,Lipstick,Beauty,Asia Pacific,Website,1,41.98,0.0,41.98,27.85,14.13,0,C01226
504593,2025-03-29,1004,USB-C Hub,Electronics,Asia Pacific,Mobile App,1,109.12,0.05,103.66,50.08,53.58,0,C00338
504594,2025-07-05,1024,Resistance Bands,Sports,Europe,Website,1,73.75,0.0,73.75,46.0,27.75,0,C00763
504595,2024-04-21,1023,Water Bottle,Sports,Europe,Website,1,55.97,0.05,53.17,28.38,24.79,0,C01042
504596,2025-05-28,1017,Moisturizer,Beauty,Asia Pacific,Website,1,177.23,0.0,177.23,77.42,99.81,0,C01127
504597,2025-06-27,1015,Face Serum,Beauty,Latin America,Website,2,80.28,0.15,136.48,101.14,35.34,0,C00620
504598,2024-11-03,1005,Air Fryer,Home & Kitchen,Middle East,Website,1,16.13,0.0,16.13,6.54,9.59,1,C00475
504599,2025-11-19,1019,Sunscreen,Beauty,Europe,Website,2,106.12,0.2,169.79,112.64,57.15,0,C00461
504600,2024-07-15,1021,Dumbbells,Sports,Latin America,Mobile App,1,18.19,0.0,18.19,7.58,10.61,0,C00442
504601,2024-06-10,1018,Lipstick,Beauty,Middle East,Mobile App,2,41.98,0.05,79.76,55.7,24.06,0,C00916
504602,2024-11-29,1013,Sneakers,Apparel,Middle East,Marketplace,1,39.27,0.0,39.27,19.98,19.29,0,C00171
504603,2025-10-31,1008,Cookware Set,Home & Kitchen,Middle East,Mobile App,1,55.01,0.0,55.01,27.82,27.19,0,C01547
504604,2024-10-02,1020,Yoga Mat,Sports,Europe,Marketplace,2,27.52,0.1,49.54,28.3,21.24,0,C00844
504605,2025-04-28,1019,Sunscreen,Beauty,Asia Pacific,Website,1,106.12,0.0,106.12,56.32,49.8,0,C00065
504606,2024-11-09,1009,Vacuum Cleaner,Home & Kitchen,Asia Pacific,Mobile App,2,64.34,0.1,115.81,74.8,41.01,0,C01714
504607,2024-11-18,1005,Air Fryer,Home & Kitchen,Latin America,Website,1,16.13,0.2,12.9,6.54,6.36,0,C01137
504608,2025-07-30,1006,Coffee Maker,Home & Kitchen,Latin America,Mobile App,2,110.15,0.1,198.27,134.86,63.41,1,C01064
504609,2024-01-06,1002,Bluetooth Speaker,Electronics,Latin America,Website,2,26.25,0.05,49.88,33.4,16.48,0,C01670
504610,2025-02-22,1005,Air Fryer,Home & Kitchen,Asia Pacific,Mobile App,1,16.13,0.0,16.13,6.54,9.59,0,C01082
504611,2024-05-23,1014,Hoodie,Apparel,Latin America,Mobile App,1,71.73,0.05,68.14,49.43,18.71,0,C01609
504612,2024-01-20,1024,Resistance Bands,Sports,Europe,Website,1,73.75,0.1,66.38,46.0,20.38,0,C01761
504613,2024-09-19,1000,Wireless Earbuds,Electronics,Asia Pacific,Mobile App,1,80.93,0.05,76.88,33.09,43.79,0,C01509
504614,2024-01-25,1010,T-Shirt,Apparel,Asia Pacific,Website,1,79.05,0.0,79.05,50.89,28.16,0,C00232
504615,2025-01-26,1008,Cookware Set,Home & Kitchen,Asia Pacific,Mobile App,1,55.01,0.05,52.26,27.82,24.44,0,C00159
504616,2024-07-23,1005,Air Fryer,Home & Kitchen,Europe,Mobile App,1,16.13,0.0,16.13,6.54,9.59,0,C00505
504617,2025-03-26,1021,Dumbbells,Sports,Asia Pacific,Website,1,18.19,0.2,14.55,7.58,6.97,0,C00447
504618,2024-09-05,1023,Water Bottle,Sports,Europe,Website,1,55.97,0.05,53.17,28.38,24.79,0,C00371
504619,2025-05-06,1012,Jacket,Apparel,Middle East,Website,1,88.76,0.1,79.88,39.21,40.67,0,C00372
504620,2024-02-17,1007,Blender,Home & Kitchen,Latin America,Mobile App,4,29.86,0.0,119.44,74.56,44.88,0,C00139
504621,2025-12-24,1008,Cookware Set,Home & Kitchen,Latin America,Website,4,55.01,0.05,209.04,111.28,97.76,0,C00325
504622,2025-09-13,1015,Face Serum,Beauty,Middle East,Website,2,80.28,0.0,160.56,101.14,59.42,0,C01486
504623,2024-04-13,1012,Jacket,Apparel,North America,Mobile App,1,88.76,0.2,71.01,39.21,31.8,0,C01505
504624,2024-10-09,1018,Lipstick,Beauty,Middle East,Website,1,41.98,0.0,41.98,27.85,14.13,0,C01417
504625,2024-10-18,1001,Smart Watch,Electronics,North America,Website,1,123.31,0.1,110.98,59.9,51.08,0,C00473
504626,2024-03-16,1023,Water Bottle,Sports,Asia Pacific,Marketplace,1,55.97,0.0,55.97,28.38,27.59,0,C00162
504627,2025-02-27,1016,Shampoo,Beauty,Europe,Marketplace,2,24.14,0.05,45.87,19.76,26.11,0,C00830
504628,2025-08-26,1019,Sunscreen,Beauty,Asia Pacific,Mobile App,1,106.12,0.0,106.12,56.32,49.8,0,C01626
504629,2025-07-29,1005,Air Fryer,Home & Kitchen,North America,Website,1,16.13,0.0,16.13,6.54,9.59,0,C00702
504630,2024-12-01,1012,Jacket,Apparel,Middle East,Mobile App,3,88.76,0.1,239.65,117.63,122.02,0,C00977
504631,2025-11-07,1013,Sneakers,Apparel,Asia Pacific,Mobile App,2,39.27,0.0,78.54,39.96,38.58,0,C00285
504632,2024-10-25,1009,Vacuum Cleaner,Home & Kitchen,North America,Website,3,64.34,0.0,193.02,112.2,80.82,0,C01020
504633,2024-03-10,1015,Face Serum,Beauty,Asia Pacific,Marketplace,1,80.28,0.0,80.28,50.57,29.71,0,C01401
504634,2025-01-04,1012,Jacket,Apparel,Latin America,Mobile App,2,88.76,0.05,168.64,78.42,90.22,0,C01778
504635,2024-08-07,1018,Lipstick,Beauty,Europe,Website,1,41.98,0.15,35.68,27.85,7.83,0,C00381
504636,2024-08-21,1004,USB-C Hub,Electronics,Latin America,Website,1,109.12,0.0,109.12,50.08,59.04,0,C00184
504637,2024-07-22,1011,Jeans,Apparel,Asia Pacific,Website,2,48.52,0.0,97.04,53.82,43.22,0,C01547
504638,2024-01-24,1002,Bluetooth Speaker,Electronics,Europe,Website,1,26.25,0.0,26.25,16.7,9.55,0,C00174
504639,2025-02-24,1005,Air Fryer,Home & Kitchen,Latin America,Website,1,16.13,0.0,16.13,6.54,9.59,0,C00514
504640,2025-05-13,1004,USB-C Hub,Electronics,North America,Mobile App,1,109.12,0.15,92.75,50.08,42.67,0,C00611
504641,2024-03-02,1013,Sneakers,Apparel,Middle East,Website,2,39.27,0.05,74.61,39.96,34.65,0,C00353
504642,2025-08-02,1021,Dumbbells,Sports,Latin America,Marketplace,1,18.19,0.0,18.19,7.58,10.61,0,C00294
504643,2025-05-31,1019,Sunscreen,Beauty,Asia Pacific,Mobile App,1,106.12,0.0,106.12,56.32,49.8,0,C00910
504644,2025-05-18,1018,Lipstick,Beauty,Asia Pacific,Mobile App,2,41.98,0.0,83.96,55.7,28.26,0,C00891
504645,2025-10-11,1003,Laptop Stand,Electronics,North America,Mobile App,2,22.02,0.2,35.23,18.72,16.51,0,C00536
504646,2025-08-01,1020,Yoga Mat,Sports,North America,Marketplace,1,27.52,0.0,27.52,14.15,13.37,0,C01256
504647,2024-04-25,1006,Coffee Maker,Home & Kitchen,Middle East,Website,1,110.15,0.1,99.14,67.43,31.71,0,C00614
504648,2025-06-09,1010,T-Shirt,Apparel,North America,Mobile App,1,79.05,0.05,75.1,50.89,24.21,0,C01347
504649,2025-04-24,1008,Cookware Set,Home & Kitchen,Middle East,Mobile App,1,55.01,0.0,55.01,27.82,27.19,0,C00855
504650,2024-07-14,1017,Moisturizer,Beauty,North America,Mobile App,2,177.23,0.0,354.46,154.84,199.62,0,C01728
504651,2025-03-17,1004,USB-C Hub,Electronics,Asia Pacific,Website,1,109.12,0.05,103.66,50.08,53.58,0,C00070
504652,2024-06-04,1010,T-Shirt,Apparel,Asia Pacific,Website,3,79.05,0.0,237.15,152.67,84.48,0,C01368
504653,2025-10-25,1005,Air Fryer,Home & Kitchen,Middle East,Website,1,16.13,0.1,14.52,6.54,7.98,0,C00851
504654,2025-06-24,1015,Face Serum,Beauty,Latin America,Marketplace,2,80.28,0.0,160.56,101.14,59.42,0,C01646
504655,2025-02-15,1004,USB-C Hub,Electronics,Middle East,Website,1,109.12,0.0,109.12,50.08,59.04,0,C00827
504656,2025-09-30,1022,Running Shoes,Sports,Latin America,Website,1,51.96,0.0,51.96,24.41,27.55,0,C01420
504657,2024-08-18,1009,Vacuum Cleaner,Home & Kitchen,Asia Pacific,Website,1,64.34,0.0,64.34,37.4,26.94,0,C01668
504658,2024-09-22,1006,Coffee Maker,Home & Kitchen,Europe,Mobile App,2,110.15,0.15,187.26,134.86,52.4,0,C00367
504659,2024-11-30,1017,Moisturizer,Beauty,Middle East,Website,1,177.23,0.0,177.23,77.42,99.81,0,C01557
504660,2025-11-12,1009,Vacuum Cleaner,Home & Kitchen,Europe,Mobile App,2,64.34,0.0,128.68,74.8,53.88,0,C01653
504661,2025-08-11,1016,Shampoo,Beauty,Asia Pacific,Marketplace,2,24.14,0.0,48.28,19.76,28.52,0,C00870
504662,2025-08-13,1019,Sunscreen,Beauty,Europe,Website,1,106.12,0.0,106.12,56.32,49.8,0,C00005
504663,2024-05-31,1007,Blender,Home & Kitchen,Europe,Website,1,29.86,0.0,29.86,18.64,11.22,0,C01426
504664,2024-04-13,1007,Blender,Home & Kitchen,North America,Mobile App,1,29.86,0.0,29.86,18.64,11.22,0,C01665
504665,2024-02-10,1013,Sneakers,Apparel,Europe,Mobile App,1,39.27,0.2,31.42,19.98,11.44,0,C00282
504666,2024-03-11,1017,Moisturizer,Beauty,Asia Pacific,Marketplace,4,177.23,0.0,708.92,309.68,399.24,0,C01435
504667,2024-08-23,1001,Smart Watch,Electronics,Europe,Website,1,123.31,0.0,123.31,59.9,63.41,0,C00277
504668,2024-06-16,1016,Shampoo,Beauty,Latin America,Marketplace,1,24.14,0.0,24.14,9.88,14.26,0,C00762
504669,2024-08-26,1023,Water Bottle,Sports,Europe,Mobile App,1,55.97,0.0,55.97,28.38,27.59,0,C00610
504670,2024-01-28,1024,Resistance Bands,Sports,Europe,Marketplace,1,73.75,0.05,70.06,46.0,24.06,1,C00796
504671,2025-03-26,1014,Hoodie,Apparel,North America,Mobile App,1,71.73,0.0,71.73,49.43,22.3,0,C00210
504672,2025-01-19,1022,Running Shoes,Sports,North America,Website,1,51.96,0.0,51.96,24.41,27.55,0,C01562
504673,2024-08-01,1009,Vacuum Cleaner,Home & Kitchen,Latin America,Website,2,64.34,0.0,128.68,74.8,53.88,0,C01397
504674,2025-03-25,1010,T-Shirt,Apparel,Latin America,Website,1,79.05,0.05,75.1,50.89,24.21,0,C01071
504675,2025-01-24,1012,Jacket,Apparel,Middle East,Mobile App,1,88.76,0.05,84.32,39.21,45.11,0,C00003
504676,2024-04-05,1015,Face Serum,Beauty,Europe,Mobile App,1,80.28,0.0,80.28,50.57,29.71,0,C00401
504677,2025-08-15,1023,Water Bottle,Sports,Middle East,Website,1,55.97,0.0,55.97,28.38,27.59,0,C01501
504678,2024-08-02,1000,Wireless Earbuds,Electronics,North America,Marketplace,1,80.93,0.0,80.93,33.09,47.84,0,C00473
504679,2025-09-11,1005,Air Fryer,Home & Kitchen,Asia Pacific,Mobile App,1,16.13,0.05,15.32,6.54,8.78,0,C01453
504680,2024-11-20,1019,Sunscreen,Beauty,Latin America,Website,1,106.12,0.05,100.81,56.32,44.49,0,C00678
504681,2024-04-02,1021,Dumbbells,Sports,Middle East,Website,1,18.19,0.05,17.28,7.58,9.7,0,C00650
504682,2024-09-18,1004,USB-C Hub,Electronics,Middle East,Website,1,109.12,0.05,103.66,50.08,53.58,0,C01656
504683,2025-04-12,1022,Running Shoes,Sports,North America,Website,1,51.96,0.05,49.36,24.41,24.95,0,C01537
504684,2025-03-06,1011,Jeans,Apparel,Latin America,Marketplace,2,48.52,0.0,97.04,53.82,43.22,0,C01471
504685,2024-04-12,1023,Water Bottle,Sports,Asia Pacific,Website,1,55.97,0.0,55.97,28.38,27.59,0,C01649
504686,2024-11-13,1001,Smart Watch,Electronics,North America,Website,1,123.31,0.05,117.14,59.9,57.24,0,C01251
504687,2025-10-29,1015,Face Serum,Beauty,Asia Pacific,Website,1,80.28,0.05,76.27,50.57,25.7,0,C01670
504688,2025-12-19,1014,Hoodie,Apparel,North America,Mobile App,1,71.73,0.1,64.56,49.43,15.13,0,C00715
504689,2025-02-03,1012,Jacket,Apparel,Latin America,Website,1,88.76,0.05,84.32,39.21,45.11,0,C01023
504690,2024-10-08,1002,Bluetooth Speaker,Electronics,Asia Pacific,Website,1,26.25,0.2,21.0,16.7,4.3,0,C00858
504691,2024-09-11,1023,Water Bottle,Sports,Europe,Mobile App,1,55.97,0.0,55.97,28.38,27.59,0,C01786
504692,2024-05-11,1018,Lipstick,Beauty,Middle East,Website,1,41.98,0.0,41.98,27.85,14.13,0,C00408
504693,2025-12-12,1005,Air Fryer,Home & Kitchen,Latin America,Mobile App,1,16.13,0.0,16.13,6.54,9.59,0,C01539
504694,2024-03-03,1006,Coffee Maker,Home & Kitchen,Middle East,Mobile App,1,110.15,0.0,110.15,67.43,42.72,0,C01789
504695,2025-11-07,1010,T-Shirt,Apparel,Asia Pacific,Website,1,79.05,0.1,71.14,50.89,20.25,0,C00014
504696,2025-02-28,1011,Jeans,Apparel,Europe,Website,2,48.52,0.05,92.19,53.82,38.37,0,C00162
504697,2024-06-27,1014,Hoodie,Apparel,Middle East,Marketplace,3,71.73,0.0,215.19,148.29,66.9,0,C00347
504698,2025-11-15,1013,Sneakers,Apparel,Europe,Website,1,39.27,0.05,37.31,19.98,17.33,0,C00399
504699,2024-04-22,1000,Wireless Earbuds,Electronics,Europe,Website,1,80.93,0.0,80.93,33.09,47.84,0,C01419
504700,2024-07-27,1013,Sneakers,Apparel,Asia Pacific,Website,1,39.27,0.0,39.27,19.98,19.29,0,C00890
504701,2025-01-17,1014,Hoodie,Apparel,Asia Pacific,Mobile App,1,71.73,0.0,71.73,49.43,22.3,0,C00695
504702,2024-01-30,1019,Sunscreen,Beauty,North America,Website,1,106.12,0.05,100.81,56.32,44.49,0,C01619
504703,2025-04-26,1015,Face Serum,Beauty,North America,Mobile App,2,80.28,0.2,128.45,101.14,27.31,0,C01525
504704,2024-05-27,1011,Jeans,Apparel,Latin America,Website,1,48.52,0.0,48.52,26.91,21.61,0,C01021
504705,2025-01-21,1021,Dumbbells,Sports,Middle East,Mobile App,1,18.19,0.0,18.19,7.58,10.61,0,C01465
504706,2024-06-22,1015,Face Serum,Beauty,Europe,Website,1,80.28,0.0,80.28,50.57,29.71,0,C01782
504707,2024-12-23,1012,Jacket,Apparel,Europe,Website,1,88.76,0.0,88.76,39.21,49.55,1,C00983
504708,2024-03-08,1019,Sunscreen,Beauty,North America,Marketplace,1,106.12,0.0,106.12,56.32,49.8,0,C01795
504709,2025-04-20,1017,Moisturizer,Beauty,Latin America,Marketplace,1,177.23,0.0,177.23,77.42,99.81,0,C00206
504710,2025-07-03,1007,Blender,Home & Kitchen,Latin America,Website,2,29.86,0.0,59.72,37.28,22.44,0,C00666
504711,2025-09-09,1000,Wireless Earbuds,Electronics,North America,Website,1,80.93,0.0,80.93,33.09,47.84,0,C00675
504712,2025-04-25,1001,Smart Watch,Electronics,Asia Pacific,Website,3,123.31,0.0,369.93,179.7,190.23,0,C00063
504713,2025-11-03,1021,Dumbbells,Sports,Middle East,Website,1,18.19,0.05,17.28,7.58,9.7,0,C00072
504714,2025-09-20,1014,Hoodie,Apparel,North America,Website,3,71.73,0.05,204.43,148.29,56.14,0,C01688
504715,2025-08-07,1000,Wireless Earbuds,Electronics,Europe,Website,1,80.93,0.0,80.93,33.09,47.84,0,C01024
504716,2025-06-11,1018,Lipstick,Beauty,Europe,Mobile App,2,41.98,0.0,83.96,55.7,28.26,0,C01476
504717,2024-05-26,1019,Sunscreen,Beauty,Europe,Mobile App,1,106.12,0.0,106.12,56.32,49.8,0,C01657
504718,2024-04-07,1024,Resistance Bands,Sports,Latin America,Website,1,73.75,0.0,73.75,46.0,27.75,0,C01783
504719,2025-09-21,1012,Jacket,Apparel,North America,Website,1,88.76,0.0,88.76,39.21,49.55,0,C00534
504720,2024-09-13,1007,Blender,Home & Kitchen,Europe,Mobile App,1,29.86,0.0,29.86,18.64,11.22,0,C01176
504721,2024-11-04,1012,Jacket,Apparel,Asia Pacific,Mobile App,1,88.76,0.0,88.76,39.21,49.55,0,C01220
504722,2025-04-18,1013,Sneakers,Apparel,Middle East,Mobile App,1,39.27,0.0,39.27,19.98,19.29,0,C01031
504723,2025-08-14,1014,Hoodie,Apparel,Asia Pacific,Mobile App,1,71.73,0.0,71.73,49.43,22.3,0,C01367
504724,2024-05-14,1002,Bluetooth Speaker,Electronics,Asia Pacific,Website,1,26.25,0.0,26.25,16.7,9.55,0,C01671
504725,2025-11-08,1009,Vacuum Cleaner,Home & Kitchen,Europe,Mobile App,2,64.34,0.15,109.38,74.8,34.58,0,C01621
504726,2024-02-05,1017,Moisturizer,Beauty,Latin America,Mobile App,1,177.23,0.0,177.23,77.42,99.81,0,C00740
504727,2024-07-21,1013,Sneakers,Apparel,Europe,Website,1,39.27,0.0,39.27,19.98,19.29,0,C00602
504728,2025-10-11,1024,Resistance Bands,Sports,North America,Mobile App,2,73.75,0.0,147.5,92.0,55.5,0,C01004
504729,2024-08-31,1008,Cookware Set,Home & Kitchen,Europe,Website,1,55.01,0.0,55.01,27.82,27.19,0,C01052
504730,2024-01-12,1007,Blender,Home & Kitchen,Middle East,Website,1,29.86,0.0,29.86,18.64,11.22,0,C01604
504731,2024-12-18,1022,Running Shoes,Sports,Europe,Mobile App,1,51.96,0.0,51.96,24.41,27.55,0,C00668
504732,2025-08-14,1022,Running Shoes,Sports,Latin America,Website,1,51.96,0.0,51.96,24.41,27.55,0,C01215
504733,2024-08-07,1007,Blender,Home & Kitchen,Latin America,Mobile App,1,29.86,0.05,28.37,18.64,9.73,0,C00453
504734,2025-07-12,1012,Jacket,Apparel,Latin America,Website,1,88.76,0.0,88.76,39.21,49.55,0,C01174
504735,2024-10-13,1009,Vacuum Cleaner,Home & Kitchen,Middle East,Marketplace,1,64.34,0.0,64.34,37.4,26.94,0,C00254
504736,2024-12-11,1001,Smart Watch,Electronics,Europe,Website,2,123.31,0.0,246.62,119.8,126.82,0,C00566
504737,2025-05-14,1001,Smart Watch,Electronics,Middle East,Website,1,123.31,0.0,123.31,59.9,63.41,0,C01268
504738,2024-04-08,1010,T-Shirt,Apparel,Asia Pacific,Mobile App,3,79.05,0.0,237.15,152.67,84.48,0,C01637
504739,2024-09-26,1016,Shampoo,Beauty,North America,Mobile App,2,24.14,0.15,41.04,19.76,21.28,0,C00437
504740,2025-03-12,1010,T-Shirt,Apparel,North America,Marketplace,1,79.05,0.0,79.05,50.89,28.16,0,C00858
504741,2024-05-09,1013,Sneakers,Apparel,North America,Website,1,39.27,0.0,39.27,19.98,19.29,0,C01498
504742,2025-04-13,1002,Bluetooth Speaker,Electronics,North America,Website,1,26.25,0.05,24.94,16.7,8.24,0,C01624
504743,2025-12-30,1005,Air Fryer,Home & Kitchen,Asia Pacific,Website,2,16.13,0.05,30.65,13.08,17.57,1,C01588
504744,2024-12-21,1023,Water Bottle,Sports,Asia Pacific,Website,2,55.97,0.0,111.94,56.76,55.18,0,C00211
504745,2025-07-20,1010,T-Shirt,Apparel,North America,Marketplace,2,79.05,0.0,158.1,101.78,56.32,0,C00927
504746,2025-05-31,1008,Cookware Set,Home & Kitchen,Europe,Website,1,55.01,0.0,55.01,27.82,27.19,0,C01333
504747,2025-06-07,1008,Cookware Set,Home & Kitchen,Europe,Website,1,55.01,0.0,55.01,27.82,27.19,0,C01117
504748,2025-11-27,1010,T-Shirt,Apparel,Europe,Mobile App,2,79.05,0.0,158.1,101.78,56.32,0,C01024
504749,2024-07-22,1005,Air Fryer,Home & Kitchen,Asia Pacific,Mobile App,1,16.13,0.1,14.52,6.54,7.98,0,C01496
504750,2024-06-04,1019,Sunscreen,Beauty,Middle East,Marketplace,1,106.12,0.0,106.12,56.32,49.8,0,C01092
504751,2025-06-21,1013,Sneakers,Apparel,North America,Mobile App,2,39.27,0.0,78.54,39.96,38.58,0,C01067
504752,2025-01-06,1011,Jeans,Apparel,Middle East,Website,1,48.52,0.0,48.52,26.91,21.61,1,C01742
504753,2025-06-27,1018,Lipstick,Beauty,Europe,Website,2,41.98,0.0,83.96,55.7,28.26,0,C01139
504754,2024-04-12,1011,Jeans,Apparel,Europe,Mobile App,1,48.52,0.0,48.52,26.91,21.61,0,C01463
504755,2025-09-25,1020,Yoga Mat,Sports,Europe,Mobile App,1,27.52,0.1,24.77,14.15,10.62,1,C00537
504756,2024-06-04,1023,Water Bottle,Sports,Middle East,Marketplace,1,55.97,0.2,44.78,28.38,16.4,1,C01640
504757,2025-09-16,1023,Water Bottle,Sports,Latin America,Marketplace,1,55.97,0.0,55.97,28.38,27.59,0,C01503
504758,2024-10-12,1005,Air Fryer,Home & Kitchen,North America,Marketplace,1,16.13,0.05,15.32,6.54,8.78,0,C01292
504759,2025-02-14,1023,Water Bottle,Sports,Asia Pacific,Website,1,55.97,0.05,53.17,28.38,24.79,0,C00702
504760,2025-06-18,1017,Moisturizer,Beauty,Latin America,Marketplace,2,177.23,0.0,354.46,154.84,199.62,0,C00165
504761,2025-04-24,1004,USB-C Hub,Electronics,Asia Pacific,Website,1,109.12,0.0,109.12,50.08,59.04,0,C01072
504762,2024-11-03,1021,Dumbbells,Sports,North America,Website,1,18.19,0.0,18.19,7.58,10.61,0,C01592
504763,2025-12-26,1018,Lipstick,Beauty,Middle East,Mobile App,1,41.98,0.05,39.88,27.85,12.03,0,C00698
504764,2024-08-01,1008,Cookware Set,Home & Kitchen,Middle East,Mobile App,1,55.01,0.1,49.51,27.82,21.69,0,C00381
504765,2024-03-09,1007,Blender,Home & Kitchen,North America,Mobile App,3,29.86,0.0,89.58,55.92,33.66,0,C00461
504766,2024-05-23,1020,Yoga Mat,Sports,Europe,Website,1,27.52,0.0,27.52,14.15,13.37,0,C00435
504767,2024-06-13,1003,Laptop Stand,Electronics,Europe,Website,1,22.02,0.0,22.02,9.36,12.66,0,C00123
504768,2024-06-12,1018,Lipstick,Beauty,Latin America,Website,2,41.98,0.0,83.96,55.7,28.26,0,C01539
504769,2024-07-17,1007,Blender,Home & Kitchen,Europe,Mobile App,3,29.86,0.0,89.58,55.92,33.66,0,C00031
504770,2024-03-13,1003,Laptop Stand,Electronics,Europe,Marketplace,1,22.02,0.05,20.92,9.36,11.56,0,C00717
504771,2024-10-09,1022,Running Shoes,Sports,Europe,Marketplace,2,51.96,0.05,98.72,48.82,49.9,0,C00842
504772,2024-05-06,1009,Vacuum Cleaner,Home & Kitchen,Middle East,Marketplace,1,64.34,0.1,57.91,37.4,20.51,0,C00727
504773,2024-06-04,1003,Laptop Stand,Electronics,Europe,Website,1,22.02,0.1,19.82,9.36,10.46,0,C00195
504774,2025-11-19,1012,Jacket,Apparel,Asia Pacific,Mobile App,1,88.76,0.0,88.76,39.21,49.55,0,C01624
504775,2024-01-12,1000,Wireless Earbuds,Electronics,North America,Mobile App,2,80.93,0.1,145.67,66.18,79.49,0,C00635
504776,2025-06-20,1001,Smart Watch,Electronics,North America,Mobile App,1,123.31,0.05,117.14,59.9,57.24,0,C00361
504777,2025-09-04,1004,USB-C Hub,Electronics,Latin America,Website,1,109.12,0.1,98.21,50.08,48.13,1,C01377
504778,2025-03-24,1014,Hoodie,Apparel,Asia Pacific,Mobile App,1,71.73,0.05,68.14,49.43,18.71,0,C01599
504779,2025-07-08,1015,Face Serum,Beauty,Middle East,Website,2,80.28,0.0,160.56,101.14,59.42,0,C00236
504780,2024-03-13,1023,Water Bottle,Sports,Asia Pacific,Marketplace,1,55.97,0.0,55.97,28.38,27.59,0,C01443
504781,2024-02-11,1008,Cookware Set,Home & Kitchen,Latin America,Mobile App,2,55.01,0.0,110.02,55.64,54.38,0,C01352
504782,2024-09-18,1008,Cookware Set,Home & Kitchen,North America,Mobile App,1,55.01,0.05,52.26,27.82,24.44,0,C01473
504783,2025-03-12,1001,Smart Watch,Electronics,Middle East,Website,3,123.31,0.0,369.93,179.7,190.23,0,C01336
504784,2025-12-27,1003,Laptop Stand,Electronics,Latin America,Mobile App,1,22.02,0.0,22.02,9.36,12.66,0,C01673
504785,2024-08-18,1018,Lipstick,Beauty,Middle East,Website,2,41.98,0.0,83.96,55.7,28.26,0,C00937
504786,2025-09-09,1020,Yoga Mat,Sports,Middle East,Marketplace,1,27.52,0.0,27.52,14.15,13.37,0,C01674
504787,2024-09-04,1000,Wireless Earbuds,Electronics,Latin America,Mobile App,1,80.93,0.15,68.79,33.09,35.7,0,C01547
504788,2025-03-18,1018,Lipstick,Beauty,Latin America,Website,1,41.98,0.0,41.98,27.85,14.13,0,C00015
504789,2024-04-17,1007,Blender,Home & Kitchen,Asia Pacific,Mobile App,1,29.86,0.0,29.86,18.64,11.22,1,C00799
504790,2024-10-09,1004,USB-C Hub,Electronics,Asia Pacific,Mobile App,1,109.12,0.0,109.12,50.08,59.04,0,C01052
504791,2024-12-02,1004,USB-C Hub,Electronics,Latin America,Mobile App,1,109.12,0.0,109.12,50.08,59.04,1,C01310
504792,2024-09-14,1014,Hoodie,Apparel,Asia Pacific,Website,1,71.73,0.05,68.14,49.43,18.71,1,C00324
504793,2024-04-13,1005,Air Fryer,Home & Kitchen,Latin America,Website,2,16.13,0.0,32.26,13.08,19.18,0,C00665
504794,2025-05-21,1023,Water Bottle,Sports,Europe,Mobile App,1,55.97,0.0,55.97,28.38,27.59,0,C00115
504795,2025-11-12,1019,Sunscreen,Beauty,Asia Pacific,Website,1,106.12,0.0,106.12,56.32,49.8,0,C00193
504796,2025-12-26,1020,Yoga Mat,Sports,Latin America,Mobile App,2,27.52,0.1,49.54,28.3,21.24,0,C00271
504797,2025-08-02,1018,Lipstick,Beauty,Latin America,Mobile App,1,41.98,0.1,37.78,27.85,9.93,0,C00511
504798,2025-11-14,1001,Smart Watch,Electronics,Latin America,Website,1,123.31,0.05,117.14,59.9,57.24,0,C01789
504799,2024-04-20,1015,Face Serum,Beauty,Middle East,Mobile App,2,80.28,0.0,160.56,101.14,59.42,0,C00977
504800,2025-10-20,1018,Lipstick,Beauty,North America,Mobile App,3,41.98,0.1,113.35,83.55,29.8,0,C00772
504801,2024-04-30,1010,T-Shirt,Apparel,Europe,Website,1,79.05,0.05,75.1,50.89,24.21,0,C00022
504802,2025-11-19,1008,Cookware Set,Home & Kitchen,Middle East,Website,1,55.01,0.0,55.01,27.82,27.19,0,C01241
504803,2025-02-07,1020,Yoga Mat,Sports,North America,Website,1,27.52,0.1,24.77,14.15,10.62,0,C00836
504804,2025-03-26,1010,T-Shirt,Apparel,Latin America,Mobile App,1,79.05,0.0,79.05,50.89,28.16,0,C00265
504805,2025-06-19,1002,Bluetooth Speaker,Electronics,North America,Marketplace,1,26.25,0.0,26.25,16.7,9.55,0,C00023
504806,2025-10-05,1012,Jacket,Apparel,Latin America,Mobile App,2,88.76,0.0,177.52,78.42,99.1,0,C00261
504807,2024-01-27,1003,Laptop Stand,Electronics,Europe,Mobile App,1,22.02,0.0,22.02,9.36,12.66,1,C01582
504808,2024-01-25,1001,Smart Watch,Electronics,Asia Pacific,Website,1,123.31,0.0,123.31,59.9,63.41,0,C00151
504809,2025-02-26,1007,Blender,Home & Kitchen,North America,Mobile App,1,29.86,0.0,29.86,18.64,11.22,0,C00809
504810,2024-09-16,1006,Coffee Maker,Home & Kitchen,Asia Pacific,Mobile App,1,110.15,0.0,110.15,67.43,42.72,0,C00238
504811,2024-12-18,1012,Jacket,Apparel,Asia Pacific,Marketplace,3,88.76,0.0,266.28,117.63,148.65,1,C01378
504812,2024-09-11,1001,Smart Watch,Electronics,Asia Pacific,Website,1,123.31,0.0,123.31,59.9,63.41,0,C01248
504813,2024-02-18,1023,Water Bottle,Sports,Asia Pacific,Website,1,55.97,0.0,55.97,28.38,27.59,0,C01768
504814,2025-10-12,1008,Cookware Set,Home & Kitchen,Asia Pacific,Mobile App,2,55.01,0.1,99.02,55.64,43.38,0,C00412
504815,2024-06-13,1016,Shampoo,Beauty,Europe,Mobile App,1,24.14,0.05,22.93,9.88,13.05,0,C00142
504816,2025-07-14,1009,Vacuum Cleaner,Home & Kitchen,Asia Pacific,Mobile App,1,64.34,0.0,64.34,37.4,26.94,0,C00118
504817,2024-12-22,1020,Yoga Mat,Sports,Europe,Mobile App,2,27.52,0.0,55.04,28.3,26.74,0,C00946
504818,2024-04-01,1020,Yoga Mat,Sports,Asia Pacific,Website,2,27.52,0.15,46.78,28.3,18.48,0,C01252
504819,2025-07-05,1023,Water Bottle,Sports,Europe,Website,1,55.97,0.05,53.17,28.38,24.79,0,C01552
504820,2024-11-09,1009,Vacuum Cleaner,Home & Kitchen,North America,Marketplace,1,64.34,0.0,64.34,37.4,26.94,1,C00784
504821,2024-04-02,1001,Smart Watch,Electronics,Latin America,Website,3,123.31,0.05,351.43,179.7,171.73,0,C00779
504822,2025-05-24,1004,USB-C Hub,Electronics,Europe,Mobile App,1,109.12,0.05,103.66,50.08,53.58,0,C01570
504823,2024-07-26,1016,Shampoo,Beauty,Asia Pacific,Marketplace,3,24.14,0.1,65.18,29.64,35.54,0,C01094
504824,2025-05-12,1002,Bluetooth Speaker,Electronics,Asia Pacific,Website,3,26.25,0.0,78.75,50.1,28.65,0,C01637
504825,2025-03-24,1019,Sunscreen,Beauty,Asia Pacific,Mobile App,1,106.12,0.0,106.12,56.32,49.8,0,C00758
504826,2024-06-21,1000,Wireless Earbuds,Electronics,Asia Pacific,Website,2,80.93,0.05,153.77,66.18,87.59,0,C00329
504827,2024-07-13,1012,Jacket,Apparel,Middle East,Website,1,88.76,0.0,88.76,39.21,49.55,0,C00838
504828,2025-06-02,1021,Dumbbells,Sports,Middle East,Website,1,18.19,0.05,17.28,7.58,9.7,0,C00825
504829,2025-07-27,1008,Cookware Set,Home & Kitchen,Middle East,Website,1,55.01,0.0,55.01,27.82,27.19,0,C00277
504830,2025-09-25,1011,Jeans,Apparel,North America,Website,1,48.52,0.0,48.52,26.91,21.61,0,C00725
504831,2024-04-02,1010,T-Shirt,Apparel,Middle East,Marketplace,1,79.05,0.05,75.1,50.89,24.21,0,C00915
504832,2025-11-10,1018,Lipstick,Beauty,Latin America,Marketplace,2,41.98,0.15,71.37,55.7,15.67,0,C01495
504833,2024-05-29,1024,Resistance Bands,Sports,Asia Pacific,Mobile App,1,73.75,0.05,70.06,46.0,24.06,0,C00656
504834,2025-02-10,1022,Running Shoes,Sports,Europe,Marketplace,1,51.96,0.0,51.96,24.41,27.55,0,C00104
504835,2024-04-16,1007,Blender,Home & Kitchen,Asia Pacific,Mobile App,1,29.86,0.0,29.86,18.64,11.22,0,C01219
504836,2024-03-25,1006,Coffee Maker,Home & Kitchen,Asia Pacific,Marketplace,1,110.15,0.0,110.15,67.43,42.72,0,C01765
504837,2025-03-29,1000,Wireless Earbuds,Electronics,North America,Website,2,80.93,0.0,161.86,66.18,95.68,0,C00296
504838,2024-06-07,1000,Wireless Earbuds,Electronics,Asia Pacific,Website,1,80.93,0.0,80.93,33.09,47.84,0,C00555
504839,2024-08-17,1006,Coffee Maker,Home & Kitchen,Europe,Website,1,110.15,0.0,110.15,67.43,42.72,0,C00146
504840,2024-08-19,1019,Sunscreen,Beauty,Latin America,Mobile App,1,106.12,0.1,95.51,56.32,39.19,0,C01313
504841,2024-08-09,1016,Shampoo,Beauty,Europe,Website,1,24.14,0.0,24.14,9.88,14.26,0,C00884
504842,2024-09-06,1000,Wireless Earbuds,Electronics,North America,Marketplace,3,80.93,0.0,242.79,99.27,143.52,0,C01093
504843,2025-05-09,1021,Dumbbells,Sports,Latin America,Website,1,18.19,0.0,18.19,7.58,10.61,0,C00696
504844,2025-07-18,1006,Coffee Maker,Home & Kitchen,Middle East,Website,1,110.15,0.0,110.15,67.43,42.72,0,C00298
504845,2024-07-09,1021,Dumbbells,Sports,Middle East,Mobile App,3,18.19,0.0,54.57,22.74,31.83,0,C00137
504846,2025-10-04,1005,Air Fryer,Home & Kitchen,Middle East,Marketplace,3,16.13,0.0,48.39,19.62,28.77,0,C01416
504847,2025-01-31,1015,Face Serum,Beauty,Asia Pacific,Mobile App,1,80.28,0.0,80.28,50.57,29.71,0,C00607
504848,2025-01-07,1004,USB-C Hub,Electronics,Asia Pacific,Website,2,109.12,0.0,218.24,100.16,118.08,0,C01047
504849,2025-01-08,1014,Hoodie,Apparel,Europe,Website,2,71.73,0.2,114.77,98.86,15.91,0,C01325
504850,2024-12-31,1004,USB-C Hub,Electronics,North America,Marketplace,1,109.12,0.0,109.12,50.08,59.04,0,C01070
504851,2024-05-17,1001,Smart Watch,Electronics,Asia Pacific,Marketplace,1,123.31,0.0,123.31,59.9,63.41,0,C01799
504852,2025-12-20,1022,Running Shoes,Sports,Europe,Mobile App,1,51.96,0.0,51.96,24.41,27.55,0,C01379
504853,2025-08-15,1016,Shampoo,Beauty,Europe,Website,1,24.14,0.0,24.14,9.88,14.26,0,C00656
504854,2025-06-03,1003,Laptop Stand,Electronics,Latin America,Mobile App,2,22.02,0.0,44.04,18.72,25.32,0,C00402
504855,2024-04-17,1024,Resistance Bands,Sports,Middle East,Website,1,73.75,0.1,66.38,46.0,20.38,0,C00522
504856,2024-12-22,1014,Hoodie,Apparel,Middle East,Mobile App,1,71.73,0.0,71.73,49.43,22.3,0,C01785
504857,2024-08-17,1014,Hoodie,Apparel,Latin America,Website,1,71.73,0.0,71.73,49.43,22.3,0,C01279
504858,2024-02-24,1009,Vacuum Cleaner,Home & Kitchen,Latin America,Mobile App,2,64.34,0.1,115.81,74.8,41.01,0,C00129
504859,2025-05-24,1005,Air Fryer,Home & Kitchen,Middle East,Website,1,16.13,0.05,15.32,6.54,8.78,0,C00409
504860,2024-06-24,1017,Moisturizer,Beauty,North America,Mobile App,1,177.23,0.0,177.23,77.42,99.81,0,C00200
504861,2025-07-26,1004,USB-C Hub,Electronics,North America,Marketplace,1,109.12,0.0,109.12,50.08,59.04,0,C01406
504862,2025-05-03,1008,Cookware Set,Home & Kitchen,Europe,Website,1,55.01,0.0,55.01,27.82,27.19,0,C01392
504863,2024-12-28,1011,Jeans,Apparel,North America,Marketplace,1,48.52,0.0,48.52,26.91,21.61,0,C01176
504864,2024-10-09,1003,Laptop Stand,Electronics,Middle East,Website,1,22.02,0.1,19.82,9.36,10.46,0,C01425
504865,2024-01-29,1013,Sneakers,Apparel,Middle East,Website,1,39.27,0.0,39.27,19.98,19.29,0,C00903
504866,2025-12-22,1010,T-Shirt,Apparel,Europe,Marketplace,1,79.05,0.0,79.05,50.89,28.16,0,C00574
504867,2024-08-08,1001,Smart Watch,Electronics,Latin America,Website,1,123.31,0.0,123.31,59.9,63.41,0,C00202
504868,2025-12-14,1010,T-Shirt,Apparel,Asia Pacific,Website,1,79.05,0.0,79.05,50.89,28.16,0,C00891
504869,2025-08-06,1007,Blender,Home & Kitchen,Middle East,Marketplace,2,29.86,0.0,59.72,37.28,22.44,0,C00463
504870,2024-05-27,1023,Water Bottle,Sports,Middle East,Marketplace,3,55.97,0.05,159.51,85.14,74.37,1,C01389
504871,2025-08-23,1002,Bluetooth Speaker,Electronics,Asia Pacific,Marketplace,1,26.25,0.0,26.25,16.7,9.55,0,C01525
504872,2025-09-16,1006,Coffee Maker,Home & Kitchen,North America,Mobile App,1,110.15,0.0,110.15,67.43,42.72,0,C01341
504873,2025-01-01,1004,USB-C Hub,Electronics,Middle East,Website,1,109.12,0.1,98.21,50.08,48.13,0,C00106
504874,2024-03-13,1020,Yoga Mat,Sports,Middle East,Website,2,27.52,0.05,52.29,28.3,23.99,0,C01125
504875,2025-02-27,1007,Blender,Home & Kitchen,Europe,Mobile App,3,29.86,0.0,89.58,55.92,33.66,0,C01295
504876,2024-09-11,1017,Moisturizer,Beauty,Middle East,Mobile App,1,177.23,0.0,177.23,77.42,99.81,1,C01064
504877,2024-07-02,1013,Sneakers,Apparel,Europe,Website,1,39.27,0.0,39.27,19.98,19.29,0,C01122
504878,2025-05-21,1005,Air Fryer,Home & Kitchen,North America,Website,1,16.13,0.0,16.13,6.54,9.59,0,C00257
504879,2024-04-06,1001,Smart Watch,Electronics,Latin America,Mobile App,2,123.31,0.0,246.62,119.8,126.82,0,C00713
504880,2025-12-02,1010,T-Shirt,Apparel,Latin America,Mobile App,1,79.05,0.0,79.05,50.89,28.16,0,C00711
504881,2025-01-25,1007,Blender,Home & Kitchen,Latin America,Website,1,29.86,0.0,29.86,18.64,11.22,0,C00149
504882,2024-12-17,1018,Lipstick,Beauty,Europe,Website,1,41.98,0.05,39.88,27.85,12.03,0,C01528
504883,2024-12-29,1024,Resistance Bands,Sports,Europe,Mobile App,1,73.75,0.15,62.69,46.0,16.69,0,C01527
504884,2024-09-15,1001,Smart Watch,Electronics,Latin America,Website,2,123.31,0.0,246.62,119.8,126.82,1,C01476
504885,2024-09-23,1017,Moisturizer,Beauty,Latin America,Website,1,177.23,0.15,150.65,77.42,73.23,0,C00582
504886,2024-12-25,1008,Cookware Set,Home & Kitchen,North America,Website,1,55.01,0.0,55.01,27.82,27.19,0,C00836
504887,2024-04-06,1006,Coffee Maker,Home & Kitchen,Middle East,Website,2,110.15,0.0,220.3,134.86,85.44,0,C01602
504888,2025-09-12,1003,Laptop Stand,Electronics,North America,Marketplace,2,22.02,0.0,44.04,18.72,25.32,0,C01183
504889,2024-03-01,1024,Resistance Bands,Sports,Asia Pacific,Website,1,73.75,0.0,73.75,46.0,27.75,0,C00551
504890,2024-01-02,1018,Lipstick,Beauty,Middle East,Website,1,41.98,0.0,41.98,27.85,14.13,0,C01338
504891,2024-11-30,1012,Jacket,Apparel,Latin America,Website,2,88.76,0.0,177.52,78.42,99.1,0,C01123
504892,2025-08-04,1009,Vacuum Cleaner,Home & Kitchen,Middle East,Website,1,64.34,0.0,64.34,37.4,26.94,0,C00439
504893,2024-03-12,1005,Air Fryer,Home & Kitchen,Europe,Website,1,16.13,0.0,16.13,6.54,9.59,0,C01614
504894,2025-09-27,1013,Sneakers,Apparel,Latin America,Website,1,39.27,0.0,39.27,19.98,19.29,0,C00904
504895,2024-08-11,1009,Vacuum Cleaner,Home & Kitchen,Asia Pacific,Website,2,64.34,0.0,128.68,74.8,53.88,0,C01055
504896,2025-11-30,1010,T-Shirt,Apparel,Europe,Mobile App,1,79.05,0.1,71.14,50.89,20.25,0,C00890
504897,2025-08-10,1004,USB-C Hub,Electronics,Europe,Marketplace,3,109.12,0.0,327.36,150.24,177.12,0,C00293
504898,2025-12-24,1018,Lipstick,Beauty,Europe,Mobile App,1,41.98,0.0,41.98,27.85,14.13,0,C01781
504899,2025-03-31,1013,Sneakers,Apparel,North America,Mobile App,1,39.27,0.0,39.27,19.98,19.29,0,C00359
504900,2025-07-04,1018,Lipstick,Beauty,North America,Mobile App,2,41.98,0.1,75.56,55.7,19.86,0,C01317
504901,2024-11-15,1017,Moisturizer,Beauty,Asia Pacific,Website,1,177.23,0.0,177.23,77.42,99.81,0,C01528
504902,2025-11-30,1015,Face Serum,Beauty,Europe,Mobile App,1,80.28,0.15,68.24,50.57,17.67,0,C01135
504903,2024-06-20,1012,Jacket,Apparel,North America,Website,1,88.76,0.1,79.88,39.21,40.67,0,C01284
504904,2025-09-09,1012,Jacket,Apparel,Europe,Marketplace,1,88.76,0.05,84.32,39.21,45.11,0,C00946
504905,2024-12-11,1021,Dumbbells,Sports,Latin America,Marketplace,3,18.19,0.1,49.11,22.74,26.37,0,C00409
504906,2025-07-15,1005,Air Fryer,Home & Kitchen,Latin America,Mobile App,2,16.13,0.0,32.26,13.08,19.18,0,C00075
504907,2024-04-29,1017,Moisturizer,Beauty,Middle East,Website,1,177.23,0.0,177.23,77.42,99.81,0,C00556
504908,2024-09-09,1024,Resistance Bands,Sports,Asia Pacific,Website,1,73.75,0.0,73.75,46.0,27.75,0,C00621
504909,2025-05-17,1024,Resistance Bands,Sports,Europe,Mobile App,1,73.75,0.0,73.75,46.0,27.75,0,C01356
504910,2024-02-12,1012,Jacket,Apparel,Asia Pacific,Website,1,88.76,0.05,84.32,39.21,45.11,0,C01103
504911,2025-05-06,1013,Sneakers,Apparel,Middle East,Website,1,39.27,0.0,39.27,19.98,19.29,1,C00453
504912,2025-06-16,1015,Face Serum,Beauty,North America,Mobile App,1,80.28,0.0,80.28,50.57,29.71,0,C00031
504913,2024-11-24,1007,Blender,Home & Kitchen,Middle East,Mobile App,1,29.86,0.0,29.86,18.64,11.22,0,C00698
504914,2025-12-20,1001,Smart Watch,Electronics,Middle East,Mobile App,2,123.31,0.0,246.62,119.8,126.82,0,C01363
504915,2025-07-13,1008,Cookware Set,Home & Kitchen,Europe,Website,2,55.01,0.0,110.02,55.64,54.38,0,C00066
504916,2024-05-18,1012,Jacket,Apparel,Latin America,Mobile App,1,88.76,0.0,88.76,39.21,49.55,0,C00454
504917,2024-10-26,1017,Moisturizer,Beauty,Latin America,Website,2,177.23,0.2,283.57,154.84,128.73,0,C01254
504918,2025-01-21,1018,Lipstick,Beauty,North America,Website,1,41.98,0.0,41.98,27.85,14.13,0,C01291
504919,2025-05-18,1021,Dumbbells,Sports,North America,Website,1,18.19,0.0,18.19,7.58,10.61,0,C01282
504920,2025-05-10,1010,T-Shirt,Apparel,Middle East,Website,1,79.05,0.0,79.05,50.89,28.16,0,C00097
504921,2025-05-24,1002,Bluetooth Speaker,Electronics,Asia Pacific,Mobile App,2,26.25,0.0,52.5,33.4,19.1,0,C00809
504922,2025-12-16,1011,Jeans,Apparel,North America,Mobile App,2,48.52,0.0,97.04,53.82,43.22,0,C01115
504923,2024-02-12,1002,Bluetooth Speaker,Electronics,Europe,Marketplace,1,26.25,0.1,23.62,16.7,6.92,0,C00854
504924,2024-11-10,1000,Wireless Earbuds,Electronics,Middle East,Mobile App,1,80.93,0.0,80.93,33.09,47.84,0,C01640
504925,2025-08-07,1004,USB-C Hub,Electronics,Middle East,Website,3,109.12,0.1,294.62,150.24,144.38,0,C00410
504926,2024-11-17,1003,Laptop Stand,Electronics,North America,Mobile App,1,22.02,0.0,22.02,9.36,12.66,0,C01056
504927,2024-02-18,1004,USB-C Hub,Electronics,Asia Pacific,Website,2,109.12,0.0,218.24,100.16,118.08,0,C00038
504928,2024-12-26,1021,Dumbbells,Sports,Middle East,Website,1,18.19,0.0,18.19,7.58,10.61,0,C00184
504929,2025-12-01,1008,Cookware Set,Home & Kitchen,Latin America,Mobile App,1,55.01,0.0,55.01,27.82,27.19,0,C00864
504930,2025-06-20,1009,Vacuum Cleaner,Home & Kitchen,Europe,Mobile App,1,64.34,0.05,61.12,37.4,23.72,0,C00123
504931,2025-11-28,1002,Bluetooth Speaker,Electronics,North America,Marketplace,1,26.25,0.2,21.0,16.7,4.3,0,C01790
504932,2024-04-11,1003,Laptop Stand,Electronics,Latin America,Marketplace,2,22.02,0.2,35.23,18.72,16.51,0,C01744
504933,2024-08-14,1024,Resistance Bands,Sports,Asia Pacific,Website,1,73.75,0.05,70.06,46.0,24.06,0,C00949
504934,2024-07-27,1003,Laptop Stand,Electronics,Latin America,Website,1,22.02,0.0,22.02,9.36,12.66,0,C00162
504935,2025-10-17,1005,Air Fryer,Home & Kitchen,Middle East,Website,1,16.13,0.0,16.13,6.54,9.59,0,C01607
504936,2025-01-25,1002,Bluetooth Speaker,Electronics,Europe,Marketplace,1,26.25,0.0,26.25,16.7,9.55,0,C01011
504937,2024-04-29,1024,Resistance Bands,Sports,Asia Pacific,Website,1,73.75,0.15,62.69,46.0,16.69,0,C01409
504938,2024-09-03,1015,Face Serum,Beauty,Asia Pacific,Marketplace,1,80.28,0.1,72.25,50.57,21.68,0,C00068
504939,2025-02-03,1012,Jacket,Apparel,Europe,Website,2,88.76,0.0,177.52,78.42,99.1,0,C00408
504940,2025-02-15,1000,Wireless Earbuds,Electronics,North America,Website,1,80.93,0.0,80.93,33.09,47.84,0,C00763
504941,2025-09-05,1011,Jeans,Apparel,Europe,Mobile App,1,48.52,0.15,41.24,26.91,14.33,0,C00702
504942,2024-09-21,1022,Running Shoes,Sports,Latin America,Mobile App,1,51.96,0.0,51.96,24.41,27.55,0,C01077
504943,2025-12-28,1011,Jeans,Apparel,Asia Pacific,Website,1,48.52,0.2,38.82,26.91,11.91,0,C00653
504944,2025-10-31,1020,Yoga Mat,Sports,Asia Pacific,Website,1,27.52,0.1,24.77,14.15,10.62,0,C00589
504945,2024-01-11,1018,Lipstick,Beauty,Latin America,Mobile App,1,41.98,0.0,41.98,27.85,14.13,0,C01347
504946,2025-01-21,1011,Jeans,Apparel,Asia Pacific,Mobile App,2,48.52,0.0,97.04,53.82,43.22,0,C01395
504947,2024-07-13,1018,Lipstick,Beauty,Latin America,Website,1,41.98,0.1,37.78,27.85,9.93,0,C01017
504948,2024-01-11,1013,Sneakers,Apparel,Latin America,Website,1,39.27,0.0,39.27,19.98,19.29,0,C00754
504949,2025-04-04,1009,Vacuum Cleaner,Home & Kitchen,Europe,Mobile App,1,64.34,0.0,64.34,37.4,26.94,0,C01191
504950,2024-08-16,1001,Smart Watch,Electronics,North America,Mobile App,2,123.31,0.05,234.29,119.8,114.49,0,C00168
504951,2024-04-28,1005,Air Fryer,Home & Kitchen,Europe,Marketplace,1,16.13,0.1,14.52,6.54,7.98,0,C00005
504952,2025-05-15,1016,Shampoo,Beauty,North America,Website,1,24.14,0.0,24.14,9.88,14.26,0,C00468
504953,2024-12-01,1018,Lipstick,Beauty,Europe,Marketplace,2,41.98,0.0,83.96,55.7,28.26,0,C01597
504954,2024-09-19,1011,Jeans,Apparel,Latin America,Website,2,48.52,0.0,97.04,53.82,43.22,0,C01153
504955,2024-10-20,1007,Blender,Home & Kitchen,Asia Pacific,Marketplace,1,29.86,0.0,29.86,18.64,11.22,0,C01332
504956,2024-09-24,1018,Lipstick,Beauty,North America,Mobile App,2,41.98,0.0,83.96,55.7,28.26,0,C01358
504957,2025-02-08,1006,Coffee Maker,Home & Kitchen,Europe,Marketplace,1,110.15,0.1,99.14,67.43,31.71,0,C01530
504958,2025-07-22,1003,Laptop Stand,Electronics,Latin America,Website,2,22.02,0.0,44.04,18.72,25.32,0,C01487
504959,2025-06-14,1004,USB-C Hub,Electronics,North America,Website,1,109.12,0.0,109.12,50.08,59.04,0,C01384
504960,2024-04-21,1019,Sunscreen,Beauty,North America,Website,1,106.12,0.15,90.2,56.32,33.88,0,C00972
504961,2025-02-01,1017,Moisturizer,Beauty,Europe,Website,1,177.23,0.0,177.23,77.42,99.81,0,C00252
504962,2025-12-11,1011,Jeans,Apparel,North America,Website,1,48.52,0.1,43.67,26.91,16.76,0,C00370
504963,2025-09-22,1020,Yoga Mat,Sports,Asia Pacific,Website,1,27.52,0.0,27.52,14.15,13.37,0,C01201
504964,2024-05-26,1005,Air Fryer,Home & Kitchen,Latin America,Mobile App,1,16.13,0.0,16.13,6.54,9.59,0,C00460
504965,2024-02-12,1006,Coffee Maker,Home & Kitchen,Middle East,Mobile App,2,110.15,0.05,209.28,134.86,74.42,0,C00168
504966,2024-07-12,1021,Dumbbells,Sports,Europe,Mobile App,1,18.19,0.0,18.19,7.58,10.61,0,C00729
504967,2024-02-14,1022,Running Shoes,Sports,Middle East,Website,1,51.96,0.0,51.96,24.41,27.55,0,C00399
504968,2024-06-05,1009,Vacuum Cleaner,Home & Kitchen,Asia Pacific,Marketplace,1,64.34,0.05,61.12,37.4,23.72,0,C01596
504969,2024-09-13,1021,Dumbbells,Sports,Europe,Website,4,18.19,0.05,69.12,30.32,38.8,1,C01009
504970,2024-07-24,1009,Vacuum Cleaner,Home & Kitchen,North America,Website,1,64.34,0.0,64.34,37.4,26.94,0,C00390
504971,2024-06-05,1004,USB-C Hub,Electronics,Asia Pacific,Mobile App,2,109.12,0.05,207.33,100.16,107.17,0,C00866
504972,2024-08-18,1007,Blender,Home & Kitchen,Europe,Mobile App,2,29.86,0.0,59.72,37.28,22.44,0,C00577
504973,2024-12-09,1012,Jacket,Apparel,Latin America,Website,1,88.76,0.0,88.76,39.21,49.55,0,C00642
504974,2025-03-27,1023,Water Bottle,Sports,North America,Mobile App,1,55.97,0.0,55.97,28.38,27.59,0,C00341
504975,2025-09-08,1023,Water Bottle,Sports,Middle East,Website,1,55.97,0.1,50.37,28.38,21.99,0,C00115
504976,2024-06-13,1024,Resistance Bands,Sports,Europe,Mobile App,1,73.75,0.0,73.75,46.0,27.75,0,C00560
504977,2024-11-21,1007,Blender,Home & Kitchen,North America,Website,1,29.86,0.0,29.86,18.64,11.22,0,C00507
504978,2024-03-07,1021,Dumbbells,Sports,Latin America,Mobile App,2,18.19,0.0,36.38,15.16,21.22,0,C00869
504979,2024-01-18,1004,USB-C Hub,Electronics,Middle East,Mobile App,1,109.12,0.0,109.12,50.08,59.04,0,C01612
504980,2024-11-25,1011,Jeans,Apparel,Asia Pacific,Website,2,48.52,0.0,97.04,53.82,43.22,0,C00150
504981,2024-04-16,1007,Blender,Home & Kitchen,Europe,Website,1,29.86,0.0,29.86,18.64,11.22,0,C01107
504982,2024-01-04,1008,Cookware Set,Home & Kitchen,Middle East,Website,1,55.01,0.1,49.51,27.82,21.69,0,C00305
504983,2025-01-31,1013,Sneakers,Apparel,Middle East,Website,2,39.27,0.0,78.54,39.96,38.58,0,C00316
504984,2024-08-17,1010,T-Shirt,Apparel,North America,Mobile App,3,79.05,0.0,237.15,152.67,84.48,0,C00765
504985,2024-03-16,1018,Lipstick,Beauty,North America,Mobile App,1,41.98,0.1,37.78,27.85,9.93,0,C00132
504986,2025-05-02,1008,Cookware Set,Home & Kitchen,Middle East,Mobile App,1,55.01,0.0,55.01,27.82,27.19,0,C00615
504987,2024-10-16,1018,Lipstick,Beauty,Middle East,Website,1,41.98,0.0,41.98,27.85,14.13,0,C00227
504988,2024-08-31,1000,Wireless Earbuds,Electronics,Latin America,Mobile App,1,80.93,0.1,72.84,33.09,39.75,0,C00969
504989,2024-12-19,1021,Dumbbells,Sports,Latin America,Website,1,18.19,0.15,15.46,7.58,7.88,0,C00892
504990,2024-06-05,1019,Sunscreen,Beauty,Latin America,Mobile App,2,106.12,0.0,212.24,112.64,99.6,0,C00983
504991,2025-01-03,1020,Yoga Mat,Sports,Europe,Website,2,27.52,0.05,52.29,28.3,23.99,1,C00225
504992,2025-10-14,1008,Cookware Set,Home & Kitchen,Europe,Marketplace,1,55.01,0.0,55.01,27.82,27.19,0,C00351
504993,2025-02-01,1007,Blender,Home & Kitchen,Asia Pacific,Marketplace,1,29.86,0.0,29.86,18.64,11.22,0,C01739
504994,2025-01-11,1001,Smart Watch,Electronics,North America,Website,1,123.31,0.0,123.31,59.9,63.41,0,C01722
504995,2024-11-03,1003,Laptop Stand,Electronics,Europe,Website,1,22.02,0.1,19.82,9.36,10.46,0,C01055
504996,2025-02-24,1000,Wireless Earbuds,Electronics,Middle East,Marketplace,1,80.93,0.2,64.74,33.09,31.65,0,C00991
504997,2025-02-15,1020,Yoga Mat,Sports,Europe,Mobile App,2,27.52,0.05,52.29,28.3,23.99,0,C01712
504998,2024-12-27,1020,Yoga Mat,Sports,Europe,Marketplace,1,27.52,0.05,26.14,14.15,11.99,0,C01113
504999,2025-03-07,1021,Dumbbells,Sports,Latin America,Website,1,18.19,0.0,18.19,7.58,10.61,0,C01401
505000,2025-04-08,1017,Moisturizer,Beauty,Latin America,Marketplace,1,177.23,0.0,177.23,77.42,99.81,0,C01254
505001,2025-04-19,1013,Sneakers,Apparel,Asia Pacific,Website,3,39.27,0.15,100.14,59.94,40.2,0,C00750
505002,2025-11-12,1015,Face Serum,Beauty,Latin America,Website,1,80.28,0.0,80.28,50.57,29.71,0,C01628
505003,2025-06-26,1019,Sunscreen,Beauty,Europe,Website,1,106.12,0.0,106.12,56.32,49.8,0,C01679
505004,2025-12-30,1011,Jeans,Apparel,Europe,Mobile App,1,48.52,0.0,48.52,26.91,21.61,0,C00679
505005,2025-11-06,1023,Water Bottle,Sports,Middle East,Website,1,55.97,0.0,55.97,28.38,27.59,0,C01554
505006,2025-04-19,1011,Jeans,Apparel,Middle East,Marketplace,1,48.52,0.0,48.52,26.91,21.61,0,C00147
505007,2025-02-22,1007,Blender,Home & Kitchen,Asia Pacific,Mobile App,3,29.86,0.0,89.58,55.92,33.66,0,C01549
505008,2024-08-06,1004,USB-C Hub,Electronics,Latin America,Website,2,109.12,0.0,218.24,100.16,118.08,0,C00359
505009,2024-04-21,1010,T-Shirt,Apparel,Middle East,Mobile App,1,79.05,0.0,79.05,50.89,28.16,0,C00429
505010,2024-11-03,1019,Sunscreen,Beauty,Middle East,Website,1,106.12,0.0,106.12,56.32,49.8,0,C00003
505011,2024-07-23,1021,Dumbbells,Sports,Europe,Website,2,18.19,0.15,30.92,15.16,15.76,0,C01425
505012,2024-06-09,1010,T-Shirt,Apparel,Latin America,Marketplace,2,79.05,0.0,158.1,101.78,56.32,0,C00967
505013,2025-03-18,1015,Face Serum,Beauty,Europe,Marketplace,2,80.28,0.0,160.56,101.14,59.42,0,C00058
505014,2024-01-25,1021,Dumbbells,Sports,Europe,Website,1,18.19,0.0,18.19,7.58,10.61,0,C00068
505015,2025-11-14,1008,Cookware Set,Home & Kitchen,Europe,Website,1,55.01,0.1,49.51,27.82,21.69,0,C00175
505016,2025-11-27,1000,Wireless Earbuds,Electronics,Middle East,Mobile App,1,80.93,0.0,80.93,33.09,47.84,0,C00387
505017,2025-10-18,1002,Bluetooth Speaker,Electronics,Latin America,Mobile App,1,26.25,0.0,26.25,16.7,9.55,0,C00221
505018,2024-07-21,1013,Sneakers,Apparel,Europe,Website,1,39.27,0.0,39.27,19.98,19.29,0,C01502
505019,2025-04-24,1016,Shampoo,Beauty,Europe,Marketplace,1,24.14,0.15,20.52,9.88,10.64,0,C00634
505020,2024-05-13,1015,Face Serum,Beauty,Latin America,Website,1,80.28,0.05,76.27,50.57,25.7,0,C00389
505021,2025-09-19,1019,Sunscreen,Beauty,Middle East,Mobile App,1,106.12,0.0,106.12,56.32,49.8,0,C00977
505022,2024-02-06,1014,Hoodie,Apparel,North America,Mobile App,1,71.73,0.05,68.14,49.43,18.71,0,C01296
505023,2024-03-28,1023,Water Bottle,Sports,North America,Website,4,55.97,0.0,223.88,113.52,110.36,0,C01043
505024,2024-02-24,1000,Wireless Earbuds,Electronics,Asia Pacific,Marketplace,1,80.93,0.2,64.74,33.09,31.65,0,C00606
505025,2024-11-16,1024,Resistance Bands,Sports,Asia Pacific,Website,1,73.75,0.0,73.75,46.0,27.75,0,C01338
505026,2024-06-03,1015,Face Serum,Beauty,Europe,Website,2,80.28,0.0,160.56,101.14,59.42,0,C00499
505027,2024-03-08,1015,Face Serum,Beauty,Asia Pacific,Mobile App,1,80.28,0.0,80.28,50.57,29.71,0,C00694
505028,2024-11-19,1017,Moisturizer,Beauty,Middle East,Marketplace,1,177.23,0.0,177.23,77.42,99.81,0,C00903
505029,2025-04-02,1020,Yoga Mat,Sports,Latin America,Website,2,27.52,0.15,46.78,28.3,18.48,0,C00890
505030,2024-06-28,1020,Yoga Mat,Sports,Asia Pacific,Website,2,27.52,0.0,55.04,28.3,26.74,0,C00881
505031,2025-07-29,1010,T-Shirt,Apparel,Europe,Marketplace,1,79.05,0.2,63.24,50.89,12.35,0,C01478
505032,2024-06-04,1017,Moisturizer,Beauty,Europe,Website,4,177.23,0.2,567.14,309.68,257.46,0,C01284
505033,2025-06-29,1008,Cookware Set,Home & Kitchen,Middle East,Website,1,55.01,0.0,55.01,27.82,27.19,0,C01234
505034,2025-07-29,1012,Jacket,Apparel,Middle East,Mobile App,4,88.76,0.15,301.78,156.84,144.94,0,C01748
505035,2025-12-17,1013,Sneakers,Apparel,Asia Pacific,Mobile App,2,39.27,0.0,78.54,39.96,38.58,0,C01369
505036,2024-09-12,1009,Vacuum Cleaner,Home & Kitchen,North America,Mobile App,1,64.34,0.0,64.34,37.4,26.94,0,C00183
505037,2024-05-30,1019,Sunscreen,Beauty,Latin America,Website,1,106.12,0.0,106.12,56.32,49.8,0,C01708
505038,2024-02-10,1019,Sunscreen,Beauty,Europe,Marketplace,2,106.12,0.05,201.63,112.64,88.99,0,C00420
505039,2025-04-29,1012,Jacket,Apparel,Latin America,Website,2,88.76,0.0,177.52,78.42,99.1,0,C00114
505040,2024-01-21,1000,Wireless Earbuds,Electronics,Middle East,Mobile App,1,80.93,0.1,72.84,33.09,39.75,0,C00644
505041,2025-01-06,1002,Bluetooth Speaker,Electronics,Latin America,Mobile App,1,26.25,0.0,26.25,16.7,9.55,0,C01526
505042,2024-07-05,1022,Running Shoes,Sports,Latin America,Marketplace,2,51.96,0.0,103.92,48.82,55.1,0,C00918
505043,2025-05-18,1015,Face Serum,Beauty,Middle East,Website,1,80.28,0.0,80.28,50.57,29.71,0,C00164
505044,2024-12-13,1009,Vacuum Cleaner,Home & Kitchen,North America,Marketplace,1,64.34,0.0,64.34,37.4,26.94,0,C00069
505045,2024-03-11,1022,Running Shoes,Sports,Europe,Website,1,51.96,0.05,49.36,24.41,24.95,0,C01140
505046,2024-11-03,1017,Moisturizer,Beauty,Latin America,Marketplace,1,177.23,0.0,177.23,77.42,99.81,0,C00271
505047,2024-04-23,1012,Jacket,Apparel,Europe,Marketplace,1,88.76,0.0,88.76,39.21,49.55,0,C00317
505048,2024-11-24,1018,Lipstick,Beauty,Asia Pacific,Mobile App,1,41.98,0.0,41.98,27.85,14.13,0,C01322
505049,2024-03-26,1001,Smart Watch,Electronics,Asia Pacific,Mobile App,1,123.31,0.0,123.31,59.9,63.41,0,C01598
505050,2025-05-21,1019,Sunscreen,Beauty,North America,Mobile App,4,106.12,0.0,424.48,225.28,199.2,0,C01377
505051,2025-08-27,1011,Jeans,Apparel,Latin America,Marketplace,2,48.52,0.0,97.04,53.82,43.22,0,C00395
505052,2025-01-08,1024,Resistance Bands,Sports,Asia Pacific,Website,1,73.75,0.0,73.75,46.0,27.75,0,C01633
505053,2024-10-13,1008,Cookware Set,Home & Kitchen,Middle East,Marketplace,1,55.01,0.15,46.76,27.82,18.94,0,C00740
505054,2024-01-25,1006,Coffee Maker,Home & Kitchen,Latin America,Website,1,110.15,0.0,110.15,67.43,42.72,0,C00748
505055,2024-06-19,1021,Dumbbells,Sports,North America,Mobile App,1,18.19,0.0,18.19,7.58,10.61,0,C00713
505056,2025-12-18,1010,T-Shirt,Apparel,Asia Pacific,Website,2,79.05,0.0,158.1,101.78,56.32,0,C00350
505057,2025-03-19,1015,Face Serum,Beauty,Asia Pacific,Website,2,80.28,0.0,160.56,101.14,59.42,0,C00224
505058,2025-11-03,1008,Cookware Set,Home & Kitchen,Latin America,Mobile App,2,55.01,0.0,110.02,55.64,54.38,0,C00465
505059,2024-12-06,1009,Vacuum Cleaner,Home & Kitchen,Middle East,Website,2,64.34,0.0,128.68,74.8,53.88,0,C01315
505060,2025-10-01,1014,Hoodie,Apparel,North America,Mobile App,1,71.73,0.0,71.73,49.43,22.3,1,C00876
505061,2024-01-20,1021,Dumbbells,Sports,Asia Pacific,Website,1,18.19,0.05,17.28,7.58,9.7,0,C00581
505062,2025-04-26,1013,Sneakers,Apparel,Latin America,Website,2,39.27,0.0,78.54,39.96,38.58,0,C00563
505063,2025-12-12,1024,Resistance Bands,Sports,Asia Pacific,Mobile App,1,73.75,0.0,73.75,46.0,27.75,0,C01485
505064,2024-12-09,1007,Blender,Home & Kitchen,Asia Pacific,Mobile App,1,29.86,0.0,29.86,18.64,11.22,0,C01645
505065,2025-03-10,1024,Resistance Bands,Sports,Latin America,Mobile App,1,73.75,0.0,73.75,46.0,27.75,0,C01510
505066,2024-05-15,1008,Cookware Set,Home & Kitchen,Asia Pacific,Mobile App,3,55.01,0.0,165.03,83.46,81.57,0,C00190
505067,2025-07-19,1008,Cookware Set,Home & Kitchen,Europe,Website,1,55.01,0.0,55.01,27.82,27.19,0,C01406
505068,2024-09-30,1009,Vacuum Cleaner,Home & Kitchen,North America,Marketplace,1,64.34,0.0,64.34,37.4,26.94,0,C00456
505069,2025-11-18,1002,Bluetooth Speaker,Electronics,North America,Mobile App,3,26.25,0.0,78.75,50.1,28.65,0,C00994
505070,2024-11-22,1021,Dumbbells,Sports,Middle East,Marketplace,2,18.19,0.05,34.56,15.16,19.4,0,C01144
505071,2024-01-24,1017,Moisturizer,Beauty,Europe,Mobile App,1,177.23,0.05,168.37,77.42,90.95,0,C01227
505072,2024-04-19,1021,Dumbbells,Sports,Europe,Website,1,18.19,0.0,18.19,7.58,10.61,0,C00729
505073,2025-01-17,1000,Wireless Earbuds,Electronics,North America,Website,2,80.93,0.0,161.86,66.18,95.68,1,C00971
505074,2024-08-30,1019,Sunscreen,Beauty,North America,Marketplace,2,106.12,0.05,201.63,112.64,88.99,0,C00499
505075,2024-01-10,1004,USB-C Hub,Electronics,North America,Mobile App,2,109.12,0.05,207.33,100.16,107.17,0,C01111
505076,2024-12-15,1016,Shampoo,Beauty,Middle East,Website,1,24.14,0.1,21.73,9.88,11.85,0,C00865
505077,2025-08-19,1005,Air Fryer,Home & Kitchen,Latin America,Mobile App,1,16.13,0.0,16.13,6.54,9.59,0,C00788
505078,2024-12-04,1004,USB-C Hub,Electronics,North America,Mobile App,1,109.12,0.1,98.21,50.08,48.13,0,C00184
505079,2024-02-27,1003,Laptop Stand,Electronics,Europe,Website,2,22.02,0.0,44.04,18.72,25.32,0,C01357
505080,2024-03-24,1000,Wireless Earbuds,Electronics,Europe,Website,3,80.93,0.05,230.65,99.27,131.38,0,C01509
505081,2024-04-03,1022,Running Shoes,Sports,North America,Website,1,51.96,0.2,41.57,24.41,17.16,0,C01589
505082,2025-12-03,1004,USB-C Hub,Electronics,Europe,Website,1,109.12,0.0,109.12,50.08,59.04,0,C00345
505083,2024-03-22,1015,Face Serum,Beauty,Latin America,Website,1,80.28,0.0,80.28,50.57,29.71,0,C00733
505084,2025-06-26,1013,Sneakers,Apparel,Europe,Website,1,39.27,0.05,37.31,19.98,17.33,0,C00857
505085,2024-07-21,1007,Blender,Home & Kitchen,Latin America,Mobile App,1,29.86,0.15,25.38,18.64,6.74,0,C01317
505086,2024-07-09,1023,Water Bottle,Sports,Latin America,Website,2,55.97,0.0,111.94,56.76,55.18,0,C00647
505087,2025-11-23,1006,Coffee Maker,Home & Kitchen,Middle East,Marketplace,1,110.15,0.15,93.63,67.43,26.2,0,C01251
505088,2024-03-03,1000,Wireless Earbuds,Electronics,Latin America,Website,1,80.93,0.0,80.93,33.09,47.84,0,C01664
505089,2024-01-07,1000,Wireless Earbuds,Electronics,North America,Website,1,80.93,0.0,80.93,33.09,47.84,0,C00863
505090,2024-07-21,1005,Air Fryer,Home & Kitchen,Asia Pacific,Website,1,16.13,0.05,15.32,6.54,8.78,0,C01203
505091,2025-07-09,1022,Running Shoes,Sports,Middle East,Marketplace,1,51.96,0.0,51.96,24.41,27.55,0,C01730
505092,2025-12-17,1001,Smart Watch,Electronics,North America,Mobile App,3,123.31,0.1,332.94,179.7,153.24,0,C01590
505093,2024-03-18,1008,Cookware Set,Home & Kitchen,Europe,Website,1,55.01,0.05,52.26,27.82,24.44,0,C01332
505094,2024-11-25,1013,Sneakers,Apparel,Europe,Website,1,39.27,0.0,39.27,19.98,19.29,0,C01525
505095,2025-10-12,1022,Running Shoes,Sports,Middle East,Website,1,51.96,0.15,44.17,24.41,19.76,0,C01157
505096,2025-02-26,1024,Resistance Bands,Sports,Middle East,Mobile App,2,73.75,0.0,147.5,92.0,55.5,1,C00074
505097,2024-08-11,1002,Bluetooth Speaker,Electronics,Latin America,Website,1,26.25,0.0,26.25,16.7,9.55,0,C01049
505098,2024-12-19,1004,USB-C Hub,Electronics,Europe,Mobile App,1,109.12,0.2,87.3,50.08,37.22,0,C00163
505099,2025-11-01,1008,Cookware Set,Home & Kitchen,Asia Pacific,Website,1,55.01,0.15,46.76,27.82,18.94,0,C01731
505100,2024-06-14,1016,Shampoo,Beauty,North America,Website,2,24.14,0.2,38.62,19.76,18.86,0,C01432
505101,2025-05-20,1005,Air Fryer,Home & Kitchen,Asia Pacific,Marketplace,1,16.13,0.0,16.13,6.54,9.59,0,C00196
505102,2024-03-02,1003,Laptop Stand,Electronics,Middle East,Mobile App,2,22.02,0.1,39.64,18.72,20.92,0,C01465
505103,2025-03-16,1016,Shampoo,Beauty,North America,Mobile App,1,24.14,0.0,24.14,9.88,14.26,0,C00679
505104,2025-04-01,1003,Laptop Stand,Electronics,North America,Marketplace,3,22.02,0.05,62.76,28.08,34.68,0,C01302
505105,2025-11-21,1021,Dumbbells,Sports,North America,Website,1,18.19,0.1,16.37,7.58,8.79,0,C01256
505106,2025-01-05,1001,Smart Watch,Electronics,Middle East,Mobile App,2,123.31,0.1,221.96,119.8,102.16,1,C01187
505107,2024-03-08,1010,T-Shirt,Apparel,Middle East,Website,2,79.05,0.0,158.1,101.78,56.32,0,C01224
505108,2024-11-22,1024,Resistance Bands,Sports,Latin America,Website,3,73.75,0.0,221.25,138.0,83.25,0,C00786
505109,2025-05-06,1002,Bluetooth Speaker,Electronics,Asia Pacific,Website,4,26.25,0.0,105.0,66.8,38.2,0,C00030
505110,2025-05-15,1012,Jacket,Apparel,Asia Pacific,Mobile App,1,88.76,0.0,88.76,39.21,49.55,0,C00472
505111,2024-07-13,1004,USB-C Hub,Electronics,Europe,Mobile App,2,109.12,0.15,185.5,100.16,85.34,0,C01397
505112,2024-02-13,1002,Bluetooth Speaker,Electronics,Asia Pacific,Website,1,26.25,0.2,21.0,16.7,4.3,0,C00892
505113,2025-04-17,1023,Water Bottle,Sports,Asia Pacific,Marketplace,1,55.97,0.0,55.97,28.38,27.59,0,C00705
505114,2025-02-16,1008,Cookware Set,Home & Kitchen,Latin America,Marketplace,1,55.01,0.0,55.01,27.82,27.19,0,C01587
505115,2025-04-20,1010,T-Shirt,Apparel,Latin America,Website,2,79.05,0.0,158.1,101.78,56.32,1,C01231
505116,2025-01-29,1016,Shampoo,Beauty,Latin America,Marketplace,1,24.14,0.0,24.14,9.88,14.26,0,C00008
505117,2024-05-22,1019,Sunscreen,Beauty,Asia Pacific,Website,1,106.12,0.0,106.12,56.32,49.8,0,C00839
505118,2025-10-09,1010,T-Shirt,Apparel,Europe,Website,1,79.05,0.0,79.05,50.89,28.16,0,C00287
505119,2024-01-15,1006,Coffee Maker,Home & Kitchen,Latin America,Mobile App,4,110.15,0.0,440.6,269.72,170.88,1,C00885
505120,2025-11-08,1015,Face Serum,Beauty,Europe,Website,1,80.28,0.0,80.28,50.57,29.71,0,C00404
505121,2024-07-07,1011,Jeans,Apparel,Europe,Website,1,48.52,0.2,38.82,26.91,11.91,0,C00081
505122,2025-02-04,1012,Jacket,Apparel,Latin America,Website,2,88.76,0.0,177.52,78.42,99.1,0,C00705
505123,2024-12-11,1012,Jacket,Apparel,Europe,Website,1,88.76,0.0,88.76,39.21,49.55,0,C00754
505124,2025-02-05,1006,Coffee Maker,Home & Kitchen,Europe,Website,1,110.15,0.0,110.15,67.43,42.72,0,C01660
505125,2025-07-16,1002,Bluetooth Speaker,Electronics,Asia Pacific,Website,1,26.25,0.0,26.25,16.7,9.55,0,C00823
505126,2025-05-13,1016,Shampoo,Beauty,Middle East,Mobile App,1,24.14,0.0,24.14,9.88,14.26,0,C01161
505127,2025-03-19,1006,Coffee Maker,Home & Kitchen,Latin America,Marketplace,2,110.15,0.2,176.24,134.86,41.38,1,C00239
505128,2024-06-12,1018,Lipstick,Beauty,Latin America,Marketplace,3,41.98,0.15,107.05,83.55,23.5,0,C00618
505129,2024-03-02,1021,Dumbbells,Sports,Asia Pacific,Marketplace,1,18.19,0.0,18.19,7.58,10.61,0,C00702
505130,2024-03-09,1015,Face Serum,Beauty,Asia Pacific,Mobile App,2,80.28,0.2,128.45,101.14,27.31,0,C00633
505131,2025-09-14,1011,Jeans,Apparel,Asia Pacific,Website,1,48.52,0.1,43.67,26.91,16.76,0,C00229
505132,2025-06-15,1008,Cookware Set,Home & Kitchen,Latin America,Mobile App,1,55.01,0.0,55.01,27.82,27.19,0,C00152
505133,2025-03-02,1006,Coffee Maker,Home & Kitchen,Latin America,Website,1,110.15,0.0,110.15,67.43,42.72,0,C00494
505134,2024-11-11,1006,Coffee Maker,Home & Kitchen,Europe,Website,1,110.15,0.05,104.64,67.43,37.21,0,C00627
505135,2024-11-14,1016,Shampoo,Beauty,Middle East,Website,1,24.14,0.0,24.14,9.88,14.26,0,C00366
505136,2024-05-04,1011,Jeans,Apparel,Middle East,Website,1,48.52,0.0,48.52,26.91,21.61,0,C00398
505137,2024-10-15,1012,Jacket,Apparel,Asia Pacific,Mobile App,1,88.76,0.1,79.88,39.21,40.67,0,C00089
505138,2025-12-06,1016,Shampoo,Beauty,Europe,Website,2,24.14,0.1,43.45,19.76,23.69,0,C00074
505139,2025-04-29,1014,Hoodie,Apparel,North America,Website,1,71.73,0.1,64.56,49.43,15.13,0,C01395
505140,2025-01-13,1002,Bluetooth Speaker,Electronics,Latin America,Website,1,26.25,0.0,26.25,16.7,9.55,0,C01497
505141,2024-11-30,1022,Running Shoes,Sports,Europe,Marketplace,1,51.96,0.15,44.17,24.41,19.76,0,C00891
505142,2024-11-16,1004,USB-C Hub,Electronics,Latin America,Mobile App,1,109.12,0.0,109.12,50.08,59.04,0,C00585
505143,2025-07-22,1023,Water Bottle,Sports,Asia Pacific,Mobile App,1,55.97,0.05,53.17,28.38,24.79,0,C01241
505144,2024-12-05,1020,Yoga Mat,Sports,Europe,Marketplace,2,27.52,0.2,44.03,28.3,15.73,0,C00314
505145,2024-11-25,1013,Sneakers,Apparel,Middle East,Marketplace,1,39.27,0.0,39.27,19.98,19.29,0,C00303
505146,2024-08-22,1013,Sneakers,Apparel,Middle East,Mobile App,1,39.27,0.0,39.27,19.98,19.29,0,C01688
505147,2024-09-12,1013,Sneakers,Apparel,Latin America,Mobile App,2,39.27,0.0,78.54,39.96,38.58,0,C00644
505148,2024-01-20,1017,Moisturizer,Beauty,Asia Pacific,Mobile App,1,177.23,0.1,159.51,77.42,82.09,0,C01241
505149,2024-04-07,1011,Jeans,Apparel,Latin America,Mobile App,2,48.52,0.0,97.04,53.82,43.22,0,C00113
505150,2025-09-30,1020,Yoga Mat,Sports,Asia Pacific,Website,1,27.52,0.05,26.14,14.15,11.99,0,C01469
505151,2025-05-17,1008,Cookware Set,Home & Kitchen,Latin America,Mobile App,1,55.01,0.0,55.01,27.82,27.19,0,C00201
505152,2024-09-29,1011,Jeans,Apparel,North America,Website,2,48.52,0.0,97.04,53.82,43.22,0,C01132
505153,2024-07-16,1006,Coffee Maker,Home & Kitchen,Asia Pacific,Mobile App,1,110.15,0.0,110.15,67.43,42.72,0,C01078
505154,2025-01-07,1022,Running Shoes,Sports,North America,Website,2,51.96,0.1,93.53,48.82,44.71,0,C01490
505155,2024-08-16,1012,Jacket,Apparel,North America,Website,2,88.76,0.0,177.52,78.42,99.1,0,C00637
505156,2025-09-27,1018,Lipstick,Beauty,Latin America,Mobile App,1,41.98,0.0,41.98,27.85,14.13,0,C00583
505157,2024-10-06,1006,Coffee Maker,Home & Kitchen,Asia Pacific,Website,1,110.15,0.0,110.15,67.43,42.72,0,C01270
505158,2024-11-17,1021,Dumbbells,Sports,Middle East,Marketplace,4,18.19,0.0,72.76,30.32,42.44,0,C00939
505159,2024-07-23,1010,T-Shirt,Apparel,Europe,Marketplace,1,79.05,0.0,79.05,50.89,28.16,0,C00590
505160,2025-09-03,1003,Laptop Stand,Electronics,Middle East,Website,2,22.02,0.0,44.04,18.72,25.32,0,C01126
505161,2024-03-03,1009,Vacuum Cleaner,Home & Kitchen,Europe,Mobile App,2,64.34,0.1,115.81,74.8,41.01,0,C00369
505162,2025-05-31,1023,Water Bottle,Sports,Asia Pacific,Website,1,55.97,0.0,55.97,28.38,27.59,0,C00823
505163,2025-01-20,1002,Bluetooth Speaker,Electronics,Latin America,Mobile App,2,26.25,0.0,52.5,33.4,19.1,0,C01767
505164,2024-01-12,1016,Shampoo,Beauty,Asia Pacific,Website,1,24.14,0.0,24.14,9.88,14.26,0,C01523
505165,2024-05-27,1016,Shampoo,Beauty,Asia Pacific,Website,3,24.14,0.0,72.42,29.64,42.78,0,C01731
505166,2025-10-29,1024,Resistance Bands,Sports,Latin America,Website,1,73.75,0.0,73.75,46.0,27.75,0,C00027
505167,2025-04-21,1006,Coffee Maker,Home & Kitchen,Europe,Website,2,110.15,0.15,187.26,134.86,52.4,0,C01396
505168,2025-01-26,1022,Running Shoes,Sports,Middle East,Website,1,51.96,0.0,51.96,24.41,27.55,0,C00782
505169,2025-03-30,1016,Shampoo,Beauty,Asia Pacific,Website,1,24.14,0.15,20.52,9.88,10.64,0,C01228
505170,2024-10-07,1024,Resistance Bands,Sports,Latin America,Website,2,73.75,0.05,140.12,92.0,48.12,0,C00948
505171,2025-12-24,1018,Lipstick,Beauty,Middle East,Website,1,41.98,0.0,41.98,27.85,14.13,0,C00496
505172,2024-06-15,1004,USB-C Hub,Electronics,Middle East,Website,2,109.12,0.0,218.24,100.16,118.08,0,C01724
505173,2024-01-18,1021,Dumbbells,Sports,North America,Website,1,18.19,0.0,18.19,7.58,10.61,0,C00286
505174,2024-11-30,1018,Lipstick,Beauty,Middle East,Website,2,41.98,0.05,79.76,55.7,24.06,0,C01519
505175,2024-05-25,1012,Jacket,Apparel,Asia Pacific,Mobile App,4,88.76,0.0,355.04,156.84,198.2,0,C00499
505176,2025-01-19,1022,Running Shoes,Sports,Middle East,Website,2,51.96,0.15,88.33,48.82,39.51,0,C01758
505177,2025-03-20,1006,Coffee Maker,Home & Kitchen,Asia Pacific,Website,2,110.15,0.2,176.24,134.86,41.38,0,C00969
505178,2024-11-30,1007,Blender,Home & Kitchen,Middle East,Mobile App,1,29.86,0.0,29.86,18.64,11.22,0,C00105
505179,2024-02-05,1018,Lipstick,Beauty,Asia Pacific,Website,2,41.98,0.05,79.76,55.7,24.06,0,C01280
505180,2025-08-05,1012,Jacket,Apparel,North America,Marketplace,2,88.76,0.05,168.64,78.42,90.22,0,C00130
505181,2024-02-27,1003,Laptop Stand,Electronics,Europe,Website,1,22.02,0.0,22.02,9.36,12.66,0,C01213
505182,2024-03-10,1013,Sneakers,Apparel,Europe,Website,1,39.27,0.0,39.27,19.98,19.29,0,C00006
505183,2025-06-19,1018,Lipstick,Beauty,Europe,Marketplace,1,41.98,0.0,41.98,27.85,14.13,0,C00418
505184,2024-08-28,1009,Vacuum Cleaner,Home & Kitchen,North America,Mobile App,1,64.34,0.0,64.34,37.4,26.94,0,C00943
505185,2024-12-31,1007,Blender,Home & Kitchen,Asia Pacific,Website,1,29.86,0.0,29.86,18.64,11.22,0,C00021
505186,2024-12-17,1015,Face Serum,Beauty,North America,Website,1,80.28,0.0,80.28,50.57,29.71,0,C00311
505187,2025-07-12,1015,Face Serum,Beauty,North America,Mobile App,1,80.28,0.0,80.28,50.57,29.71,0,C01776
505188,2025-10-19,1010,T-Shirt,Apparel,Latin America,Mobile App,1,79.05,0.0,79.05,50.89,28.16,0,C01705
505189,2025-07-15,1017,Moisturizer,Beauty,North America,Mobile App,1,177.23,0.0,177.23,77.42,99.81,0,C01618
505190,2025-04-04,1009,Vacuum Cleaner,Home & Kitchen,Europe,Website,1,64.34,0.0,64.34,37.4,26.94,1,C00194
505191,2024-09-24,1019,Sunscreen,Beauty,Europe,Website,1,106.12,0.05,100.81,56.32,44.49,0,C00380
505192,2025-10-22,1010,T-Shirt,Apparel,Middle East,Website,2,79.05,0.0,158.1,101.78,56.32,0,C00353
505193,2025-10-20,1014,Hoodie,Apparel,Europe,Website,1,71.73,0.1,64.56,49.43,15.13,0,C01511
505194,2024-02-13,1016,Shampoo,Beauty,Europe,Mobile App,1,24.14,0.05,22.93,9.88,13.05,0,C00116
505195,2024-06-05,1008,Cookware Set,Home & Kitchen,Europe,Mobile App,1,55.01,0.0,55.01,27.82,27.19,0,C00228
505196,2024-11-26,1013,Sneakers,Apparel,Latin America,Mobile App,1,39.27,0.15,33.38,19.98,13.4,0,C00673
505197,2025-11-17,1016,Shampoo,Beauty,Latin America,Website,1,24.14,0.15,20.52,9.88,10.64,0,C01334
505198,2024-10-23,1018,Lipstick,Beauty,Latin America,Website,2,41.98,0.05,79.76,55.7,24.06,0,C01591
505199,2025-12-14,1010,T-Shirt,Apparel,Latin America,Mobile App,1,79.05,0.0,79.05,50.89,28.16,0,C01226
505200,2024-02-11,1003,Laptop Stand,Electronics,Europe,Mobile App,1,22.02,0.0,22.02,9.36,12.66,0,C00534
505201,2024-08-01,1020,Yoga Mat,Sports,Europe,Mobile App,1,27.52,0.0,27.52,14.15,13.37,0,C00560
505202,2024-01-08,1020,Yoga Mat,Sports,Asia Pacific,Mobile App,2,27.52,0.1,49.54,28.3,21.24,0,C00748
505203,2025-08-18,1003,Laptop Stand,Electronics,Asia Pacific,Mobile App,1,22.02,0.0,22.02,9.36,12.66,0,C01648
505204,2024-06-17,1010,T-Shirt,Apparel,Latin America,Website,1,79.05,0.0,79.05,50.89,28.16,0,C01409
505205,2025-07-03,1020,Yoga Mat,Sports,North America,Marketplace,1,27.52,0.0,27.52,14.15,13.37,0,C00661
505206,2025-09-29,1006,Coffee Maker,Home & Kitchen,Asia Pacific,Website,1,110.15,0.1,99.14,67.43,31.71,0,C00632
505207,2025-01-18,1023,Water Bottle,Sports,Middle East,Website,2,55.97,0.0,111.94,56.76,55.18,0,C00106
505208,2024-07-25,1005,Air Fryer,Home & Kitchen,Middle East,Website,2,16.13,0.0,32.26,13.08,19.18,0,C01588
505209,2024-07-19,1020,Yoga Mat,Sports,Asia Pacific,Marketplace,1,27.52,0.0,27.52,14.15,13.37,0,C01409
505210,2025-02-06,1020,Yoga Mat,Sports,North America,Mobile App,1,27.52,0.0,27.52,14.15,13.37,0,C01346
505211,2025-04-07,1005,Air Fryer,Home & Kitchen,North America,Website,1,16.13,0.0,16.13,6.54,9.59,0,C00095
505212,2025-10-29,1012,Jacket,Apparel,Middle East,Mobile App,1,88.76,0.0,88.76,39.21,49.55,0,C01040
505213,2024-07-28,1014,Hoodie,Apparel,Europe,Website,2,71.73,0.0,143.46,98.86,44.6,0,C00170
505214,2025-01-31,1007,Blender,Home & Kitchen,North America,Mobile App,1,29.86,0.0,29.86,18.64,11.22,0,C01614
505215,2024-07-29,1011,Jeans,Apparel,Europe,Mobile App,1,48.52,0.0,48.52,26.91,21.61,0,C00872
505216,2024-11-01,1022,Running Shoes,Sports,Europe,Marketplace,1,51.96,0.0,51.96,24.41,27.55,0,C01608
505217,2024-11-06,1011,Jeans,Apparel,Asia Pacific,Website,1,48.52,0.05,46.09,26.91,19.18,0,C00781
505218,2025-10-25,1000,Wireless Earbuds,Electronics,Europe,Mobile App,1,80.93,0.0,80.93,33.09,47.84,0,C01468
505219,2024-09-15,1014,Hoodie,Apparel,Europe,Mobile App,1,71.73,0.0,71.73,49.43,22.3,0,C00480
505220,2024-11-13,1005,Air Fryer,Home & Kitchen,North America,Website,1,16.13,0.05,15.32,6.54,8.78,0,C00331
505221,2024-07-04,1008,Cookware Set,Home & Kitchen,Asia Pacific,Website,3,55.01,0.0,165.03,83.46,81.57,0,C00441
505222,2025-02-01,1003,Laptop Stand,Electronics,Asia Pacific,Website,2,22.02,0.05,41.84,18.72,23.12,0,C00882
505223,2025-02-04,1013,Sneakers,Apparel,Middle East,Mobile App,2,39.27,0.0,78.54,39.96,38.58,0,C00900
505224,2025-05-18,1021,Dumbbells,Sports,Latin America,Mobile App,3,18.19,0.0,54.57,22.74,31.83,0,C01758
505225,2024-10-19,1022,Running Shoes,Sports,Europe,Website,1,51.96,0.0,51.96,24.41,27.55,0,C01525
505226,2024-04-19,1003,Laptop Stand,Electronics,North America,Marketplace,1,22.02,0.0,22.02,9.36,12.66,1,C00492
505227,2025-09-26,1021,Dumbbells,Sports,North America,Marketplace,2,18.19,0.0,36.38,15.16,21.22,0,C00188
505228,2024-10-07,1006,Coffee Maker,Home & Kitchen,North America,Website,1,110.15,0.0,110.15,67.43,42.72,0,C00978
505229,2025-01-25,1013,Sneakers,Apparel,Middle East,Marketplace,1,39.27,0.1,35.34,19.98,15.36,0,C00243
505230,2024-04-09,1020,Yoga Mat,Sports,North America,Website,1,27.52,0.0,27.52,14.15,13.37,0,C00983
505231,2025-10-23,1020,Yoga Mat,Sports,Europe,Marketplace,1,27.52,0.0,27.52,14.15,13.37,0,C00091
505232,2025-01-16,1017,Moisturizer,Beauty,North America,Website,1,177.23,0.05,168.37,77.42,90.95,0,C00391
505233,2025-10-31,1024,Resistance Bands,Sports,North America,Website,2,73.75,0.1,132.75,92.0,40.75,0,C00624
505234,2024-02-05,1015,Face Serum,Beauty,North America,Website,1,80.28,0.0,80.28,50.57,29.71,0,C01603
505235,2024-09-26,1022,Running Shoes,Sports,Latin America,Marketplace,1,51.96,0.0,51.96,24.41,27.55,0,C01378
505236,2024-07-28,1013,Sneakers,Apparel,North America,Marketplace,1,39.27,0.0,39.27,19.98,19.29,0,C00619
505237,2025-11-29,1011,Jeans,Apparel,North America,Marketplace,1,48.52,0.0,48.52,26.91,21.61,0,C01678
505238,2025-05-02,1002,Bluetooth Speaker,Electronics,Europe,Website,1,26.25,0.0,26.25,16.7,9.55,0,C00535
505239,2024-03-29,1022,Running Shoes,Sports,Europe,Website,2,51.96,0.05,98.72,48.82,49.9,0,C01050
505240,2025-08-16,1013,Sneakers,Apparel,Middle East,Website,1,39.27,0.0,39.27,19.98,19.29,0,C01261
505241,2024-01-24,1012,Jacket,Apparel,Middle East,Website,1,88.76,0.1,79.88,39.21,40.67,0,C00611
505242,2025-12-09,1023,Water Bottle,Sports,Europe,Website,2,55.97,0.0,111.94,56.76,55.18,0,C01120
505243,2025-02-11,1006,Coffee Maker,Home & Kitchen,Latin America,Website,1,110.15,0.0,110.15,67.43,42.72,0,C00485
505244,2025-05-24,1014,Hoodie,Apparel,Latin America,Mobile App,1,71.73,0.1,64.56,49.43,15.13,0,C01450
505245,2025-02-26,1007,Blender,Home & Kitchen,Europe,Marketplace,1,29.86,0.0,29.86,18.64,11.22,0,C00363
505246,2025-08-13,1021,Dumbbells,Sports,North America,Mobile App,1,18.19,0.1,16.37,7.58,8.79,0,C00506
505247,2024-10-14,1020,Yoga Mat,Sports,Asia Pacific,Mobile App,1,27.52,0.1,24.77,14.15,10.62,0,C01122
505248,2024-07-26,1018,Lipstick,Beauty,Asia Pacific,Website,1,41.98,0.0,41.98,27.85,14.13,0,C00074
505249,2024-10-05,1008,Cookware Set,Home & Kitchen,Europe,Website,1,55.01,0.1,49.51,27.82,21.69,0,C01327
505250,2025-04-03,1004,USB-C Hub,Electronics,North America,Marketplace,1,109.12,0.0,109.12,50.08,59.04,0,C00522
505251,2024-02-15,1019,Sunscreen,Beauty,Middle East,Mobile App,2,106.12,0.0,212.24,112.64,99.6,0,C01579
505252,2025-03-21,1020,Yoga Mat,Sports,Middle East,Marketplace,1,27.52,0.05,26.14,14.15,11.99,0,C00101
505253,2025-05-15,1018,Lipstick,Beauty,Europe,Mobile App,1,41.98,0.0,41.98,27.85,14.13,0,C01002
505254,2024-02-18,1019,Sunscreen,Beauty,Asia Pacific,Website,1,106.12,0.1,95.51,56.32,39.19,0,C00906
505255,2025-09-04,1002,Bluetooth Speaker,Electronics,Asia Pacific,Website,1,26.25,0.0,26.25,16.7,9.55,0,C00922
505256,2025-04-28,1023,Water Bottle,Sports,Middle East,Website,1,55.97,0.1,50.37,28.38,21.99,0,C00598
505257,2025-11-05,1018,Lipstick,Beauty,Asia Pacific,Mobile App,1,41.98,0.0,41.98,27.85,14.13,0,C01031
505258,2025-07-07,1017,Moisturizer,Beauty,Europe,Website,1,177.23,0.0,177.23,77.42,99.81,0,C00838
505259,2025-10-16,1003,Laptop Stand,Electronics,Asia Pacific,Website,1,22.02,0.0,22.02,9.36,12.66,0,C00400
505260,2025-08-17,1011,Jeans,Apparel,Latin America,Website,1,48.52,0.0,48.52,26.91,21.61,0,C00378
505261,2024-12-21,1004,USB-C Hub,Electronics,Asia Pacific,Website,3,109.12,0.0,327.36,150.24,177.12,1,C01468
505262,2025-11-19,1000,Wireless Earbuds,Electronics,Latin America,Mobile App,2,80.93,0.0,161.86,66.18,95.68,0,C01265
505263,2025-02-21,1000,Wireless Earbuds,Electronics,Asia Pacific,Marketplace,1,80.93,0.0,80.93,33.09,47.84,0,C00624
505264,2024-03-29,1022,Running Shoes,Sports,Middle East,Website,1,51.96,0.0,51.96,24.41,27.55,0,C00988
505265,2024-05-20,1023,Water Bottle,Sports,Asia Pacific,Marketplace,2,55.97,0.0,111.94,56.76,55.18,0,C00243
505266,2025-10-22,1023,Water Bottle,Sports,Latin America,Website,1,55.97,0.0,55.97,28.38,27.59,0,C00999
505267,2025-07-06,1015,Face Serum,Beauty,Europe,Marketplace,2,80.28,0.0,160.56,101.14,59.42,0,C00369
505268,2024-12-17,1007,Blender,Home & Kitchen,Middle East,Marketplace,1,29.86,0.2,23.89,18.64,5.25,0,C01201
505269,2025-10-02,1017,Moisturizer,Beauty,Europe,Mobile App,4,177.23,0.0,708.92,309.68,399.24,0,C00053
505270,2025-07-07,1002,Bluetooth Speaker,Electronics,Europe,Marketplace,1,26.25,0.1,23.62,16.7,6.92,0,C00609
505271,2025-08-10,1001,Smart Watch,Electronics,Europe,Marketplace,2,123.31,0.05,234.29,119.8,114.49,0,C00455
505272,2024-07-29,1020,Yoga Mat,Sports,Latin America,Website,2,27.52,0.0,55.04,28.3,26.74,0,C01449
505273,2025-03-05,1008,Cookware Set,Home & Kitchen,North America,Marketplace,1,55.01,0.1,49.51,27.82,21.69,0,C00899
505274,2025-07-11,1003,Laptop Stand,Electronics,North America,Mobile App,1,22.02,0.15,18.72,9.36,9.36,0,C00423
505275,2025-08-12,1019,Sunscreen,Beauty,North America,Website,1,106.12,0.05,100.81,56.32,44.49,0,C00667
505276,2025-07-17,1019,Sunscreen,Beauty,Europe,Mobile App,1,106.12,0.0,106.12,56.32,49.8,0,C00623
505277,2025-12-01,1001,Smart Watch,Electronics,Asia Pacific,Website,1,123.31,0.0,123.31,59.9,63.41,0,C01327
505278,2024-11-29,1004,USB-C Hub,Electronics,Asia Pacific,Mobile App,1,109.12,0.0,109.12,50.08,59.04,0,C00327
505279,2025-02-08,1010,T-Shirt,Apparel,Middle East,Mobile App,2,79.05,0.05,150.2,101.78,48.42,0,C00068
505280,2025-02-06,1007,Blender,Home & Kitchen,Europe,Mobile App,1,29.86,0.0,29.86,18.64,11.22,0,C00465
505281,2025-02-21,1022,Running Shoes,Sports,North America,Website,1,51.96,0.05,49.36,24.41,24.95,0,C00068
505282,2025-10-21,1013,Sneakers,Apparel,Latin America,Website,2,39.27,0.0,78.54,39.96,38.58,0,C01379
505283,2025-12-11,1006,Coffee Maker,Home & Kitchen,Europe,Mobile App,1,110.15,0.1,99.14,67.43,31.71,1,C00972
505284,2025-05-31,1022,Running Shoes,Sports,North America,Website,1,51.96,0.0,51.96,24.41,27.55,0,C01011
505285,2024-03-14,1014,Hoodie,Apparel,Asia Pacific,Website,1,71.73,0.15,60.97,49.43,11.54,0,C01508
505286,2025-02-19,1003,Laptop Stand,Electronics,Asia Pacific,Mobile App,1,22.02,0.0,22.02,9.36,12.66,0,C01345
505287,2025-07-08,1013,Sneakers,Apparel,North America,Marketplace,1,39.27,0.0,39.27,19.98,19.29,0,C01096
505288,2024-07-14,1003,Laptop Stand,Electronics,North America,Website,2,22.02,0.05,41.84,18.72,23.12,0,C00289
505289,2024-10-29,1021,Dumbbells,Sports,North America,Website,1,18.19,0.0,18.19,7.58,10.61,1,C00372
505290,2025-11-27,1000,Wireless Earbuds,Electronics,North America,Website,1,80.93,0.0,80.93,33.09,47.84,0,C00387
505291,2025-04-08,1021,Dumbbells,Sports,North America,Website,2,18.19,0.05,34.56,15.16,19.4,0,C00553
505292,2025-01-01,1010,T-Shirt,Apparel,Latin America,Website,1,79.05,0.0,79.05,50.89,28.16,0,C01443
505293,2025-09-03,1022,Running Shoes,Sports,Asia Pacific,Website,1,51.96,0.05,49.36,24.41,24.95,0,C00795
505294,2025-01-18,1010,T-Shirt,Apparel,Europe,Website,1,79.05,0.0,79.05,50.89,28.16,0,C00831
505295,2025-09-26,1008,Cookware Set,Home & Kitchen,Middle East,Marketplace,1,55.01,0.0,55.01,27.82,27.19,0,C00087
505296,2025-10-12,1011,Jeans,Apparel,Middle East,Mobile App,4,48.52,0.0,194.08,107.64,86.44,0,C00731
505297,2025-11-26,1024,Resistance Bands,Sports,Latin America,Marketplace,2,73.75,0.0,147.5,92.0,55.5,0,C00466
505298,2025-05-26,1002,Bluetooth Speaker,Electronics,Asia Pacific,Website,1,26.25,0.0,26.25,16.7,9.55,0,C00660
505299,2024-09-18,1008,Cookware Set,Home & Kitchen,Latin America,Marketplace,1,55.01,0.05,52.26,27.82,24.44,1,C00967
505300,2025-01-27,1008,Cookware Set,Home & Kitchen,Middle East,Mobile App,2,55.01,0.0,110.02,55.64,54.38,0,C01193
505301,2025-03-08,1020,Yoga Mat,Sports,Middle East,Mobile App,2,27.52,0.0,55.04,28.3,26.74,0,C00976
505302,2024-12-25,1019,Sunscreen,Beauty,Latin America,Marketplace,1,106.12,0.05,100.81,56.32,44.49,0,C00295
505303,2025-01-24,1014,Hoodie,Apparel,North America,Marketplace,1,71.73,0.15,60.97,49.43,11.54,0,C01621
505304,2024-03-29,1014,Hoodie,Apparel,Latin America,Website,2,71.73,0.0,143.46,98.86,44.6,0,C01136
505305,2024-04-04,1007,Blender,Home & Kitchen,North America,Website,1,29.86,0.0,29.86,18.64,11.22,1,C00132
505306,2025-10-08,1014,Hoodie,Apparel,North America,Website,3,71.73,0.05,204.43,148.29,56.14,0,C00827
505307,2024-12-11,1018,Lipstick,Beauty,Europe,Mobile App,1,41.98,0.0,41.98,27.85,14.13,0,C00517
505308,2025-04-25,1016,Shampoo,Beauty,North America,Website,1,24.14,0.2,19.31,9.88,9.43,0,C01540
505309,2025-07-19,1018,Lipstick,Beauty,Latin America,Website,1,41.98,0.0,41.98,27.85,14.13,0,C01786
505310,2025-02-24,1012,Jacket,Apparel,North America,Website,1,88.76,0.0,88.76,39.21,49.55,0,C00186
505311,2024-05-11,1017,Moisturizer,Beauty,Middle East,Marketplace,1,177.23,0.0,177.23,77.42,99.81,0,C01061
505312,2024-01-29,1012,Jacket,Apparel,Middle East,Website,1,88.76,0.0,88.76,39.21,49.55,0,C01232
505313,2025-05-29,1003,Laptop Stand,Electronics,Europe,Website,1,22.02,0.0,22.02,9.36,12.66,0,C00239
505314,2025-12-14,1017,Moisturizer,Beauty,Middle East,Website,1,177.23,0.0,177.23,77.42,99.81,0,C00229
505315,2025-07-02,1004,USB-C Hub,Electronics,North America,Website,2,109.12,0.2,174.59,100.16,74.43,0,C00720
505316,2024-04-30,1000,Wireless Earbuds,Electronics,Middle East,Website,1,80.93,0.1,72.84,33.09,39.75,0,C01398
505317,2025-04-07,1022,Running Shoes,Sports,Asia Pacific,Marketplace,1,51.96,0.0,51.96,24.41,27.55,0,C01236
505318,2024-02-10,1003,Laptop Stand,Electronics,Asia Pacific,Mobile App,1,22.02,0.2,17.62,9.36,8.26,0,C00826
505319,2025-03-12,1003,Laptop Stand,Electronics,North America,Mobile App,1,22.02,0.0,22.02,9.36,12.66,0,C00776
505320,2024-03-19,1004,USB-C Hub,Electronics,Europe,Website,2,109.12,0.0,218.24,100.16,118.08,0,C00845
505321,2024-09-12,1014,Hoodie,Apparel,North America,Website,1,71.73,0.0,71.73,49.43,22.3,0,C01484
505322,2025-10-31,1007,Blender,Home & Kitchen,Europe,Mobile App,2,29.86,0.0,59.72,37.28,22.44,0,C00634
505323,2024-02-14,1024,Resistance Bands,Sports,Asia Pacific,Website,1,73.75,0.05,70.06,46.0,24.06,0,C00125
505324,2024-12-14,1002,Bluetooth Speaker,Electronics,Middle East,Mobile App,2,26.25,0.0,52.5,33.4,19.1,0,C01093
505325,2024-08-22,1022,Running Shoes,Sports,Latin America,Mobile App,1,51.96,0.0,51.96,24.41,27.55,0,C00605
505326,2024-04-28,1000,Wireless Earbuds,Electronics,North America,Website,1,80.93,0.0,80.93,33.09,47.84,1,C01212
505327,2024-05-15,1013,Sneakers,Apparel,Middle East,Mobile App,1,39.27,0.0,39.27,19.98,19.29,0,C00121
505328,2025-03-24,1015,Face Serum,Beauty,Latin America,Website,1,80.28,0.0,80.28,50.57,29.71,1,C01780
505329,2025-12-16,1013,Sneakers,Apparel,Latin America,Website,1,39.27,0.0,39.27,19.98,19.29,1,C00439
505330,2025-06-21,1018,Lipstick,Beauty,Asia Pacific,Mobile App,1,41.98,0.1,37.78,27.85,9.93,0,C01670
505331,2024-04-18,1005,Air Fryer,Home & Kitchen,Latin America,Website,1,16.13,0.0,16.13,6.54,9.59,0,C00720
505332,2024-10-12,1006,Coffee Maker,Home & Kitchen,Latin America,Mobile App,4,110.15,0.0,440.6,269.72,170.88,0,C01355
505333,2025-03-08,1002,Bluetooth Speaker,Electronics,North America,Website,1,26.25,0.0,26.25,16.7,9.55,1,C01167
505334,2024-09-26,1020,Yoga Mat,Sports,Asia Pacific,Website,1,27.52,0.0,27.52,14.15,13.37,0,C00273
505335,2025-06-03,1001,Smart Watch,Electronics,Europe,Marketplace,1,123.31,0.05,117.14,59.9,57.24,0,C01076
505336,2024-05-20,1001,Smart Watch,Electronics,North America,Website,1,123.31,0.15,104.81,59.9,44.91,1,C01531
505337,2024-03-29,1021,Dumbbells,Sports,Middle East,Website,2,18.19,0.0,36.38,15.16,21.22,0,C01438
505338,2024-07-20,1016,Shampoo,Beauty,Latin America,Mobile App,1,24.14,0.0,24.14,9.88,14.26,0,C00747
505339,2025-07-13,1013,Sneakers,Apparel,Asia Pacific,Mobile App,1,39.27,0.15,33.38,19.98,13.4,0,C00310
505340,2025-05-04,1001,Smart Watch,Electronics,North America,Marketplace,1,123.31,0.0,123.31,59.9,63.41,0,C00254
505341,2025-11-03,1000,Wireless Earbuds,Electronics,Europe,Mobile App,2,80.93,0.0,161.86,66.18,95.68,0,C01286
505342,2024-04-28,1014,Hoodie,Apparel,Middle East,Website,1,71.73,0.0,71.73,49.43,22.3,0,C01022
505343,2024-07-26,1001,Smart Watch,Electronics,Europe,Website,2,123.31,0.0,246.62,119.8,126.82,0,C01728
505344,2025-12-19,1003,Laptop Stand,Electronics,Latin America,Website,1,22.02,0.0,22.02,9.36,12.66,0,C00163
505345,2024-03-02,1019,Sunscreen,Beauty,Middle East,Mobile App,1,106.12,0.0,106.12,56.32,49.8,0,C01114
505346,2024-04-25,1004,USB-C Hub,Electronics,Middle East,Mobile App,1,109.12,0.1,98.21,50.08,48.13,0,C00277
505347,2025-08-22,1006,Coffee Maker,Home & Kitchen,Middle East,Website,1,110.15,0.0,110.15,67.43,42.72,0,C00503
505348,2024-05-20,1019,Sunscreen,Beauty,Asia Pacific,Marketplace,2,106.12,0.0,212.24,112.64,99.6,0,C00432
505349,2025-05-06,1006,Coffee Maker,Home & Kitchen,Europe,Website,1,110.15,0.0,110.15,67.43,42.72,0,C00871
505350,2025-05-01,1014,Hoodie,Apparel,Latin America,Website,1,71.73,0.1,64.56,49.43,15.13,0,C00802
505351,2024-04-11,1012,Jacket,Apparel,Europe,Website,1,88.76,0.0,88.76,39.21,49.55,0,C00059
505352,2025-10-10,1023,Water Bottle,Sports,Middle East,Marketplace,2,55.97,0.1,100.75,56.76,43.99,0,C01384
505353,2024-03-13,1005,Air Fryer,Home & Kitchen,Europe,Mobile App,2,16.13,0.15,27.42,13.08,14.34,0,C00327
505354,2025-06-06,1024,Resistance Bands,Sports,Europe,Marketplace,1,73.75,0.05,70.06,46.0,24.06,0,C00770
505355,2024-03-10,1024,Resistance Bands,Sports,Latin America,Mobile App,1,73.75,0.0,73.75,46.0,27.75,0,C01227
505356,2024-03-15,1023,Water Bottle,Sports,Middle East,Website,3,55.97,0.1,151.12,85.14,65.98,0,C00949
505357,2025-10-03,1015,Face Serum,Beauty,Latin America,Mobile App,2,80.28,0.1,144.5,101.14,43.36,0,C01798
505358,2025-01-05,1020,Yoga Mat,Sports,Europe,Mobile App,1,27.52,0.1,24.77,14.15,10.62,0,C01564
505359,2025-02-20,1008,Cookware Set,Home & Kitchen,North America,Mobile App,1,55.01,0.0,55.01,27.82,27.19,0,C00181
505360,2024-02-13,1013,Sneakers,Apparel,Asia Pacific,Mobile App,1,39.27,0.0,39.27,19.98,19.29,0,C00866
505361,2024-01-29,1011,Jeans,Apparel,Europe,Mobile App,1,48.52,0.0,48.52,26.91,21.61,0,C01484
505362,2025-01-17,1009,Vacuum Cleaner,Home & Kitchen,Latin America,Website,2,64.34,0.15,109.38,74.8,34.58,0,C00521
505363,2024-08-18,1019,Sunscreen,Beauty,Europe,Website,2,106.12,0.0,212.24,112.64,99.6,0,C01329
505364,2025-06-05,1007,Blender,Home & Kitchen,Latin America,Mobile App,1,29.86,0.0,29.86,18.64,11.22,0,C01023
505365,2025-10-12,1022,Running Shoes,Sports,Europe,Website,1,51.96,0.05,49.36,24.41,24.95,0,C01276
505366,2025-06-17,1006,Coffee Maker,Home & Kitchen,Asia Pacific,Website,1,110.15,0.0,110.15,67.43,42.72,0,C00668
505367,2024-03-17,1009,Vacuum Cleaner,Home & Kitchen,Latin America,Mobile App,1,64.34,0.0,64.34,37.4,26.94,0,C00734
505368,2025-03-03,1012,Jacket,Apparel,North America,Mobile App,3,88.76,0.0,266.28,117.63,148.65,0,C00744
505369,2025-12-22,1013,Sneakers,Apparel,Europe,Mobile App,2,39.27,0.0,78.54,39.96,38.58,1,C00803
505370,2024-02-10,1003,Laptop Stand,Electronics,Asia Pacific,Website,1,22.02,0.2,17.62,9.36,8.26,0,C01747
505371,2024-10-14,1023,Water Bottle,Sports,Latin America,Mobile App,1,55.97,0.0,55.97,28.38,27.59,0,C01457
505372,2024-12-15,1016,Shampoo,Beauty,Asia Pacific,Mobile App,1,24.14,0.0,24.14,9.88,14.26,0,C01330
505373,2025-09-11,1020,Yoga Mat,Sports,Asia Pacific,Marketplace,1,27.52,0.0,27.52,14.15,13.37,0,C00175
505374,2025-04-26,1007,Blender,Home & Kitchen,Middle East,Website,1,29.86,0.0,29.86,18.64,11.22,0,C01603
505375,2025-12-05,1003,Laptop Stand,Electronics,Middle East,Mobile App,1,22.02,0.05,20.92,9.36,11.56,0,C00244
505376,2025-11-29,1004,USB-C Hub,Electronics,Middle East,Mobile App,1,109.12,0.0,109.12,50.08,59.04,0,C00443
505377,2025-08-10,1014,Hoodie,Apparel,Europe,Website,1,71.73,0.0,71.73,49.43,22.3,0,C00007
505378,2024-04-03,1015,Face Serum,Beauty,Latin America,Marketplace,1,80.28,0.05,76.27,50.57,25.7,0,C01411
505379,2025-06-29,1010,T-Shirt,Apparel,Middle East,Mobile App,2,79.05,0.05,150.2,101.78,48.42,0,C00833
505380,2024-03-05,1009,Vacuum Cleaner,Home & Kitchen,Asia Pacific,Mobile App,1,64.34,0.0,64.34,37.4,26.94,0,C01730
505381,2024-10-04,1020,Yoga Mat,Sports,Asia Pacific,Mobile App,1,27.52,0.0,27.52,14.15,13.37,0,C01268
505382,2024-08-21,1001,Smart Watch,Electronics,Asia Pacific,Marketplace,1,123.31,0.15,104.81,59.9,44.91,0,C01620
505383,2024-11-27,1014,Hoodie,Apparel,Europe,Mobile App,1,71.73,0.0,71.73,49.43,22.3,0,C00819
505384,2024-12-22,1020,Yoga Mat,Sports,Asia Pacific,Website,1,27.52,0.1,24.77,14.15,10.62,0,C00267
505385,2024-12-09,1020,Yoga Mat,Sports,Middle East,Mobile App,1,27.52,0.0,27.52,14.15,13.37,0,C01091
505386,2024-10-12,1008,Cookware Set,Home & Kitchen,Asia Pacific,Mobile App,2,55.01,0.05,104.52,55.64,48.88,1,C01258
505387,2025-11-16,1019,Sunscreen,Beauty,Europe,Mobile App,1,106.12,0.05,100.81,56.32,44.49,0,C00111
505388,2024-05-22,1001,Smart Watch,Electronics,Asia Pacific,Website,3,123.31,0.0,369.93,179.7,190.23,0,C00715
505389,2025-12-03,1021,Dumbbells,Sports,Asia Pacific,Mobile App,2,18.19,0.1,32.74,15.16,17.58,0,C01359
505390,2025-07-20,1004,USB-C Hub,Electronics,Asia Pacific,Website,1,109.12,0.15,92.75,50.08,42.67,0,C01238
505391,2025-04-18,1008,Cookware Set,Home & Kitchen,Middle East,Mobile App,2,55.01,0.05,104.52,55.64,48.88,0,C01615
505392,2024-04-30,1006,Coffee Maker,Home & Kitchen,Asia Pacific,Mobile App,1,110.15,0.0,110.15,67.43,42.72,0,C00805
505393,2024-07-29,1018,Lipstick,Beauty,Middle East,Mobile App,1,41.98,0.05,39.88,27.85,12.03,0,C01615
505394,2024-12-11,1002,Bluetooth Speaker,Electronics,Europe,Marketplace,1,26.25,0.2,21.0,16.7,4.3,0,C00823
505395,2025-05-23,1014,Hoodie,Apparel,Asia Pacific,Website,1,71.73,0.0,71.73,49.43,22.3,0,C01025
505396,2025-05-10,1008,Cookware Set,Home & Kitchen,Asia Pacific,Marketplace,3,55.01,0.0,165.03,83.46,81.57,0,C00216
505397,2025-04-15,1013,Sneakers,Apparel,Middle East,Website,2,39.27,0.0,78.54,39.96,38.58,0,C00431
505398,2024-09-17,1004,USB-C Hub,Electronics,Middle East,Website,1,109.12,0.0,109.12,50.08,59.04,0,C00841
505399,2024-05-07,1009,Vacuum Cleaner,Home & Kitchen,Latin America,Mobile App,1,64.34,0.1,57.91,37.4,20.51,0,C00781
505400,2025-02-06,1023,Water Bottle,Sports,North America,Website,2,55.97,0.2,89.55,56.76,32.79,1,C00061
505401,2024-09-17,1000,Wireless Earbuds,Electronics,Latin America,Website,3,80.93,0.1,218.51,99.27,119.24,0,C01217
505402,2025-07-17,1012,Jacket,Apparel,Middle East,Mobile App,1,88.76,0.0,88.76,39.21,49.55,0,C00041
505403,2025-06-07,1005,Air Fryer,Home & Kitchen,Middle East,Website,1,16.13,0.05,15.32,6.54,8.78,0,C01513
505404,2024-09-29,1019,Sunscreen,Beauty,North America,Marketplace,1,106.12,0.15,90.2,56.32,33.88,0,C00638
505405,2025-10-05,1018,Lipstick,Beauty,Latin America,Mobile App,3,41.98,0.15,107.05,83.55,23.5,0,C00519
505406,2025-05-02,1018,Lipstick,Beauty,Latin America,Website,2,41.98,0.0,83.96,55.7,28.26,0,C01185
505407,2024-05-02,1000,Wireless Earbuds,Electronics,Europe,Website,2,80.93,0.0,161.86,66.18,95.68,0,C00518
505408,2025-01-05,1020,Yoga Mat,Sports,North America,Website,1,27.52,0.0,27.52,14.15,13.37,0,C00227
505409,2024-03-12,1023,Water Bottle,Sports,Asia Pacific,Website,1,55.97,0.0,55.97,28.38,27.59,0,C00797
505410,2025-07-02,1019,Sunscreen,Beauty,Asia Pacific,Website,4,106.12,0.0,424.48,225.28,199.2,0,C00648
505411,2024-04-08,1017,Moisturizer,Beauty,Latin America,Website,1,177.23,0.0,177.23,77.42,99.81,1,C01694
505412,2025-11-07,1022,Running Shoes,Sports,Middle East,Website,2,51.96,0.0,103.92,48.82,55.1,0,C00193
505413,2024-04-24,1021,Dumbbells,Sports,Asia Pacific,Marketplace,2,18.19,0.1,32.74,15.16,17.58,0,C00070
505414,2024-10-10,1011,Jeans,Apparel,Asia Pacific,Website,3,48.52,0.0,145.56,80.73,64.83,0,C00619
505415,2024-08-24,1009,Vacuum Cleaner,Home & Kitchen,Europe,Mobile App,2,64.34,0.05,122.25,74.8,47.45,0,C01173
505416,2025-08-07,1022,Running Shoes,Sports,Asia Pacific,Marketplace,2,51.96,0.0,103.92,48.82,55.1,0,C00059
505417,2024-12-28,1023,Water Bottle,Sports,Europe,Website,3,55.97,0.0,167.91,85.14,82.77,0,C00099
505418,2025-07-20,1022,Running Shoes,Sports,Middle East,Website,1,51.96,0.0,51.96,24.41,27.55,0,C00827
505419,2024-08-13,1024,Resistance Bands,Sports,Europe,Mobile App,1,73.75,0.1,66.38,46.0,20.38,0,C01343
505420,2025-01-27,1009,Vacuum Cleaner,Home & Kitchen,Europe,Mobile App,1,64.34,0.0,64.34,37.4,26.94,1,C00468
505421,2024-01-18,1009,Vacuum Cleaner,Home & Kitchen,Europe,Website,1,64.34,0.1,57.91,37.4,20.51,0,C00120
505422,2025-09-20,1007,Blender,Home & Kitchen,Asia Pacific,Mobile App,1,29.86,0.1,26.87,18.64,8.23,0,C01672
505423,2024-05-07,1001,Smart Watch,Electronics,North America,Website,2,123.31,0.0,246.62,119.8,126.82,0,C01350
505424,2025-02-20,1022,Running Shoes,Sports,Europe,Website,1,51.96,0.1,46.76,24.41,22.35,0,C00693
505425,2025-09-16,1020,Yoga Mat,Sports,Europe,Marketplace,2,27.52,0.0,55.04,28.3,26.74,0,C01784
505426,2024-08-13,1024,Resistance Bands,Sports,Asia Pacific,Website,3,73.75,0.1,199.12,138.0,61.12,0,C01742
505427,2024-09-01,1022,Running Shoes,Sports,Asia Pacific,Website,2,51.96,0.05,98.72,48.82,49.9,0,C01031
505428,2025-09-06,1018,Lipstick,Beauty,Latin America,Website,2,41.98,0.2,67.17,55.7,11.47,0,C01100
505429,2024-08-25,1015,Face Serum,Beauty,North America,Mobile App,1,80.28,0.2,64.22,50.57,13.65,0,C00215
505430,2025-02-22,1002,Bluetooth Speaker,Electronics,Latin America,Website,1,26.25,0.0,26.25,16.7,9.55,0,C01634
505431,2025-01-28,1016,Shampoo,Beauty,Middle East,Mobile App,1,24.14,0.0,24.14,9.88,14.26,0,C01206
505432,2024-01-24,1013,Sneakers,Apparel,Middle East,Mobile App,1,39.27,0.05,37.31,19.98,17.33,0,C01614
505433,2024-07-29,1010,T-Shirt,Apparel,Latin America,Website,1,79.05,0.0,79.05,50.89,28.16,0,C00451
505434,2025-06-20,1004,USB-C Hub,Electronics,Asia Pacific,Website,1,109.12,0.0,109.12,50.08,59.04,0,C00975
505435,2025-05-26,1020,Yoga Mat,Sports,Middle East,Mobile App,1,27.52,0.0,27.52,14.15,13.37,0,C01656
505436,2025-03-28,1011,Jeans,Apparel,Middle East,Website,1,48.52,0.0,48.52,26.91,21.61,0,C00619
505437,2024-05-27,1011,Jeans,Apparel,North America,Mobile App,2,48.52,0.1,87.34,53.82,33.52,0,C00119
505438,2025-12-16,1011,Jeans,Apparel,Latin America,Website,2,48.52,0.05,92.19,53.82,38.37,0,C01563
505439,2025-02-17,1001,Smart Watch,Electronics,Europe,Website,1,123.31,0.05,117.14,59.9,57.24,0,C00456
505440,2024-12-27,1008,Cookware Set,Home & Kitchen,Latin America,Website,1,55.01,0.0,55.01,27.82,27.19,0,C00400
505441,2024-10-24,1009,Vacuum Cleaner,Home & Kitchen,Europe,Website,1,64.34,0.05,61.12,37.4,23.72,0,C00234
505442,2025-04-25,1012,Jacket,Apparel,North America,Mobile App,1,88.76,0.0,88.76,39.21,49.55,0,C00980
505443,2025-07-30,1013,Sneakers,Apparel,Europe,Mobile App,1,39.27,0.0,39.27,19.98,19.29,0,C01377
505444,2024-03-07,1019,Sunscreen,Beauty,Latin America,Mobile App,2,106.12,0.0,212.24,112.64,99.6,0,C00921
505445,2024-01-23,1011,Jeans,Apparel,Latin America,Mobile App,1,48.52,0.0,48.52,26.91,21.61,0,C01692
505446,2025-01-03,1024,Resistance Bands,Sports,Latin America,Website,1,73.75,0.05,70.06,46.0,24.06,0,C01486
505447,2025-03-22,1008,Cookware Set,Home & Kitchen,Latin America,Marketplace,3,55.01,0.0,165.03,83.46,81.57,0,C01470
505448,2024-04-01,1017,Moisturizer,Beauty,Latin America,Website,2,177.23,0.0,354.46,154.84,199.62,0,C01101
505449,2024-08-22,1000,Wireless Earbuds,Electronics,Asia Pacific,Website,1,80.93,0.0,80.93,33.09,47.84,0,C00594
505450,2024-09-23,1006,Coffee Maker,Home & Kitchen,Latin America,Website,1,110.15,0.0,110.15,67.43,42.72,0,C01020
505451,2024-08-12,1016,Shampoo,Beauty,Middle East,Mobile App,1,24.14,0.0,24.14,9.88,14.26,0,C00112
505452,2025-09-05,1008,Cookware Set,Home & Kitchen,Middle East,Mobile App,2,55.01,0.0,110.02,55.64,54.38,0,C00847
505453,2024-02-07,1000,Wireless Earbuds,Electronics,Latin America,Website,1,80.93,0.0,80.93,33.09,47.84,0,C00997
505454,2024-08-22,1013,Sneakers,Apparel,North America,Mobile App,1,39.27,0.0,39.27,19.98,19.29,1,C00244
505455,2024-06-11,1013,Sneakers,Apparel,North America,Mobile App,1,39.27,0.05,37.31,19.98,17.33,0,C00041
505456,2025-07-20,1002,Bluetooth Speaker,Electronics,North America,Website,1,26.25,0.0,26.25,16.7,9.55,0,C01499
505457,2025-06-21,1000,Wireless Earbuds,Electronics,Asia Pacific,Website,3,80.93,0.05,230.65,99.27,131.38,0,C00381
505458,2024-10-27,1009,Vacuum Cleaner,Home & Kitchen,Europe,Marketplace,2,64.34,0.0,128.68,74.8,53.88,0,C01792
505459,2024-10-12,1002,Bluetooth Speaker,Electronics,Europe,Website,2,26.25,0.0,52.5,33.4,19.1,0,C01082
505460,2024-11-15,1003,Laptop Stand,Electronics,Europe,Mobile App,2,22.02,0.0,44.04,18.72,25.32,0,C00182
505461,2024-08-25,1011,Jeans,Apparel,North America,Mobile App,1,48.52,0.05,46.09,26.91,19.18,0,C00720
505462,2025-08-09,1011,Jeans,Apparel,Europe,Website,1,48.52,0.05,46.09,26.91,19.18,0,C01016
505463,2025-04-26,1012,Jacket,Apparel,Latin America,Marketplace,1,88.76,0.05,84.32,39.21,45.11,0,C01462
505464,2024-08-29,1012,Jacket,Apparel,North America,Mobile App,1,88.76,0.15,75.45,39.21,36.24,0,C00426
505465,2024-07-19,1024,Resistance Bands,Sports,Middle East,Mobile App,1,73.75,0.15,62.69,46.0,16.69,0,C01186
505466,2024-03-09,1023,Water Bottle,Sports,North America,Website,1,55.97,0.05,53.17,28.38,24.79,0,C01469
505467,2024-07-02,1020,Yoga Mat,Sports,Middle East,Website,1,27.52,0.0,27.52,14.15,13.37,0,C01137
505468,2025-04-18,1016,Shampoo,Beauty,Middle East,Mobile App,2,24.14,0.0,48.28,19.76,28.52,0,C00414
505469,2024-07-02,1019,Sunscreen,Beauty,Europe,Mobile App,2,106.12,0.0,212.24,112.64,99.6,0,C00884
505470,2024-07-10,1018,Lipstick,Beauty,Europe,Mobile App,1,41.98,0.0,41.98,27.85,14.13,0,C01302
505471,2024-11-29,1018,Lipstick,Beauty,Europe,Mobile App,1,41.98,0.0,41.98,27.85,14.13,0,C01517
505472,2025-06-09,1006,Coffee Maker,Home & Kitchen,North America,Mobile App,1,110.15,0.15,93.63,67.43,26.2,0,C00962
505473,2024-02-28,1003,Laptop Stand,Electronics,Latin America,Website,1,22.02,0.0,22.02,9.36,12.66,0,C00575
505474,2024-02-19,1018,Lipstick,Beauty,Latin America,Website,1,41.98,0.0,41.98,27.85,14.13,0,C00505
505475,2024-05-15,1004,USB-C Hub,Electronics,Europe,Marketplace,1,109.12,0.1,98.21,50.08,48.13,0,C00495
505476,2025-01-11,1021,Dumbbells,Sports,Middle East,Mobile App,1,18.19,0.1,16.37,7.58,8.79,0,C00549
505477,2025-04-18,1015,Face Serum,Beauty,Europe,Website,1,80.28,0.0,80.28,50.57,29.71,0,C00330
505478,2025-12-28,1011,Jeans,Apparel,North America,Mobile App,1,48.52,0.2,38.82,26.91,11.91,0,C00227
505479,2024-06-14,1013,Sneakers,Apparel,Middle East,Mobile App,1,39.27,0.1,35.34,19.98,15.36,0,C01405
505480,2024-03-09,1010,T-Shirt,Apparel,Latin America,Website,2,79.05,0.0,158.1,101.78,56.32,0,C01585
505481,2024-10-21,1010,T-Shirt,Apparel,Latin America,Mobile App,2,79.05,0.0,158.1,101.78,56.32,0,C00383
505482,2025-05-16,1010,T-Shirt,Apparel,Latin America,Mobile App,1,79.05,0.0,79.05,50.89,28.16,0,C01251
505483,2025-02-17,1021,Dumbbells,Sports,Middle East,Website,2,18.19,0.0,36.38,15.16,21.22,0,C00174
505484,2025-10-24,1008,Cookware Set,Home & Kitchen,Middle East,Website,2,55.01,0.0,110.02,55.64,54.38,0,C00869
505485,2025-09-12,1018,Lipstick,Beauty,Middle East,Mobile App,1,41.98,0.15,35.68,27.85,7.83,0,C00131
505486,2025-02-18,1004,USB-C Hub,Electronics,Asia Pacific,Mobile App,3,109.12,0.0,327.36,150.24,177.12,0,C01743
505487,2025-02-21,1011,Jeans,Apparel,Europe,Mobile App,1,48.52,0.0,48.52,26.91,21.61,0,C00298
505488,2025-05-26,1018,Lipstick,Beauty,Europe,Mobile App,1,41.98,0.0,41.98,27.85,14.13,0,C00090
505489,2024-07-30,1018,Lipstick,Beauty,North America,Mobile App,1,41.98,0.0,41.98,27.85,14.13,0,C00089
505490,2025-01-11,1011,Jeans,Apparel,Asia Pacific,Website,2,48.52,0.0,97.04,53.82,43.22,0,C01119
505491,2025-02-26,1015,Face Serum,Beauty,Latin America,Website,1,80.28,0.0,80.28,50.57,29.71,0,C01351
505492,2025-01-17,1023,Water Bottle,Sports,North America,Website,1,55.97,0.0,55.97,28.38,27.59,0,C01038
505493,2024-07-22,1007,Blender,Home & Kitchen,North America,Website,1,29.86,0.0,29.86,18.64,11.22,0,C01794
505494,2025-10-15,1003,Laptop Stand,Electronics,Europe,Website,1,22.02,0.0,22.02,9.36,12.66,0,C00118
505495,2025-08-27,1000,Wireless Earbuds,Electronics,Europe,Mobile App,1,80.93,0.05,76.88,33.09,43.79,0,C00870
505496,2024-11-05,1008,Cookware Set,Home & Kitchen,Latin America,Website,1,55.01,0.05,52.26,27.82,24.44,0,C00314
505497,2024-01-17,1012,Jacket,Apparel,Europe,Marketplace,1,88.76,0.0,88.76,39.21,49.55,1,C00580
505498,2024-09-15,1007,Blender,Home & Kitchen,Latin America,Website,1,29.86,0.2,23.89,18.64,5.25,0,C01588
505499,2025-12-30,1005,Air Fryer,Home & Kitchen,Latin America,Website,1,16.13,0.0,16.13,6.54,9.59,0,C00624
505500,2024-07-28,1012,Jacket,Apparel,Latin America,Website,1,88.76,0.0,88.76,39.21,49.55,0,C00701
505501,2024-02-22,1007,Blender,Home & Kitchen,Europe,Marketplace,2,29.86,0.0,59.72,37.28,22.44,0,C00517
505502,2025-10-17,1021,Dumbbells,Sports,North America,Website,1,18.19,0.0,18.19,7.58,10.61,0,C00912
505503,2024-02-24,1016,Shampoo,Beauty,Asia Pacific,Website,2,24.14,0.0,48.28,19.76,28.52,0,C01490
505504,2025-01-30,1002,Bluetooth Speaker,Electronics,Latin America,Website,1,26.25,0.0,26.25,16.7,9.55,0,C00520
505505,2024-10-28,1003,Laptop Stand,Electronics,Asia Pacific,Mobile App,1,22.02,0.1,19.82,9.36,10.46,0,C01131
505506,2025-07-18,1009,Vacuum Cleaner,Home & Kitchen,Latin America,Website,1,64.34,0.0,64.34,37.4,26.94,0,C01148
505507,2025-05-05,1024,Resistance Bands,Sports,North America,Website,1,73.75,0.05,70.06,46.0,24.06,0,C00278
505508,2024-07-17,1006,Coffee Maker,Home & Kitchen,Asia Pacific,Marketplace,1,110.15,0.0,110.15,67.43,42.72,0,C01626
505509,2024-06-18,1010,T-Shirt,Apparel,North America,Marketplace,1,79.05,0.0,79.05,50.89,28.16,0,C00088
505510,2024-05-29,1003,Laptop Stand,Electronics,Middle East,Website,1,22.02,0.0,22.02,9.36,12.66,0,C01720
505511,2024-01-26,1015,Face Serum,Beauty,Middle East,Website,1,80.28,0.0,80.28,50.57,29.71,0,C00642
505512,2025-06-17,1018,Lipstick,Beauty,Asia Pacific,Website,2,41.98,0.1,75.56,55.7,19.86,0,C01540
505513,2025-02-17,1015,Face Serum,Beauty,Asia Pacific,Mobile App,4,80.28,0.2,256.9,202.28,54.62,0,C01645
505514,2025-04-16,1016,Shampoo,Beauty,Asia Pacific,Mobile App,1,24.14,0.05,22.93,9.88,13.05,0,C00136
505515,2024-10-18,1009,Vacuum Cleaner,Home & Kitchen,Asia Pacific,Website,1,64.34,0.0,64.34,37.4,26.94,0,C01458
505516,2025-06-13,1022,Running Shoes,Sports,Middle East,Website,1,51.96,0.0,51.96,24.41,27.55,0,C01549
505517,2025-03-24,1003,Laptop Stand,Electronics,Latin America,Website,1,22.02,0.05,20.92,9.36,11.56,0,C00467
505518,2025-06-10,1009,Vacuum Cleaner,Home & Kitchen,North America,Mobile App,1,64.34,0.0,64.34,37.4,26.94,0,C00331
505519,2025-07-15,1021,Dumbbells,Sports,Middle East,Mobile App,4,18.19,0.0,72.76,30.32,42.44,0,C00887
505520,2024-06-06,1022,Running Shoes,Sports,Latin America,Website,1,51.96,0.0,51.96,24.41,27.55,0,C01215
505521,2025-03-26,1014,Hoodie,Apparel,Asia Pacific,Website,2,71.73,0.0,143.46,98.86,44.6,0,C00708
505522,2024-07-20,1017,Moisturizer,Beauty,North America,Mobile App,3,177.23,0.0,531.69,232.26,299.43,0,C01286
505523,2024-10-09,1021,Dumbbells,Sports,Latin America,Website,1,18.19,0.0,18.19,7.58,10.61,1,C00943
505524,2024-02-15,1023,Water Bottle,Sports,Asia Pacific,Website,1,55.97,0.0,55.97,28.38,27.59,0,C01753
505525,2024-05-16,1002,Bluetooth Speaker,Electronics,Europe,Website,1,26.25,0.0,26.25,16.7,9.55,0,C00470
505526,2024-07-17,1012,Jacket,Apparel,Latin America,Mobile App,1,88.76,0.0,88.76,39.21,49.55,1,C01777
505527,2024-06-04,1012,Jacket,Apparel,Latin America,Mobile App,1,88.76,0.0,88.76,39.21,49.55,0,C00017
505528,2024-09-18,1010,T-Shirt,Apparel,Europe,Website,1,79.05,0.0,79.05,50.89,28.16,0,C00180
505529,2024-03-08,1000,Wireless Earbuds,Electronics,Europe,Marketplace,1,80.93,0.05,76.88,33.09,43.79,0,C01240
505530,2024-09-28,1002,Bluetooth Speaker,Electronics,Latin America,Mobile App,2,26.25,0.15,44.62,33.4,11.22,0,C01640
505531,2024-08-12,1011,Jeans,Apparel,Latin America,Marketplace,1,48.52,0.05,46.09,26.91,19.18,0,C00574
505532,2024-06-18,1007,Blender,Home & Kitchen,Latin America,Website,1,29.86,0.0,29.86,18.64,11.22,0,C00197
505533,2025-11-16,1002,Bluetooth Speaker,Electronics,Latin America,Mobile App,1,26.25,0.05,24.94,16.7,8.24,0,C01180
505534,2024-12-16,1010,T-Shirt,Apparel,Middle East,Mobile App,1,79.05,0.0,79.05,50.89,28.16,0,C00017
505535,2025-01-16,1016,Shampoo,Beauty,Latin America,Marketplace,1,24.14,0.0,24.14,9.88,14.26,0,C01476
505536,2024-09-21,1018,Lipstick,Beauty,Middle East,Mobile App,1,41.98,0.0,41.98,27.85,14.13,0,C00739
505537,2024-12-04,1001,Smart Watch,Electronics,Asia Pacific,Mobile App,3,123.31,0.0,369.93,179.7,190.23,0,C00660
505538,2025-11-14,1020,Yoga Mat,Sports,Middle East,Mobile App,1,27.52,0.0,27.52,14.15,13.37,0,C00116
505539,2024-10-12,1023,Water Bottle,Sports,Middle East,Mobile App,2,55.97,0.0,111.94,56.76,55.18,0,C01440
505540,2024-09-08,1010,T-Shirt,Apparel,Europe,Mobile App,1,79.05,0.1,71.14,50.89,20.25,0,C01298
505541,2025-03-20,1023,Water Bottle,Sports,Latin America,Website,1,55.97,0.0,55.97,28.38,27.59,0,C00490
505542,2025-06-05,1014,Hoodie,Apparel,Asia Pacific,Website,1,71.73,0.05,68.14,49.43,18.71,0,C00747
505543,2025-02-18,1017,Moisturizer,Beauty,North America,Marketplace,2,177.23,0.0,354.46,154.84,199.62,0,C01126
505544,2024-11-03,1004,USB-C Hub,Electronics,Asia Pacific,Website,1,109.12,0.15,92.75,50.08,42.67,0,C01219
505545,2024-05-31,1021,Dumbbells,Sports,Middle East,Website,1,18.19,0.0,18.19,7.58,10.61,0,C01728
505546,2024-08-12,1014,Hoodie,Apparel,Europe,Website,1,71.73,0.0,71.73,49.43,22.3,0,C01242
505547,2024-06-05,1017,Moisturizer,Beauty,North America,Mobile App,1,177.23,0.0,177.23,77.42,99.81,0,C01200
505548,2025-06-01,1005,Air Fryer,Home & Kitchen,Asia Pacific,Website,1,16.13,0.0,16.13,6.54,9.59,0,C00065
505549,2025-02-13,1010,T-Shirt,Apparel,Latin America,Mobile App,1,79.05,0.0,79.05,50.89,28.16,0,C00149
505550,2024-11-02,1004,USB-C Hub,Electronics,North America,Website,1,109.12,0.15,92.75,50.08,42.67,0,C00708
505551,2025-09-30,1019,Sunscreen,Beauty,Latin America,Marketplace,1,106.12,0.05,100.81,56.32,44.49,1,C00509
505552,2025-11-09,1001,Smart Watch,Electronics,North America,Mobile App,1,123.31,0.0,123.31,59.9,63.41,0,C01048
505553,2024-02-28,1002,Bluetooth Speaker,Electronics,Latin America,Website,2,26.25,0.05,49.88,33.4,16.48,0,C01411
505554,2025-03-18,1019,Sunscreen,Beauty,Europe,Website,1,106.12,0.0,106.12,56.32,49.8,0,C00643
505555,2024-02-01,1013,Sneakers,Apparel,Asia Pacific,Marketplace,2,39.27,0.0,78.54,39.96,38.58,0,C01368
505556,2024-05-01,1006,Coffee Maker,Home & Kitchen,Asia Pacific,Website,2,110.15,0.05,209.28,134.86,74.42,0,C01320
505557,2025-05-18,1024,Resistance Bands,Sports,Latin America,Mobile App,2,73.75,0.05,140.12,92.0,48.12,0,C01666
505558,2025-02-19,1009,Vacuum Cleaner,Home & Kitchen,Latin America,Mobile App,1,64.34,0.0,64.34,37.4,26.94,0,C01402
505559,2024-10-20,1004,USB-C Hub,Electronics,Europe,Mobile App,1,109.12,0.0,109.12,50.08,59.04,0,C01047
505560,2024-06-17,1017,Moisturizer,Beauty,Asia Pacific,Website,1,177.23,0.0,177.23,77.42,99.81,0,C00946
505561,2024-11-30,1009,Vacuum Cleaner,Home & Kitchen,Middle East,Website,2,64.34,0.15,109.38,74.8,34.58,0,C01086
505562,2024-03-25,1003,Laptop Stand,Electronics,North America,Website,2,22.02,0.0,44.04,18.72,25.32,0,C01451
505563,2024-01-09,1009,Vacuum Cleaner,Home & Kitchen,Europe,Mobile App,1,64.34,0.0,64.34,37.4,26.94,0,C00148
505564,2025-05-19,1009,Vacuum Cleaner,Home & Kitchen,North America,Marketplace,2,64.34,0.0,128.68,74.8,53.88,0,C01173
505565,2025-12-15,1007,Blender,Home & Kitchen,Europe,Marketplace,3,29.86,0.0,89.58,55.92,33.66,0,C00607
505566,2024-01-03,1013,Sneakers,Apparel,Latin America,Website,1,39.27,0.0,39.27,19.98,19.29,0,C01119
505567,2024-05-16,1000,Wireless Earbuds,Electronics,Asia Pacific,Marketplace,2,80.93,0.1,145.67,66.18,79.49,0,C01752
505568,2025-01-10,1017,Moisturizer,Beauty,Asia Pacific,Mobile App,1,177.23,0.0,177.23,77.42,99.81,0,C01694
505569,2024-03-30,1003,Laptop Stand,Electronics,North America,Website,2,22.02,0.0,44.04,18.72,25.32,0,C00699
505570,2024-11-13,1012,Jacket,Apparel,Asia Pacific,Website,1,88.76,0.0,88.76,39.21,49.55,0,C01622
505571,2025-08-19,1006,Coffee Maker,Home & Kitchen,North America,Marketplace,1,110.15,0.0,110.15,67.43,42.72,0,C01628
505572,2025-09-21,1006,Coffee Maker,Home & Kitchen,North America,Mobile App,1,110.15,0.1,99.14,67.43,31.71,0,C00088
505573,2024-07-15,1023,Water Bottle,Sports,Europe,Marketplace,1,55.97,0.0,55.97,28.38,27.59,0,C00390
505574,2025-05-17,1011,Jeans,Apparel,North America,Website,1,48.52,0.15,41.24,26.91,14.33,1,C00119
505575,2024-10-25,1003,Laptop Stand,Electronics,Middle East,Mobile App,2,22.02,0.0,44.04,18.72,25.32,0,C01736
505576,2024-03-14,1017,Moisturizer,Beauty,Middle East,Website,1,177.23,0.0,177.23,77.42,99.81,0,C01096
505577,2024-03-07,1014,Hoodie,Apparel,Latin America,Mobile App,1,71.73,0.0,71.73,49.43,22.3,0,C01738
505578,2024-09-23,1002,Bluetooth Speaker,Electronics,Europe,Mobile App,1,26.25,0.05,24.94,16.7,8.24,0,C00481
505579,2025-12-17,1009,Vacuum Cleaner,Home & Kitchen,Middle East,Website,1,64.34,0.0,64.34,37.4,26.94,1,C00033
505580,2025-09-13,1017,Moisturizer,Beauty,Europe,Mobile App,1,177.23,0.15,150.65,77.42,73.23,0,C00003
505581,2024-02-02,1021,Dumbbells,Sports,Latin America,Marketplace,3,18.19,0.0,54.57,22.74,31.83,0,C00331
505582,2025-11-11,1012,Jacket,Apparel,Europe,Mobile App,1,88.76,0.05,84.32,39.21,45.11,0,C01513
505583,2025-04-08,1004,USB-C Hub,Electronics,Asia Pacific,Marketplace,1,109.12,0.15,92.75,50.08,42.67,0,C00447
505584,2024-11-09,1020,Yoga Mat,Sports,Asia Pacific,Mobile App,1,27.52,0.0,27.52,14.15,13.37,0,C00129
505585,2025-02-14,1005,Air Fryer,Home & Kitchen,Latin America,Mobile App,1,16.13,0.2,12.9,6.54,6.36,0,C00118
505586,2024-08-28,1014,Hoodie,Apparel,Asia Pacific,Mobile App,1,71.73,0.0,71.73,49.43,22.3,0,C00383
505587,2024-08-03,1000,Wireless Earbuds,Electronics,Europe,Website,1,80.93,0.05,76.88,33.09,43.79,1,C01051
505588,2025-12-21,1002,Bluetooth Speaker,Electronics,Europe,Website,2,26.25,0.0,52.5,33.4,19.1,0,C01259
505589,2024-03-01,1012,Jacket,Apparel,Middle East,Marketplace,1,88.76,0.1,79.88,39.21,40.67,0,C01517
505590,2024-05-31,1003,Laptop Stand,Electronics,North America,Marketplace,1,22.02,0.0,22.02,9.36,12.66,0,C00067
505591,2024-05-09,1001,Smart Watch,Electronics,Europe,Mobile App,2,123.31,0.0,246.62,119.8,126.82,0,C00453
505592,2024-10-16,1013,Sneakers,Apparel,Asia Pacific,Mobile App,1,39.27,0.0,39.27,19.98,19.29,1,C01283
505593,2025-08-16,1003,Laptop Stand,Electronics,Europe,Mobile App,1,22.02,0.0,22.02,9.36,12.66,0,C00763
505594,2025-03-21,1009,Vacuum Cleaner,Home & Kitchen,Latin America,Website,1,64.34,0.0,64.34,37.4,26.94,0,C00644
505595,2025-10-21,1022,Running Shoes,Sports,Middle East,Mobile App,2,51.96,0.05,98.72,48.82,49.9,0,C00518
505596,2024-11-05,1012,Jacket,Apparel,Europe,Marketplace,2,88.76,0.1,159.77,78.42,81.35,0,C00973
505597,2025-11-02,1016,Shampoo,Beauty,North America,Website,3,24.14,0.0,72.42,29.64,42.78,0,C01029
505598,2025-02-04,1024,Resistance Bands,Sports,Europe,Website,1,73.75,0.0,73.75,46.0,27.75,0,C00965
505599,2024-02-20,1012,Jacket,Apparel,North America,Mobile App,1,88.76,0.0,88.76,39.21,49.55,0,C00939
505600,2024-09-15,1023,Water Bottle,Sports,Latin America,Website,1,55.97,0.0,55.97,28.38,27.59,0,C00588
505601,2025-05-24,1006,Coffee Maker,Home & Kitchen,Latin America,Mobile App,1,110.15,0.0,110.15,67.43,42.72,0,C01622
505602,2025-02-11,1023,Water Bottle,Sports,Asia Pacific,Website,1,55.97,0.05,53.17,28.38,24.79,0,C01592
505603,2024-11-30,1012,Jacket,Apparel,Latin America,Mobile App,1,88.76,0.0,88.76,39.21,49.55,0,C01753
505604,2025-08-03,1019,Sunscreen,Beauty,Europe,Website,1,106.12,0.05,100.81,56.32,44.49,0,C01517
505605,2024-06-17,1018,Lipstick,Beauty,Asia Pacific,Website,3,41.98,0.0,125.94,83.55,42.39,0,C01442
505606,2025-05-13,1021,Dumbbells,Sports,Asia Pacific,Website,2,18.19,0.0,36.38,15.16,21.22,1,C00373
505607,2024-05-23,1022,Running Shoes,Sports,Europe,Mobile App,1,51.96,0.15,44.17,24.41,19.76,0,C01657
505608,2025-05-22,1020,Yoga Mat,Sports,Asia Pacific,Marketplace,1,27.52,0.0,27.52,14.15,13.37,0,C00742
505609,2024-07-03,1011,Jeans,Apparel,Latin America,Website,1,48.52,0.0,48.52,26.91,21.61,0,C00320
505610,2024-01-10,1020,Yoga Mat,Sports,Asia Pacific,Mobile App,1,27.52,0.0,27.52,14.15,13.37,0,C01735
505611,2025-09-21,1004,USB-C Hub,Electronics,Asia Pacific,Website,1,109.12,0.0,109.12,50.08,59.04,0,C00747
505612,2024-04-17,1022,Running Shoes,Sports,Latin America,Mobile App,2,51.96,0.1,93.53,48.82,44.71,0,C00949
505613,2025-05-28,1016,Shampoo,Beauty,Europe,Website,1,24.14,0.1,21.73,9.88,11.85,0,C00947
505614,2024-12-06,1011,Jeans,Apparel,Middle East,Website,1,48.52,0.2,38.82,26.91,11.91,0,C01237
505615,2025-02-04,1013,Sneakers,Apparel,Middle East,Marketplace,1,39.27,0.0,39.27,19.98,19.29,0,C01704
505616,2025-09-19,1007,Blender,Home & Kitchen,Middle East,Website,1,29.86,0.0,29.86,18.64,11.22,0,C00296
505617,2024-02-10,1004,USB-C Hub,Electronics,Latin America,Marketplace,2,109.12,0.0,218.24,100.16,118.08,0,C01063
505618,2025-08-28,1007,Blender,Home & Kitchen,Middle East,Website,1,29.86,0.05,28.37,18.64,9.73,0,C00286
505619,2025-04-12,1013,Sneakers,Apparel,North America,Website,2,39.27,0.0,78.54,39.96,38.58,0,C00925
505620,2024-01-19,1012,Jacket,Apparel,Latin America,Mobile App,1,88.76,0.0,88.76,39.21,49.55,0,C01682
505621,2024-03-05,1021,Dumbbells,Sports,Latin America,Mobile App,3,18.19,0.0,54.57,22.74,31.83,1,C00365
505622,2025-03-03,1005,Air Fryer,Home & Kitchen,Latin America,Marketplace,1,16.13,0.0,16.13,6.54,9.59,0,C00272
505623,2025-09-15,1020,Yoga Mat,Sports,Middle East,Website,1,27.52,0.0,27.52,14.15,13.37,0,C01009
505624,2024-11-18,1000,Wireless Earbuds,Electronics,Middle East,Website,1,80.93,0.0,80.93,33.09,47.84,1,C00981
505625,2024-09-28,1019,Sunscreen,Beauty,Asia Pacific,Marketplace,1,106.12,0.05,100.81,56.32,44.49,0,C01470
505626,2024-02-09,1003,Laptop Stand,Electronics,Europe,Mobile App,1,22.02,0.0,22.02,9.36,12.66,0,C01016
505627,2025-08-16,1015,Face Serum,Beauty,Asia Pacific,Website,1,80.28,0.2,64.22,50.57,13.65,0,C01720
505628,2024-01-05,1011,Jeans,Apparel,Middle East,Website,2,48.52,0.2,77.63,53.82,23.81,0,C01303
505629,2024-08-15,1002,Bluetooth Speaker,Electronics,Latin America,Website,1,26.25,0.05,24.94,16.7,8.24,0,C00696
505630,2024-01-03,1012,Jacket,Apparel,Latin America,Website,1,88.76,0.1,79.88,39.21,40.67,0,C01617
505631,2024-03-18,1016,Shampoo,Beauty,Asia Pacific,Mobile App,1,24.14,0.0,24.14,9.88,14.26,0,C00706
505632,2025-07-13,1016,Shampoo,Beauty,Latin America,Website,1,24.14,0.1,21.73,9.88,11.85,0,C01526
505633,2025-10-17,1000,Wireless Earbuds,Electronics,Asia Pacific,Mobile App,1,80.93,0.0,80.93,33.09,47.84,0,C00119
505634,2025-11-10,1012,Jacket,Apparel,North America,Website,1,88.76,0.1,79.88,39.21,40.67,0,C01605
505635,2025-08-17,1023,Water Bottle,Sports,Europe,Mobile App,1,55.97,0.0,55.97,28.38,27.59,0,C01046
505636,2025-07-19,1016,Shampoo,Beauty,Asia Pacific,Mobile App,1,24.14,0.0,24.14,9.88,14.26,0,C00686
505637,2024-08-28,1017,Moisturizer,Beauty,Latin America,Mobile App,1,177.23,0.0,177.23,77.42,99.81,0,C01418
505638,2024-12-02,1017,Moisturizer,Beauty,Europe,Mobile App,1,177.23,0.0,177.23,77.42,99.81,0,C00168
505639,2024-07-24,1024,Resistance Bands,Sports,North America,Mobile App,1,73.75,0.1,66.38,46.0,20.38,0,C01252
505640,2024-03-22,1015,Face Serum,Beauty,Asia Pacific,Mobile App,1,80.28,0.0,80.28,50.57,29.71,0,C01103
505641,2025-05-06,1016,Shampoo,Beauty,North America,Website,1,24.14,0.0,24.14,9.88,14.26,0,C01514
505642,2024-09-21,1019,Sunscreen,Beauty,Europe,Mobile App,1,106.12,0.05,100.81,56.32,44.49,0,C00390
505643,2025-11-18,1008,Cookware Set,Home & Kitchen,Asia Pacific,Website,2,55.01,0.0,110.02,55.64,54.38,0,C01635
505644,2025-03-12,1004,USB-C Hub,Electronics,Europe,Mobile App,1,109.12,0.0,109.12,50.08,59.04,0,C01072
505645,2025-01-05,1012,Jacket,Apparel,North America,Mobile App,1,88.76,0.0,88.76,39.21,49.55,0,C00397
505646,2024-10-22,1014,Hoodie,Apparel,Asia Pacific,Marketplace,1,71.73,0.05,68.14,49.43,18.71,0,C00217
505647,2025-12-09,1003,Laptop Stand,Electronics,Middle East,Mobile App,2,22.02,0.0,44.04,18.72,25.32,1,C00981
505648,2024-03-19,1004,USB-C Hub,Electronics,Europe,Marketplace,1,109.12,0.0,109.12,50.08,59.04,0,C01424
505649,2024-01-04,1015,Face Serum,Beauty,Europe,Website,1,80.28,0.0,80.28,50.57,29.71,0,C00403
505650,2024-10-03,1008,Cookware Set,Home & Kitchen,Europe,Website,1,55.01,0.2,44.01,27.82,16.19,0,C01322
505651,2025-04-07,1000,Wireless Earbuds,Electronics,Asia Pacific,Website,1,80.93,0.0,80.93,33.09,47.84,0,C01711
505652,2025-07-01,1014,Hoodie,Apparel,Latin America,Mobile App,1,71.73,0.05,68.14,49.43,18.71,0,C00718
505653,2025-05-07,1002,Bluetooth Speaker,Electronics,Middle East,Website,2,26.25,0.0,52.5,33.4,19.1,0,C00095
505654,2024-03-26,1017,Moisturizer,Beauty,Asia Pacific,Mobile App,2,177.23,0.1,319.01,154.84,164.17,0,C01244
505655,2024-12-27,1014,Hoodie,Apparel,Europe,Website,1,71.73,0.0,71.73,49.43,22.3,1,C00118
505656,2024-07-12,1014,Hoodie,Apparel,Middle East,Marketplace,1,71.73,0.1,64.56,49.43,15.13,0,C00863
505657,2024-01-19,1006,Coffee Maker,Home & Kitchen,Middle East,Mobile App,1,110.15,0.0,110.15,67.43,42.72,0,C01022
505658,2024-03-29,1019,Sunscreen,Beauty,North America,Website,1,106.12,0.0,106.12,56.32,49.8,0,C00723
505659,2024-12-16,1011,Jeans,Apparel,Europe,Mobile App,1,48.52,0.0,48.52,26.91,21.61,0,C00945
505660,2025-12-07,1018,Lipstick,Beauty,Middle East,Website,1,41.98,0.0,41.98,27.85,14.13,0,C01663
505661,2025-10-08,1022,Running Shoes,Sports,Asia Pacific,Website,2,51.96,0.05,98.72,48.82,49.9,1,C01624
505662,2025-02-02,1010,T-Shirt,Apparel,Latin America,Website,2,79.05,0.0,158.1,101.78,56.32,0,C01734
505663,2025-06-08,1000,Wireless Earbuds,Electronics,Latin America,Website,2,80.93,0.0,161.86,66.18,95.68,0,C01226
505664,2024-07-13,1021,Dumbbells,Sports,Middle East,Mobile App,2,18.19,0.1,32.74,15.16,17.58,0,C00295
505665,2025-08-23,1012,Jacket,Apparel,North America,Marketplace,1,88.76,0.15,75.45,39.21,36.24,0,C01772
505666,2024-08-20,1014,Hoodie,Apparel,Latin America,Mobile App,1,71.73,0.0,71.73,49.43,22.3,0,C00018
505667,2025-04-13,1000,Wireless Earbuds,Electronics,Latin America,Website,1,80.93,0.0,80.93,33.09,47.84,0,C00779
505668,2025-01-12,1003,Laptop Stand,Electronics,Europe,Marketplace,1,22.02,0.0,22.02,9.36,12.66,0,C00971
505669,2024-02-07,1019,Sunscreen,Beauty,Latin America,Website,2,106.12,0.0,212.24,112.64,99.6,0,C00606
505670,2025-08-07,1024,Resistance Bands,Sports,Asia Pacific,Website,1,73.75,0.0,73.75,46.0,27.75,0,C01104
505671,2025-11-11,1022,Running Shoes,Sports,Asia Pacific,Mobile App,1,51.96,0.0,51.96,24.41,27.55,0,C01128
505672,2025-03-01,1000,Wireless Earbuds,Electronics,North America,Marketplace,1,80.93,0.1,72.84,33.09,39.75,0,C00337
505673,2025-04-19,1022,Running Shoes,Sports,North America,Website,2,51.96,0.0,103.92,48.82,55.1,0,C01627
505674,2024-04-08,1020,Yoga Mat,Sports,Middle East,Mobile App,1,27.52,0.0,27.52,14.15,13.37,0,C00979
505675,2024-04-29,1006,Coffee Maker,Home & Kitchen,Middle East,Website,1,110.15,0.15,93.63,67.43,26.2,0,C01227
505676,2025-05-21,1011,Jeans,Apparel,Middle East,Marketplace,1,48.52,0.0,48.52,26.91,21.61,0,C01367
505677,2024-12-14,1013,Sneakers,Apparel,North America,Mobile App,4,39.27,0.0,157.08,79.92,77.16,0,C01464
505678,2024-02-03,1022,Running Shoes,Sports,Asia Pacific,Website,1,51.96,0.0,51.96,24.41,27.55,0,C01736
505679,2025-07-03,1015,Face Serum,Beauty,Latin America,Website,1,80.28,0.1,72.25,50.57,21.68,0,C00912
505680,2024-04-19,1005,Air Fryer,Home & Kitchen,North America,Marketplace,1,16.13,0.0,16.13,6.54,9.59,0,C00412
505681,2025-11-11,1004,USB-C Hub,Electronics,Europe,Mobile App,2,109.12,0.05,207.33,100.16,107.17,1,C00086
505682,2025-01-23,1010,T-Shirt,Apparel,Europe,Website,1,79.05,0.0,79.05,50.89,28.16,0,C01436
505683,2025-02-25,1019,Sunscreen,Beauty,North America,Marketplace,1,106.12,0.0,106.12,56.32,49.8,0,C00418
505684,2025-01-07,1010,T-Shirt,Apparel,North America,Website,1,79.05,0.0,79.05,50.89,28.16,0,C01549
505685,2024-11-03,1010,T-Shirt,Apparel,Latin America,Website,1,79.05,0.0,79.05,50.89,28.16,0,C00655
505686,2024-10-18,1019,Sunscreen,Beauty,Asia Pacific,Website,1,106.12,0.0,106.12,56.32,49.8,0,C00742
505687,2024-04-05,1021,Dumbbells,Sports,Europe,Marketplace,2,18.19,0.0,36.38,15.16,21.22,0,C00323
505688,2025-09-09,1020,Yoga Mat,Sports,Middle East,Marketplace,1,27.52,0.0,27.52,14.15,13.37,0,C00839
505689,2025-01-06,1006,Coffee Maker,Home & Kitchen,North America,Website,3,110.15,0.0,330.45,202.29,128.16,0,C00207
505690,2024-09-27,1024,Resistance Bands,Sports,Asia Pacific,Website,1,73.75,0.0,73.75,46.0,27.75,0,C01045
505691,2024-05-06,1024,Resistance Bands,Sports,Europe,Mobile App,1,73.75,0.0,73.75,46.0,27.75,0,C00315
505692,2025-08-19,1002,Bluetooth Speaker,Electronics,North America,Website,2,26.25,0.15,44.62,33.4,11.22,0,C00011
505693,2024-10-10,1023,Water Bottle,Sports,Asia Pacific,Mobile App,1,55.97,0.0,55.97,28.38,27.59,1,C00205
505694,2025-07-17,1016,Shampoo,Beauty,Middle East,Marketplace,2,24.14,0.05,45.87,19.76,26.11,0,C01541
505695,2024-03-22,1005,Air Fryer,Home & Kitchen,Middle East,Marketplace,2,16.13,0.0,32.26,13.08,19.18,0,C01398
505696,2025-12-08,1018,Lipstick,Beauty,Middle East,Website,1,41.98,0.15,35.68,27.85,7.83,0,C01299
505697,2025-07-19,1007,Blender,Home & Kitchen,Asia Pacific,Website,1,29.86,0.0,29.86,18.64,11.22,0,C01744
505698,2025-02-17,1009,Vacuum Cleaner,Home & Kitchen,North America,Website,2,64.34,0.0,128.68,74.8,53.88,1,C01415
505699,2025-03-06,1012,Jacket,Apparel,North America,Mobile App,1,88.76,0.0,88.76,39.21,49.55,0,C01349
505700,2024-10-02,1000,Wireless Earbuds,Electronics,North America,Website,1,80.93,0.0,80.93,33.09,47.84,0,C00533
505701,2024-04-06,1014,Hoodie,Apparel,Middle East,Website,1,71.73,0.0,71.73,49.43,22.3,0,C01613
505702,2025-05-03,1003,Laptop Stand,Electronics,North America,Website,1,22.02,0.0,22.02,9.36,12.66,0,C00681
505703,2025-01-04,1003,Laptop Stand,Electronics,Latin America,Mobile App,2,22.02,0.1,39.64,18.72,20.92,0,C01373
505704,2024-09-27,1000,Wireless Earbuds,Electronics,Europe,Mobile App,3,80.93,0.1,218.51,99.27,119.24,0,C01028
505705,2025-07-28,1014,Hoodie,Apparel,Europe,Website,1,71.73,0.0,71.73,49.43,22.3,0,C01028
505706,2024-06-21,1016,Shampoo,Beauty,Europe,Mobile App,2,24.14,0.05,45.87,19.76,26.11,0,C00325
505707,2025-08-05,1001,Smart Watch,Electronics,North America,Mobile App,1,123.31,0.05,117.14,59.9,57.24,0,C01405
505708,2024-01-18,1007,Blender,Home & Kitchen,Latin America,Website,1,29.86,0.0,29.86,18.64,11.22,0,C00518
505709,2025-12-26,1003,Laptop Stand,Electronics,Europe,Website,3,22.02,0.0,66.06,28.08,37.98,0,C00308
505710,2025-11-29,1019,Sunscreen,Beauty,Middle East,Website,1,106.12,0.0,106.12,56.32,49.8,0,C01253
505711,2025-02-21,1014,Hoodie,Apparel,North America,Mobile App,3,71.73,0.0,215.19,148.29,66.9,0,C01708
505712,2024-10-06,1001,Smart Watch,Electronics,Middle East,Mobile App,1,123.31,0.05,117.14,59.9,57.24,0,C01324
505713,2024-07-11,1018,Lipstick,Beauty,Latin America,Mobile App,1,41.98,0.05,39.88,27.85,12.03,0,C00160
505714,2024-03-01,1005,Air Fryer,Home & Kitchen,Latin America,Website,4,16.13,0.15,54.84,26.16,28.68,0,C01729
505715,2025-11-13,1014,Hoodie,Apparel,Latin America,Website,1,71.73,0.05,68.14,49.43,18.71,0,C01142
505716,2025-06-24,1001,Smart Watch,Electronics,Asia Pacific,Website,4,123.31,0.05,468.58,239.6,228.98,0,C00550
505717,2025-02-18,1001,Smart Watch,Electronics,Middle East,Website,1,123.31,0.0,123.31,59.9,63.41,0,C00486
505718,2025-08-15,1011,Jeans,Apparel,Asia Pacific,Website,1,48.52,0.05,46.09,26.91,19.18,0,C00476
505719,2025-09-23,1001,Smart Watch,Electronics,North America,Mobile App,1,123.31,0.0,123.31,59.9,63.41,0,C00509
505720,2024-09-18,1012,Jacket,Apparel,Middle East,Website,2,88.76,0.1,159.77,78.42,81.35,0,C00560
505721,2024-04-27,1013,Sneakers,Apparel,Latin America,Mobile App,1,39.27,0.0,39.27,19.98,19.29,0,C00201
505722,2024-09-16,1006,Coffee Maker,Home & Kitchen,Europe,Mobile App,4,110.15,0.0,440.6,269.72,170.88,0,C00132
505723,2025-10-18,1015,Face Serum,Beauty,Middle East,Website,1,80.28,0.0,80.28,50.57,29.71,0,C00779
505724,2025-11-18,1003,Laptop Stand,Electronics,Europe,Website,1,22.02,0.1,19.82,9.36,10.46,0,C00979
505725,2024-02-11,1015,Face Serum,Beauty,Europe,Marketplace,1,80.28,0.0,80.28,50.57,29.71,0,C01754
505726,2024-02-17,1002,Bluetooth Speaker,Electronics,North America,Mobile App,1,26.25,0.15,22.31,16.7,5.61,0,C00323
505727,2024-05-16,1009,Vacuum Cleaner,Home & Kitchen,Europe,Website,2,64.34,0.05,122.25,74.8,47.45,0,C00730
505728,2024-04-25,1016,Shampoo,Beauty,Middle East,Website,1,24.14,0.0,24.14,9.88,14.26,0,C00863
505729,2024-08-03,1011,Jeans,Apparel,North America,Mobile App,2,48.52,0.05,92.19,53.82,38.37,0,C00501
505730,2024-01-15,1024,Resistance Bands,Sports,Latin America,Website,1,73.75,0.0,73.75,46.0,27.75,0,C01027
505731,2024-07-30,1010,T-Shirt,Apparel,Latin America,Website,1,79.05,0.05,75.1,50.89,24.21,0,C00858
505732,2025-10-25,1015,Face Serum,Beauty,North America,Marketplace,1,80.28,0.0,80.28,50.57,29.71,0,C00394
505733,2024-11-28,1007,Blender,Home & Kitchen,Latin America,Website,1,29.86,0.0,29.86,18.64,11.22,0,C00412
505734,2025-06-15,1011,Jeans,Apparel,Asia Pacific,Website,1,48.52,0.0,48.52,26.91,21.61,0,C01081
505735,2024-07-25,1019,Sunscreen,Beauty,Europe,Website,1,106.12,0.05,100.81,56.32,44.49,0,C00872
505736,2024-12-27,1007,Blender,Home & Kitchen,Europe,Marketplace,1,29.86,0.0,29.86,18.64,11.22,0,C00909
505737,2025-11-09,1004,USB-C Hub,Electronics,Europe,Website,2,109.12,0.0,218.24,100.16,118.08,0,C00907
505738,2024-10-07,1023,Water Bottle,Sports,Latin America,Website,1,55.97,0.0,55.97,28.38,27.59,0,C00653
505739,2024-01-04,1021,Dumbbells,Sports,Latin America,Website,1,18.19,0.0,18.19,7.58,10.61,0,C01119
505740,2024-03-03,1003,Laptop Stand,Electronics,North America,Mobile App,2,22.02,0.0,44.04,18.72,25.32,0,C01666
505741,2025-06-20,1014,Hoodie,Apparel,Asia Pacific,Website,1,71.73,0.0,71.73,49.43,22.3,0,C00074
505742,2024-04-23,1013,Sneakers,Apparel,Asia Pacific,Website,2,39.27,0.0,78.54,39.96,38.58,0,C00217
505743,2024-10-13,1010,T-Shirt,Apparel,Europe,Website,2,79.05,0.15,134.38,101.78,32.6,0,C00014
505744,2024-01-15,1009,Vacuum Cleaner,Home & Kitchen,Latin America,Mobile App,1,64.34,0.15,54.69,37.4,17.29,0,C00955
505745,2025-06-26,1005,Air Fryer,Home & Kitchen,North America,Mobile App,1,16.13,0.15,13.71,6.54,7.17,0,C01047
505746,2024-12-22,1020,Yoga Mat,Sports,Asia Pacific,Mobile App,1,27.52,0.0,27.52,14.15,13.37,0,C00631
505747,2025-04-05,1002,Bluetooth Speaker,Electronics,Europe,Mobile App,2,26.25,0.0,52.5,33.4,19.1,0,C00248
505748,2024-10-09,1020,Yoga Mat,Sports,Latin America,Marketplace,1,27.52,0.0,27.52,14.15,13.37,0,C01388
505749,2024-10-03,1012,Jacket,Apparel,Europe,Website,4,88.76,0.0,355.04,156.84,198.2,1,C00179
505750,2025-03-24,1010,T-Shirt,Apparel,Europe,Website,1,79.05,0.0,79.05,50.89,28.16,0,C01274
505751,2024-08-28,1012,Jacket,Apparel,Latin America,Website,3,88.76,0.0,266.28,117.63,148.65,0,C01402
505752,2025-07-18,1009,Vacuum Cleaner,Home & Kitchen,Middle East,Mobile App,2,64.34,0.0,128.68,74.8,53.88,0,C00364
505753,2024-05-28,1020,Yoga Mat,Sports,North America,Website,1,27.52,0.2,22.02,14.15,7.87,0,C00731
505754,2025-01-14,1015,Face Serum,Beauty,Middle East,Website,1,80.28,0.0,80.28,50.57,29.71,0,C01492
505755,2024-04-11,1013,Sneakers,Apparel,Asia Pacific,Marketplace,1,39.27,0.0,39.27,19.98,19.29,0,C00907
505756,2025-06-12,1001,Smart Watch,Electronics,Asia Pacific,Mobile App,1,123.31,0.0,123.31,59.9,63.41,0,C01312
505757,2024-01-21,1004,USB-C Hub,Electronics,North America,Mobile App,1,109.12,0.05,103.66,50.08,53.58,0,C00424
505758,2024-04-19,1011,Jeans,Apparel,Europe,Marketplace,1,48.52,0.0,48.52,26.91,21.61,0,C01125
505759,2024-09-15,1010,T-Shirt,Apparel,Europe,Mobile App,2,79.05,0.1,142.29,101.78,40.51,0,C00932
505760,2025-11-15,1006,Coffee Maker,Home & Kitchen,Middle East,Marketplace,1,110.15,0.0,110.15,67.43,42.72,0,C01461
505761,2025-08-11,1022,Running Shoes,Sports,Middle East,Marketplace,4,51.96,0.1,187.06,97.64,89.42,0,C01234
505762,2025-10-04,1022,Running Shoes,Sports,Latin America,Marketplace,1,51.96,0.0,51.96,24.41,27.55,0,C01042
505763,2024-01-04,1022,Running Shoes,Sports,Europe,Marketplace,1,51.96,0.0,51.96,24.41,27.55,0,C01459
505764,2024-12-01,1020,Yoga Mat,Sports,Middle East,Website,1,27.52,0.0,27.52,14.15,13.37,0,C00537
505765,2024-12-15,1012,Jacket,Apparel,North America,Website,2,88.76,0.0,177.52,78.42,99.1,0,C00932
505766,2024-07-10,1021,Dumbbells,Sports,North America,Mobile App,2,18.19,0.05,34.56,15.16,19.4,0,C01583
505767,2025-03-11,1020,Yoga Mat,Sports,Asia Pacific,Mobile App,1,27.52,0.15,23.39,14.15,9.24,0,C01273
505768,2024-10-05,1003,Laptop Stand,Electronics,Middle East,Website,2,22.02,0.15,37.43,18.72,18.71,0,C01108
505769,2025-02-15,1010,T-Shirt,Apparel,Middle East,Mobile App,1,79.05,0.0,79.05,50.89,28.16,0,C00756
505770,2024-12-31,1001,Smart Watch,Electronics,North America,Website,1,123.31,0.0,123.31,59.9,63.41,0,C00981
505771,2025-10-01,1011,Jeans,Apparel,Europe,Marketplace,1,48.52,0.0,48.52,26.91,21.61,0,C01466
505772,2024-11-28,1020,Yoga Mat,Sports,North America,Marketplace,1,27.52,0.1,24.77,14.15,10.62,0,C01530
505773,2024-12-31,1010,T-Shirt,Apparel,Latin America,Mobile App,2,79.05,0.0,158.1,101.78,56.32,0,C00910
505774,2025-06-29,1002,Bluetooth Speaker,Electronics,Asia Pacific,Website,1,26.25,0.0,26.25,16.7,9.55,0,C01077
505775,2025-03-17,1005,Air Fryer,Home & Kitchen,Middle East,Website,1,16.13,0.0,16.13,6.54,9.59,0,C01523
505776,2024-03-19,1013,Sneakers,Apparel,North America,Mobile App,1,39.27,0.0,39.27,19.98,19.29,1,C01569
505777,2024-05-20,1019,Sunscreen,Beauty,Europe,Website,1,106.12,0.05,100.81,56.32,44.49,0,C00396
505778,2024-02-14,1008,Cookware Set,Home & Kitchen,Europe,Website,1,55.01,0.05,52.26,27.82,24.44,0,C00537
505779,2025-07-01,1001,Smart Watch,Electronics,North America,Website,1,123.31,0.05,117.14,59.9,57.24,0,C00008
505780,2025-07-15,1005,Air Fryer,Home & Kitchen,Latin America,Mobile App,1,16.13,0.0,16.13,6.54,9.59,0,C00284
505781,2024-08-14,1016,Shampoo,Beauty,Europe,Website,1,24.14,0.0,24.14,9.88,14.26,0,C01722
505782,2024-04-09,1011,Jeans,Apparel,North America,Website,2,48.52,0.0,97.04,53.82,43.22,0,C01102
505783,2025-08-24,1015,Face Serum,Beauty,Latin America,Website,2,80.28,0.0,160.56,101.14,59.42,0,C01273
505784,2024-10-14,1014,Hoodie,Apparel,Middle East,Marketplace,1,71.73,0.1,64.56,49.43,15.13,0,C01748
505785,2024-08-02,1016,Shampoo,Beauty,North America,Website,1,24.14,0.0,24.14,9.88,14.26,0,C00078
505786,2024-08-30,1008,Cookware Set,Home & Kitchen,Middle East,Website,2,55.01,0.0,110.02,55.64,54.38,0,C01472
505787,2024-09-13,1003,Laptop Stand,Electronics,Middle East,Mobile App,1,22.02,0.0,22.02,9.36,12.66,0,C00129
505788,2025-10-06,1005,Air Fryer,Home & Kitchen,Europe,Website,2,16.13,0.0,32.26,13.08,19.18,0,C00771
505789,2025-12-06,1020,Yoga Mat,Sports,Asia Pacific,Mobile App,1,27.52,0.2,22.02,14.15,7.87,1,C00990
505790,2025-11-04,1017,Moisturizer,Beauty,North America,Marketplace,1,177.23,0.0,177.23,77.42,99.81,0,C00122
505791,2025-05-16,1014,Hoodie,Apparel,Europe,Mobile App,1,71.73,0.0,71.73,49.43,22.3,0,C00022
505792,2024-12-04,1003,Laptop Stand,Electronics,North America,Website,2,22.02,0.05,41.84,18.72,23.12,0,C00969
505793,2025-08-19,1020,Yoga Mat,Sports,Europe,Marketplace,1,27.52,0.0,27.52,14.15,13.37,0,C01601
505794,2024-10-11,1015,Face Serum,Beauty,North America,Website,1,80.28,0.1,72.25,50.57,21.68,0,C00736
505795,2024-12-23,1011,Jeans,Apparel,Asia Pacific,Mobile App,1,48.52,0.0,48.52,26.91,21.61,0,C01632
505796,2025-07-23,1015,Face Serum,Beauty,Europe,Website,1,80.28,0.0,80.28,50.57,29.71,0,C00418
505797,2024-04-09,1020,Yoga Mat,Sports,Middle East,Website,1,27.52,0.0,27.52,14.15,13.37,0,C00043
505798,2024-10-08,1007,Blender,Home & Kitchen,Europe,Website,1,29.86,0.0,29.86,18.64,11.22,0,C00271
505799,2024-06-09,1024,Resistance Bands,Sports,Europe,Mobile App,1,73.75,0.0,73.75,46.0,27.75,0,C00307
505800,2024-07-02,1018,Lipstick,Beauty,Europe,Mobile App,1,41.98,0.0,41.98,27.85,14.13,0,C01089
505801,2024-07-21,1019,Sunscreen,Beauty,Europe,Website,3,106.12,0.0,318.36,168.96,149.4,0,C00057
505802,2024-03-03,1012,Jacket,Apparel,Latin America,Website,1,88.76,0.2,71.01,39.21,31.8,0,C00539
505803,2024-05-17,1004,USB-C Hub,Electronics,North America,Website,1,109.12,0.05,103.66,50.08,53.58,0,C01694
505804,2024-07-28,1010,T-Shirt,Apparel,Asia Pacific,Mobile App,1,79.05,0.05,75.1,50.89,24.21,0,C00271
505805,2024-11-02,1014,Hoodie,Apparel,Latin America,Website,1,71.73,0.0,71.73,49.43,22.3,0,C00444
505806,2024-03-05,1017,Moisturizer,Beauty,Europe,Website,1,177.23,0.05,168.37,77.42,90.95,0,C01084
505807,2024-01-08,1013,Sneakers,Apparel,Europe,Website,1,39.27,0.0,39.27,19.98,19.29,0,C01394
505808,2025-06-29,1001,Smart Watch,Electronics,Europe,Mobile App,1,123.31,0.05,117.14,59.9,57.24,0,C00328
505809,2025-03-06,1021,Dumbbells,Sports,North America,Website,2,18.19,0.0,36.38,15.16,21.22,0,C01767
505810,2024-06-10,1007,Blender,Home & Kitchen,Europe,Website,1,29.86,0.0,29.86,18.64,11.22,0,C01605
505811,2025-03-01,1009,Vacuum Cleaner,Home & Kitchen,North America,Website,2,64.34,0.05,122.25,74.8,47.45,0,C00656
505812,2025-12-17,1023,Water Bottle,Sports,Europe,Website,1,55.97,0.0,55.97,28.38,27.59,0,C00300
505813,2025-06-16,1015,Face Serum,Beauty,Middle East,Marketplace,2,80.28,0.0,160.56,101.14,59.42,0,C00849
505814,2025-06-27,1011,Jeans,Apparel,Middle East,Marketplace,2,48.52,0.0,97.04,53.82,43.22,0,C01667
505815,2025-08-22,1016,Shampoo,Beauty,Asia Pacific,Marketplace,1,24.14,0.05,22.93,9.88,13.05,0,C00680
505816,2024-06-10,1011,Jeans,Apparel,Middle East,Mobile App,1,48.52,0.0,48.52,26.91,21.61,0,C00911
505817,2025-08-03,1019,Sunscreen,Beauty,Europe,Marketplace,1,106.12,0.05,100.81,56.32,44.49,0,C00825
505818,2025-03-11,1020,Yoga Mat,Sports,Europe,Mobile App,1,27.52,0.15,23.39,14.15,9.24,0,C00745
505819,2025-03-31,1018,Lipstick,Beauty,Asia Pacific,Website,1,41.98,0.0,41.98,27.85,14.13,0,C00422
505820,2025-09-12,1017,Moisturizer,Beauty,Europe,Marketplace,1,177.23,0.0,177.23,77.42,99.81,0,C00585
505821,2024-01-21,1013,Sneakers,Apparel,Europe,Website,1,39.27,0.0,39.27,19.98,19.29,0,C00106
505822,2025-01-19,1011,Jeans,Apparel,Middle East,Website,1,48.52,0.1,43.67,26.91,16.76,0,C00299
505823,2024-04-03,1004,USB-C Hub,Electronics,Middle East,Website,1,109.12,0.0,109.12,50.08,59.04,0,C01305
505824,2025-12-12,1019,Sunscreen,Beauty,Europe,Marketplace,1,106.12,0.05,100.81,56.32,44.49,0,C01680
505825,2024-08-23,1000,Wireless Earbuds,Electronics,Middle East,Marketplace,1,80.93,0.2,64.74,33.09,31.65,0,C01386
505826,2024-04-25,1006,Coffee Maker,Home & Kitchen,Middle East,Website,1,110.15,0.1,99.14,67.43,31.71,0,C00709
505827,2025-10-27,1021,Dumbbells,Sports,Middle East,Mobile App,1,18.19,0.05,17.28,7.58,9.7,0,C01361
505828,2024-05-18,1022,Running Shoes,Sports,North America,Mobile App,2,51.96,0.05,98.72,48.82,49.9,0,C01702
505829,2025-07-05,1015,Face Serum,Beauty,Europe,Mobile App,1,80.28,0.0,80.28,50.57,29.71,0,C01197
505830,2024-09-03,1008,Cookware Set,Home & Kitchen,North America,Mobile App,1,55.01,0.1,49.51,27.82,21.69,0,C01496
505831,2025-09-13,1006,Coffee Maker,Home & Kitchen,Middle East,Marketplace,2,110.15,0.05,209.28,134.86,74.42,0,C00198
505832,2024-09-04,1015,Face Serum,Beauty,Middle East,Mobile App,1,80.28,0.0,80.28,50.57,29.71,0,C00999
505833,2024-12-13,1018,Lipstick,Beauty,Middle East,Mobile App,1,41.98,0.0,41.98,27.85,14.13,0,C01512
505834,2024-09-22,1008,Cookware Set,Home & Kitchen,Asia Pacific,Website,1,55.01,0.0,55.01,27.82,27.19,0,C01469
505835,2024-05-19,1002,Bluetooth Speaker,Electronics,Europe,Website,2,26.25,0.0,52.5,33.4,19.1,0,C01789
505836,2025-05-17,1015,Face Serum,Beauty,Europe,Website,1,80.28,0.0,80.28,50.57,29.71,0,C00373
505837,2024-08-13,1022,Running Shoes,Sports,North America,Mobile App,1,51.96,0.0,51.96,24.41,27.55,0,C00444
505838,2025-10-01,1004,USB-C Hub,Electronics,Latin America,Website,1,109.12,0.0,109.12,50.08,59.04,0,C00650
505839,2025-10-11,1023,Water Bottle,Sports,Middle East,Website,1,55.97,0.0,55.97,28.38,27.59,0,C00846
505840,2024-11-25,1004,USB-C Hub,Electronics,Latin America,Website,1,109.12,0.0,109.12,50.08,59.04,0,C00060
505841,2024-10-09,1007,Blender,Home & Kitchen,Asia Pacific,Website,1,29.86,0.0,29.86,18.64,11.22,0,C01522
505842,2024-01-12,1021,Dumbbells,Sports,North America,Mobile App,1,18.19,0.2,14.55,7.58,6.97,0,C01151
505843,2025-12-08,1023,Water Bottle,Sports,North America,Marketplace,1,55.97,0.0,55.97,28.38,27.59,0,C00013
505844,2024-02-01,1008,Cookware Set,Home & Kitchen,North America,Website,1,55.01,0.2,44.01,27.82,16.19,0,C01732
505845,2025-10-14,1016,Shampoo,Beauty,Middle East,Website,2,24.14,0.0,48.28,19.76,28.52,0,C01324
505846,2025-12-05,1012,Jacket,Apparel,Europe,Website,2,88.76,0.0,177.52,78.42,99.1,0,C00143
505847,2024-04-10,1018,Lipstick,Beauty,Latin America,Mobile App,4,41.98,0.0,167.92,111.4,56.52,1,C00051
505848,2025-07-05,1016,Shampoo,Beauty,Asia Pacific,Website,2,24.14,0.0,48.28,19.76,28.52,0,C00947
505849,2025-10-07,1003,Laptop Stand,Electronics,Middle East,Website,2,22.02,0.0,44.04,18.72,25.32,0,C00709
505850,2024-06-02,1010,T-Shirt,Apparel,Asia Pacific,Website,3,79.05,0.0,237.15,152.67,84.48,0,C01609
505851,2025-11-19,1016,Shampoo,Beauty,North America,Mobile App,2,24.14,0.0,48.28,19.76,28.52,0,C00232
505852,2025-05-31,1010,T-Shirt,Apparel,Asia Pacific,Mobile App,1,79.05,0.0,79.05,50.89,28.16,0,C00101
505853,2024-09-24,1003,Laptop Stand,Electronics,Europe,Website,1,22.02,0.0,22.02,9.36,12.66,0,C00660
505854,2024-05-31,1003,Laptop Stand,Electronics,Middle East,Mobile App,1,22.02,0.0,22.02,9.36,12.66,0,C00543
505855,2025-07-06,1002,Bluetooth Speaker,Electronics,Latin America,Website,1,26.25,0.0,26.25,16.7,9.55,0,C00373
505856,2025-06-18,1004,USB-C Hub,Electronics,North America,Website,1,109.12,0.0,109.12,50.08,59.04,0,C01038
505857,2024-10-22,1004,USB-C Hub,Electronics,Middle East,Mobile App,2,109.12,0.0,218.24,100.16,118.08,0,C01085
505858,2024-02-13,1009,Vacuum Cleaner,Home & Kitchen,Asia Pacific,Website,1,64.34,0.2,51.47,37.4,14.07,0,C01456
505859,2024-02-11,1001,Smart Watch,Electronics,Middle East,Website,1,123.31,0.05,117.14,59.9,57.24,0,C01138
505860,2024-01-27,1020,Yoga Mat,Sports,North America,Mobile App,2,27.52,0.15,46.78,28.3,18.48,0,C00531
505861,2024-01-03,1021,Dumbbells,Sports,Asia Pacific,Marketplace,1,18.19,0.0,18.19,7.58,10.61,0,C01295
505862,2025-01-21,1002,Bluetooth Speaker,Electronics,Asia Pacific,Mobile App,1,26.25,0.0,26.25,16.7,9.55,0,C01704
505863,2024-03-31,1022,Running Shoes,Sports,Asia Pacific,Mobile App,1,51.96,0.0,51.96,24.41,27.55,0,C01787
505864,2024-10-08,1002,Bluetooth Speaker,Electronics,Middle East,Website,3,26.25,0.0,78.75,50.1,28.65,0,C00409
505865,2025-01-21,1013,Sneakers,Apparel,Middle East,Website,1,39.27,0.0,39.27,19.98,19.29,0,C00075
505866,2025-02-26,1015,Face Serum,Beauty,Europe,Mobile App,1,80.28,0.15,68.24,50.57,17.67,0,C00674
505867,2025-06-07,1010,T-Shirt,Apparel,Europe,Marketplace,4,79.05,0.0,316.2,203.56,112.64,0,C00895
505868,2025-01-13,1022,Running Shoes,Sports,North America,Website,1,51.96,0.0,51.96,24.41,27.55,0,C01246
505869,2024-06-23,1000,Wireless Earbuds,Electronics,Middle East,Website,1,80.93,0.05,76.88,33.09,43.79,0,C00802
505870,2024-02-12,1020,Yoga Mat,Sports,Middle East,Mobile App,3,27.52,0.0,82.56,42.45,40.11,0,C00873
505871,2025-10-02,1015,Face Serum,Beauty,Latin America,Website,1,80.28,0.0,80.28,50.57,29.71,0,C00706
505872,2024-07-31,1010,T-Shirt,Apparel,Europe,Website,1,79.05,0.0,79.05,50.89,28.16,0,C01792
505873,2025-09-20,1013,Sneakers,Apparel,Middle East,Website,1,39.27,0.15,33.38,19.98,13.4,1,C00381
505874,2024-12-29,1019,Sunscreen,Beauty,North America,Mobile App,1,106.12,0.0,106.12,56.32,49.8,0,C00581
505875,2025-10-13,1022,Running Shoes,Sports,Middle East,Website,1,51.96,0.0,51.96,24.41,27.55,0,C00505
505876,2024-03-07,1020,Yoga Mat,Sports,North America,Website,1,27.52,0.05,26.14,14.15,11.99,0,C00740
505877,2024-02-18,1013,Sneakers,Apparel,North America,Marketplace,1,39.27,0.15,33.38,19.98,13.4,0,C00601
505878,2024-09-15,1004,USB-C Hub,Electronics,Middle East,Website,1,109.12,0.1,98.21,50.08,48.13,0,C00289
505879,2025-07-23,1008,Cookware Set,Home & Kitchen,Middle East,Mobile App,1,55.01,0.0,55.01,27.82,27.19,0,C00358
505880,2024-09-24,1018,Lipstick,Beauty,Asia Pacific,Marketplace,1,41.98,0.0,41.98,27.85,14.13,1,C00660
505881,2025-10-21,1003,Laptop Stand,Electronics,Europe,Mobile App,2,22.02,0.0,44.04,18.72,25.32,0,C01710
505882,2025-04-30,1011,Jeans,Apparel,Latin America,Marketplace,1,48.52,0.1,43.67,26.91,16.76,0,C01159
505883,2024-09-11,1014,Hoodie,Apparel,Middle East,Website,1,71.73,0.1,64.56,49.43,15.13,0,C00741
505884,2024-07-11,1016,Shampoo,Beauty,Middle East,Mobile App,2,24.14,0.0,48.28,19.76,28.52,0,C00523
505885,2025-02-13,1014,Hoodie,Apparel,Asia Pacific,Website,1,71.73,0.0,71.73,49.43,22.3,0,C01658
505886,2025-11-20,1004,USB-C Hub,Electronics,North America,Website,2,109.12,0.0,218.24,100.16,118.08,0,C01623
505887,2025-02-13,1009,Vacuum Cleaner,Home & Kitchen,Middle East,Mobile App,1,64.34,0.0,64.34,37.4,26.94,0,C00383
505888,2024-06-23,1022,Running Shoes,Sports,Middle East,Mobile App,3,51.96,0.05,148.09,73.23,74.86,0,C01421
505889,2025-11-16,1020,Yoga Mat,Sports,Asia Pacific,Website,1,27.52,0.0,27.52,14.15,13.37,0,C01730
505890,2024-06-11,1011,Jeans,Apparel,North America,Website,1,48.52,0.0,48.52,26.91,21.61,0,C00743
505891,2025-03-05,1000,Wireless Earbuds,Electronics,Europe,Website,1,80.93,0.15,68.79,33.09,35.7,0,C01492
505892,2025-06-25,1024,Resistance Bands,Sports,Latin America,Website,1,73.75,0.0,73.75,46.0,27.75,0,C00847
505893,2024-11-13,1020,Yoga Mat,Sports,Asia Pacific,Website,1,27.52,0.0,27.52,14.15,13.37,0,C00777
505894,2024-02-11,1009,Vacuum Cleaner,Home & Kitchen,Latin America,Website,1,64.34,0.0,64.34,37.4,26.94,0,C00310
505895,2025-10-08,1018,Lipstick,Beauty,Latin America,Website,1,41.98,0.1,37.78,27.85,9.93,0,C00208
505896,2025-01-17,1023,Water Bottle,Sports,Asia Pacific,Marketplace,2,55.97,0.15,95.15,56.76,38.39,0,C00302
505897,2024-02-13,1012,Jacket,Apparel,Europe,Website,2,88.76,0.0,177.52,78.42,99.1,0,C00277
505898,2024-08-22,1005,Air Fryer,Home & Kitchen,Asia Pacific,Website,1,16.13,0.0,16.13,6.54,9.59,0,C01412
505899,2025-11-30,1023,Water Bottle,Sports,Europe,Website,3,55.97,0.15,142.72,85.14,57.58,0,C01508
505900,2024-01-24,1022,Running Shoes,Sports,North America,Website,2,51.96,0.15,88.33,48.82,39.51,0,C00249
505901,2024-11-11,1019,Sunscreen,Beauty,Latin America,Mobile App,1,106.12,0.0,106.12,56.32,49.8,0,C00179
505902,2024-10-24,1024,Resistance Bands,Sports,Middle East,Mobile App,1,73.75,0.05,70.06,46.0,24.06,0,C01263
505903,2025-06-27,1002,Bluetooth Speaker,Electronics,Middle East,Marketplace,1,26.25,0.0,26.25,16.7,9.55,0,C00335
505904,2024-01-24,1017,Moisturizer,Beauty,Europe,Mobile App,2,177.23,0.15,301.29,154.84,146.45,0,C00398
505905,2025-01-12,1013,Sneakers,Apparel,Europe,Mobile App,3,39.27,0.0,117.81,59.94,57.87,0,C01675
505906,2025-05-27,1000,Wireless Earbuds,Electronics,Middle East,Website,1,80.93,0.0,80.93,33.09,47.84,0,C01153
505907,2024-10-09,1000,Wireless Earbuds,Electronics,Asia Pacific,Mobile App,2,80.93,0.0,161.86,66.18,95.68,0,C00438
505908,2024-05-17,1016,Shampoo,Beauty,Latin America,Mobile App,2,24.14,0.15,41.04,19.76,21.28,0,C00408
505909,2025-12-14,1022,Running Shoes,Sports,North America,Mobile App,1,51.96,0.0,51.96,24.41,27.55,0,C01106
505910,2024-12-14,1022,Running Shoes,Sports,North America,Website,1,51.96,0.0,51.96,24.41,27.55,0,C01054
505911,2025-10-16,1014,Hoodie,Apparel,North America,Marketplace,2,71.73,0.1,129.11,98.86,30.25,0,C01586
505912,2024-10-25,1008,Cookware Set,Home & Kitchen,Europe,Website,1,55.01,0.15,46.76,27.82,18.94,0,C00128
505913,2024-08-09,1016,Shampoo,Beauty,Europe,Marketplace,3,24.14,0.0,72.42,29.64,42.78,0,C00210
505914,2024-12-29,1005,Air Fryer,Home & Kitchen,Europe,Mobile App,1,16.13,0.05,15.32,6.54,8.78,0,C01254
505915,2024-09-20,1018,Lipstick,Beauty,Middle East,Website,2,41.98,0.0,83.96,55.7,28.26,0,C01555
505916,2025-12-26,1008,Cookware Set,Home & Kitchen,North America,Website,1,55.01,0.0,55.01,27.82,27.19,0,C01753
505917,2024-08-15,1013,Sneakers,Apparel,Europe,Mobile App,2,39.27,0.0,78.54,39.96,38.58,0,C00403
505918,2024-04-02,1018,Lipstick,Beauty,North America,Mobile App,2,41.98,0.1,75.56,55.7,19.86,0,C00631
505919,2025-04-10,1009,Vacuum Cleaner,Home & Kitchen,Middle East,Website,4,64.34,0.0,257.36,149.6,107.76,0,C01390
505920,2024-05-06,1000,Wireless Earbuds,Electronics,Middle East,Website,1,80.93,0.0,80.93,33.09,47.84,0,C01442
505921,2024-07-22,1020,Yoga Mat,Sports,Europe,Mobile App,2,27.52,0.05,52.29,28.3,23.99,0,C00185
505922,2025-10-08,1008,Cookware Set,Home & Kitchen,Europe,Website,3,55.01,0.0,165.03,83.46,81.57,0,C01425
505923,2024-05-17,1002,Bluetooth Speaker,Electronics,Latin America,Mobile App,1,26.25,0.0,26.25,16.7,9.55,0,C00109
505924,2024-08-19,1020,Yoga Mat,Sports,North America,Marketplace,1,27.52,0.1,24.77,14.15,10.62,0,C01493
505925,2024-02-05,1016,Shampoo,Beauty,North America,Marketplace,1,24.14,0.0,24.14,9.88,14.26,0,C01088
505926,2025-09-18,1011,Jeans,Apparel,Middle East,Website,1,48.52,0.05,46.09,26.91,19.18,0,C00120
505927,2024-12-01,1003,Laptop Stand,Electronics,Latin America,Website,2,22.02,0.0,44.04,18.72,25.32,0,C00366
505928,2025-05-27,1002,Bluetooth Speaker,Electronics,Latin America,Mobile App,1,26.25,0.05,24.94,16.7,8.24,0,C00692
505929,2025-06-21,1011,Jeans,Apparel,North America,Website,1,48.52,0.0,48.52,26.91,21.61,0,C01009
505930,2024-07-08,1017,Moisturizer,Beauty,Europe,Mobile App,3,177.23,0.05,505.11,232.26,272.85,0,C00867
505931,2024-01-31,1017,Moisturizer,Beauty,Middle East,Website,1,177.23,0.1,159.51,77.42,82.09,0,C00148
505932,2025-02-28,1014,Hoodie,Apparel,North America,Mobile App,1,71.73,0.0,71.73,49.43,22.3,0,C01095
505933,2025-09-03,1016,Shampoo,Beauty,Middle East,Marketplace,1,24.14,0.0,24.14,9.88,14.26,0,C00528
505934,2024-09-07,1016,Shampoo,Beauty,Latin America,Website,1,24.14,0.1,21.73,9.88,11.85,0,C01056
505935,2025-10-14,1017,Moisturizer,Beauty,Latin America,Website,1,177.23,0.0,177.23,77.42,99.81,0,C01026
505936,2024-10-17,1011,Jeans,Apparel,Middle East,Website,1,48.52,0.05,46.09,26.91,19.18,0,C00688
505937,2025-03-01,1015,Face Serum,Beauty,North America,Marketplace,1,80.28,0.0,80.28,50.57,29.71,0,C01687
505938,2025-11-27,1010,T-Shirt,Apparel,Europe,Website,2,79.05,0.15,134.38,101.78,32.6,0,C00803
505939,2025-09-16,1017,Moisturizer,Beauty,Asia Pacific,Website,1,177.23,0.0,177.23,77.42,99.81,0,C01051
505940,2024-02-29,1009,Vacuum Cleaner,Home & Kitchen,North America,Website,3,64.34,0.0,193.02,112.2,80.82,0,C01561
505941,2024-03-13,1000,Wireless Earbuds,Electronics,North America,Marketplace,1,80.93,0.1,72.84,33.09,39.75,0,C00683
505942,2025-10-16,1018,Lipstick,Beauty,Middle East,Website,1,41.98,0.15,35.68,27.85,7.83,0,C00898
505943,2025-07-06,1013,Sneakers,Apparel,Asia Pacific,Website,2,39.27,0.0,78.54,39.96,38.58,0,C00764
505944,2025-02-10,1014,Hoodie,Apparel,Middle East,Website,2,71.73,0.0,143.46,98.86,44.6,0,C00589
505945,2024-01-28,1013,Sneakers,Apparel,Middle East,Website,1,39.27,0.0,39.27,19.98,19.29,0,C00413
505946,2025-02-21,1009,Vacuum Cleaner,Home & Kitchen,Europe,Website,1,64.34,0.0,64.34,37.4,26.94,0,C00300
505947,2024-06-10,1019,Sunscreen,Beauty,Europe,Mobile App,1,106.12,0.0,106.12,56.32,49.8,0,C00200
505948,2025-06-01,1007,Blender,Home & Kitchen,Europe,Website,1,29.86,0.0,29.86,18.64,11.22,0,C01308
505949,2025-04-07,1024,Resistance Bands,Sports,Asia Pacific,Website,1,73.75,0.0,73.75,46.0,27.75,0,C00065
505950,2025-03-04,1001,Smart Watch,Electronics,North America,Website,1,123.31,0.0,123.31,59.9,63.41,0,C01795
505951,2024-02-07,1002,Bluetooth Speaker,Electronics,Asia Pacific,Website,1,26.25,0.0,26.25,16.7,9.55,0,C01432
505952,2025-07-02,1015,Face Serum,Beauty,Latin America,Marketplace,1,80.28,0.15,68.24,50.57,17.67,0,C00394
505953,2024-02-13,1022,Running Shoes,Sports,Asia Pacific,Mobile App,1,51.96,0.0,51.96,24.41,27.55,0,C01679
505954,2024-12-11,1015,Face Serum,Beauty,Europe,Website,1,80.28,0.0,80.28,50.57,29.71,0,C01769
505955,2025-02-08,1012,Jacket,Apparel,Latin America,Website,2,88.76,0.0,177.52,78.42,99.1,1,C01289
505956,2024-02-17,1020,Yoga Mat,Sports,Middle East,Mobile App,1,27.52,0.0,27.52,14.15,13.37,0,C00490
505957,2024-04-29,1017,Moisturizer,Beauty,Europe,Website,1,177.23,0.05,168.37,77.42,90.95,0,C00551
505958,2024-01-19,1009,Vacuum Cleaner,Home & Kitchen,North America,Marketplace,1,64.34,0.0,64.34,37.4,26.94,0,C01124
505959,2024-02-26,1020,Yoga Mat,Sports,Middle East,Marketplace,1,27.52,0.05,26.14,14.15,11.99,0,C00935
505960,2025-01-04,1009,Vacuum Cleaner,Home & Kitchen,Latin America,Website,2,64.34,0.15,109.38,74.8,34.58,0,C01720
505961,2025-09-14,1005,Air Fryer,Home & Kitchen,North America,Mobile App,2,16.13,0.05,30.65,13.08,17.57,0,C00689
505962,2024-01-28,1021,Dumbbells,Sports,Latin America,Website,1,18.19,0.15,15.46,7.58,7.88,0,C01128
505963,2025-04-11,1021,Dumbbells,Sports,North America,Website,1,18.19,0.0,18.19,7.58,10.61,0,C00532
505964,2024-08-05,1008,Cookware Set,Home & Kitchen,North America,Marketplace,1,55.01,0.0,55.01,27.82,27.19,0,C00188
505965,2024-08-11,1023,Water Bottle,Sports,Asia Pacific,Marketplace,3,55.97,0.05,159.51,85.14,74.37,0,C00970
505966,2024-12-30,1015,Face Serum,Beauty,North America,Mobile App,1,80.28,0.0,80.28,50.57,29.71,0,C00650
505967,2025-06-05,1006,Coffee Maker,Home & Kitchen,Middle East,Website,1,110.15,0.0,110.15,67.43,42.72,0,C01645
505968,2025-08-08,1022,Running Shoes,Sports,North America,Website,1,51.96,0.05,49.36,24.41,24.95,0,C01628
505969,2025-05-11,1018,Lipstick,Beauty,Latin America,Mobile App,1,41.98,0.0,41.98,27.85,14.13,0,C01790
505970,2025-10-21,1002,Bluetooth Speaker,Electronics,Europe,Mobile App,2,26.25,0.0,52.5,33.4,19.1,1,C01092
505971,2025-06-21,1005,Air Fryer,Home & Kitchen,Asia Pacific,Website,1,16.13,0.1,14.52,6.54,7.98,0,C01329
505972,2024-02-11,1024,Resistance Bands,Sports,North America,Website,2,73.75,0.0,147.5,92.0,55.5,0,C00226
505973,2025-07-21,1018,Lipstick,Beauty,North America,Mobile App,2,41.98,0.0,83.96,55.7,28.26,0,C00431
505974,2025-04-03,1007,Blender,Home & Kitchen,Europe,Website,1,29.86,0.0,29.86,18.64,11.22,0,C00325
505975,2024-08-31,1013,Sneakers,Apparel,Latin America,Marketplace,1,39.27,0.05,37.31,19.98,17.33,0,C01733
505976,2025-07-17,1018,Lipstick,Beauty,Middle East,Website,1,41.98,0.0,41.98,27.85,14.13,0,C01634
505977,2024-02-17,1001,Smart Watch,Electronics,Europe,Website,2,123.31,0.15,209.63,119.8,89.83,0,C01576
505978,2025-01-18,1010,T-Shirt,Apparel,Middle East,Mobile App,2,79.05,0.0,158.1,101.78,56.32,0,C00037
505979,2024-02-24,1002,Bluetooth Speaker,Electronics,North America,Mobile App,1,26.25,0.0,26.25,16.7,9.55,0,C01220
505980,2025-04-07,1005,Air Fryer,Home & Kitchen,North America,Mobile App,1,16.13,0.0,16.13,6.54,9.59,0,C01660
505981,2024-02-18,1008,Cookware Set,Home & Kitchen,Middle East,Website,1,55.01,0.0,55.01,27.82,27.19,0,C00151
505982,2025-08-01,1021,Dumbbells,Sports,Middle East,Mobile App,1,18.19,0.0,18.19,7.58,10.61,0,C00584
505983,2024-10-23,1024,Resistance Bands,Sports,Asia Pacific,Mobile App,1,73.75,0.1,66.38,46.0,20.38,1,C00398
505984,2024-01-17,1019,Sunscreen,Beauty,Latin America,Marketplace,1,106.12,0.0,106.12,56.32,49.8,0,C00235
505985,2025-08-19,1004,USB-C Hub,Electronics,Europe,Website,1,109.12,0.0,109.12,50.08,59.04,0,C00313
505986,2025-09-04,1018,Lipstick,Beauty,Middle East,Mobile App,2,41.98,0.0,83.96,55.7,28.26,0,C01555
505987,2025-10-02,1003,Laptop Stand,Electronics,Latin America,Mobile App,1,22.02,0.0,22.02,9.36,12.66,0,C01452
505988,2025-08-09,1009,Vacuum Cleaner,Home & Kitchen,Latin America,Marketplace,1,64.34,0.0,64.34,37.4,26.94,0,C00457
505989,2025-11-03,1007,Blender,Home & Kitchen,Asia Pacific,Mobile App,1,29.86,0.0,29.86,18.64,11.22,1,C00886
505990,2025-10-19,1021,Dumbbells,Sports,Middle East,Mobile App,1,18.19,0.15,15.46,7.58,7.88,0,C01595
505991,2025-11-23,1009,Vacuum Cleaner,Home & Kitchen,Latin America,Website,1,64.34,0.0,64.34,37.4,26.94,0,C01044
505992,2025-06-18,1012,Jacket,Apparel,Asia Pacific,Website,1,88.76,0.05,84.32,39.21,45.11,0,C00717
505993,2025-01-09,1011,Jeans,Apparel,Middle East,Website,2,48.52,0.0,97.04,53.82,43.22,0,C01424
505994,2025-08-05,1004,USB-C Hub,Electronics,Europe,Website,1,109.12,0.0,109.12,50.08,59.04,0,C00097
505995,2025-08-01,1008,Cookware Set,Home & Kitchen,North America,Website,1,55.01,0.0,55.01,27.82,27.19,0,C00314
505996,2025-05-27,1015,Face Serum,Beauty,Asia Pacific,Mobile App,2,80.28,0.05,152.53,101.14,51.39,0,C00419
505997,2024-07-18,1006,Coffee Maker,Home & Kitchen,Europe,Marketplace,1,110.15,0.0,110.15,67.43,42.72,0,C00884
505998,2024-04-20,1022,Running Shoes,Sports,Europe,Mobile App,1,51.96,0.0,51.96,24.41,27.55,0,C00516
505999,2024-08-16,1018,Lipstick,Beauty,Asia Pacific,Mobile App,1,41.98,0.0,41.98,27.85,14.13,0,C01369
